hospital_name,district,city,speciality,hospital_rating,success_rate,service_readiness_pct,ranking_score,speciality_rank,overall_rank,no_of_patients_treated
Apex Medical Centre - Bathinda,Bathinda,Khanna,General Surgery,4.9,81.3,43.75,92.99,1,1,10000
Lifeline Medical Centre - Tarn Taran,Tarn Taran,Bathinda,Cardiology,4.9,80.9,43.75,92.87,1,2,10137
Sewa Healthcare - Ferozepur,Ferozepur,Jalandhar,Oncology,4.9,80.7,37.5,92.81,1,3,10274
Maharaja Ranjit Singh Healthcare - Gurdaspur,Gurdaspur,Mansa,ENT,4.9,79.5,37.5,92.45,1,4,10411
Healing Touch Multispeciality Hospital - Amritsar,Amritsar,Rajpura,Urology,4.9,79.4,43.75,92.42,1,5,10548
Healing Touch Multispeciality Hospital - Fazilka,Fazilka,Gurdaspur,Neurology,4.9,79.3,43.75,92.39,1,6,10685
Lifeline Hospital - Rupnagar,Rupnagar,Nawanshahr,Gastroenterology,4.9,79.0,43.75,92.3,1,7,10822
City Care Hospital - Moga,Moga,Amritsar,Nephrology,4.9,79.0,37.5,92.3,1,8,10959
Shivalik Hospital - Nawanshahr,Nawanshahr,Patiala,General Surgery,4.9,78.8,43.75,92.24,2,9,11096
Prime Care Hospital - Fatehgarh Sahib,Fatehgarh Sahib,Barnala,Dermatology,4.9,78.7,37.5,92.21,1,10,11233
Medicare Multispeciality Hospital - Amritsar,Amritsar,Moga,ENT,4.9,78.6,43.75,92.18,2,11,11370
City Care Medical Centre - Sangrur,Sangrur,Firozpur,Neurology,4.9,78.5,43.75,92.15,2,12,11507
Shivalik Medical Centre - Amritsar,Amritsar,Rupnagar,Cardiology,4.9,78.4,37.5,92.12,2,13,11644
Sunrise Medical Centre - Kapurthala,Kapurthala,Mansa,Gastroenterology,4.9,78.4,31.25,92.12,2,14,11781
Healing Touch Healthcare - Ferozepur,Ferozepur,Firozpur,Urology,4.9,78.4,31.25,92.12,2,15,11918
Guru Nanak Medical Centre - Barnala,Barnala,Khanna,ENT,4.9,78.3,43.75,92.09,3,16,12055
Shivalik Healthcare - Fatehgarh Sahib,Fatehgarh Sahib,Jalandhar,Orthopedics,4.9,78.3,37.5,92.09,1,17,12192
Shivalik Medical Centre - Mansa,Mansa,Bathinda,General Medicine,4.9,78.1,37.5,92.03,1,18,12329
Guru Nanak Medical Centre - Ludhiana,Ludhiana,Kapurthala,Ophthalmology,4.9,78.0,43.75,92.0,1,19,12466
Sunrise Multispeciality Hospital - Pathankot,Pathankot,Phagwara,Pulmonology,4.9,77.9,43.75,91.97,1,20,12603
Guru Nanak Medical Centre - Gurdaspur,Gurdaspur,Hoshiarpur,Dermatology,4.9,77.7,37.5,91.91,2,21,12740
Sewa Healthcare - Tarn Taran,Tarn Taran,Mansa,Pediatrics,4.9,77.7,37.5,91.91,1,22,12877
Punjab Healthcare - Ferozepur,Ferozepur,Sangrur,General Surgery,4.9,77.6,37.5,91.88,3,23,13014
Mata Kaushalya Hospital - Muktsar,Muktsar,Pathankot,Pediatrics,4.9,77.6,31.25,91.88,2,24,13151
Maharaja Ranjit Singh Multispeciality Hospital - Tarn Taran,Tarn Taran,Mohali,Orthopedics,4.9,77.5,43.75,91.85,2,25,13288
Maharaja Ranjit Singh Multispeciality Hospital - Ferozepur,Ferozepur,Abohar,Oncology,4.9,77.4,37.5,91.82,2,26,13425
Lifeline Healthcare - SAS Nagar,SAS Nagar,Firozpur,Pediatrics,4.9,77.4,31.25,91.82,3,27,13562
Guru Nanak Multispeciality Hospital - Ludhiana,Ludhiana,Abohar,Dermatology,4.9,77.3,43.75,91.79,3,28,13699
Sunrise Medical Centre - Ludhiana,Ludhiana,Bathinda,General Medicine,4.9,77.3,50.0,91.79,2,29,13836
Mata Kaushalya Hospital - Faridkot,Faridkot,Barnala,Orthopedics,4.9,77.3,37.5,91.79,3,30,13973
Fortune Hospital - Bathinda,Bathinda,Moga,ENT,4.9,77.2,37.5,91.76,4,31,14110
Fortune Multispeciality Hospital - Barnala,Barnala,Rajpura,Oncology,4.9,77.2,31.25,91.76,3,32,14247
Maharaja Ranjit Singh Medical Centre - Sangrur,Sangrur,Patiala,Cardiology,4.9,77.1,37.5,91.73,3,33,14384
City Care Healthcare - Muktsar,Muktsar,Kapurthala,Pulmonology,4.9,77.1,37.5,91.73,2,34,14521
Guru Nanak Healthcare - Moga,Moga,Patiala,Cardiology,4.9,77.0,37.5,91.7,4,35,14658
Guru Nanak Healthcare - SAS Nagar,SAS Nagar,Abohar,Dermatology,4.9,77.0,37.5,91.7,4,36,14795
Shivalik Hospital - Hoshiarpur,Hoshiarpur,Malerkotla,ENT,4.9,77.0,37.5,91.7,5,37,14932
City Care Hospital - Malerkotla,Malerkotla,Pathankot,General Medicine,4.9,77.0,37.5,91.7,3,38,15069
Apex Medical Centre - Gurdaspur,Gurdaspur,Malerkotla,Pediatrics,4.9,77.0,43.75,91.7,4,39,15206
Healing Touch Multispeciality Hospital - Gurdaspur,Gurdaspur,Malerkotla,Pediatrics,4.8,81.6,50.0,91.68,11,40,15343
Fortune Healthcare - Jalandhar,Jalandhar,Nawanshahr,Dermatology,4.9,76.9,37.5,91.67,5,41,15480
Shivalik Healthcare - Pathankot,Pathankot,Hoshiarpur,General Medicine,4.9,76.9,37.5,91.67,4,42,15617
Fortune Hospital - Mansa,Mansa,Patiala,Nephrology,4.9,76.9,31.25,91.67,2,43,15754
City Care Multispeciality Hospital - Moga,Moga,Phagwara,Cardiology,4.9,76.8,37.5,91.64,5,44,15891
Mata Kaushalya Hospital - Hoshiarpur,Hoshiarpur,Moga,General Surgery,4.9,76.8,37.5,91.64,4,45,16028
Maharaja Ranjit Singh Hospital - Rupnagar,Rupnagar,Mohali,Ophthalmology,4.9,76.8,37.5,91.64,2,46,16165
City Care Multispeciality Hospital - Tarn Taran,Tarn Taran,Abohar,Pediatrics,4.9,76.8,37.5,91.64,5,47,16302
Fortune Medical Centre - Gurdaspur,Gurdaspur,Sangrur,Cardiology,4.9,76.7,31.25,91.61,6,48,16439
Healing Touch Healthcare - Mansa,Mansa,Jalandhar,Cardiology,4.9,76.7,31.25,91.61,7,49,16576
Apex Hospital - Gurdaspur,Gurdaspur,Mansa,Orthopedics,4.9,76.6,31.25,91.58,4,50,16713
Punjab Multispeciality Hospital - Sangrur,Sangrur,Nawanshahr,General Medicine,4.9,76.5,31.25,91.55,5,51,16850
Prime Care Medical Centre - Muktsar,Muktsar,Kapurthala,Orthopedics,4.9,76.5,43.75,91.55,5,52,16987
Medicare Healthcare - Kapurthala,Kapurthala,Pathankot,Pulmonology,4.9,76.5,37.5,91.55,3,53,17124
Lifeline Hospital - Rupnagar,Rupnagar,Firozpur,Gastroenterology,4.8,81.1,37.5,91.53,22,54,17261
Sewa Multispeciality Hospital - Fazilka,Fazilka,Bathinda,Cardiology,4.9,76.4,37.5,91.52,8,55,17398
Prime Care Multispeciality Hospital - Fatehgarh Sahib,Fatehgarh Sahib,Pathankot,ENT,4.9,76.4,31.25,91.52,6,56,17535
Lifeline Multispeciality Hospital - Tarn Taran,Tarn Taran,Amritsar,Gastroenterology,4.9,76.4,37.5,91.52,3,57,17672
Mata Kaushalya Multispeciality Hospital - Hoshiarpur,Hoshiarpur,Sangrur,Gastroenterology,4.9,76.4,37.5,91.52,4,58,17809
City Care Multispeciality Hospital - Gurdaspur,Gurdaspur,Patiala,Gynecology,4.9,76.4,43.75,91.52,1,59,17946
Healing Touch Healthcare - Rupnagar,Rupnagar,Rajpura,Orthopedics,4.9,76.4,37.5,91.52,6,60,18083
Healing Touch Healthcare - Tarn Taran,Tarn Taran,Mohali,Cardiology,4.9,76.3,37.5,91.49,10,61,18220
Mata Kaushalya Multispeciality Hospital - Jalandhar,Jalandhar,Moga,Cardiology,4.9,76.3,31.25,91.49,9,62,18357
Shivalik Healthcare - Gurdaspur,Gurdaspur,Khanna,Dermatology,4.9,76.3,31.25,91.49,6,63,18494
Medicare Medical Centre - Hoshiarpur,Hoshiarpur,Ludhiana,Oncology,4.9,76.3,31.25,91.49,4,64,18631
Sewa Medical Centre - Tarn Taran,Tarn Taran,Patiala,Oncology,4.9,76.3,37.5,91.49,5,65,18768
Guru Nanak Healthcare - Pathankot,Pathankot,Firozpur,Oncology,4.9,76.2,43.75,91.46,7,66,18905
Lifeline Hospital - Gurdaspur,Gurdaspur,Khanna,Oncology,4.9,76.2,31.25,91.46,6,67,19042
Medicare Healthcare - Moga,Moga,Nawanshahr,ENT,4.9,76.1,31.25,91.43,7,68,19179
City Care Hospital - Mansa,Mansa,Kapurthala,Ophthalmology,4.9,76.1,37.5,91.43,3,69,19316
Apex Healthcare - Bathinda,Bathinda,Malerkotla,Pediatrics,4.9,76.1,37.5,91.43,6,70,19453
Sewa Healthcare - Jalandhar,Jalandhar,Firozpur,Urology,4.9,76.1,37.5,91.43,3,71,19590
City Care Multispeciality Hospital - SAS Nagar,SAS Nagar,Amritsar,ENT,4.9,76.0,37.5,91.4,8,72,19727
Lifeline Multispeciality Hospital - Muktsar,Muktsar,Barnala,General Medicine,4.9,76.0,31.25,91.4,6,73,19864
Shivalik Medical Centre - Tarn Taran,Tarn Taran,Phagwara,Gynecology,4.9,76.0,25.0,91.4,2,74,20001
Sewa Multispeciality Hospital - Fatehgarh Sahib,Fatehgarh Sahib,Mansa,Nephrology,4.9,76.0,37.5,91.4,3,75,20138
Sewa Healthcare - Ludhiana,Ludhiana,Patiala,Urology,4.9,76.0,31.25,91.4,4,76,20275
Maharaja Ranjit Singh Medical Centre - Amritsar,Amritsar,Amritsar,ENT,4.9,75.9,37.5,91.37,9,77,20412
Fortune Hospital - Faridkot,Faridkot,Muktsar,Gastroenterology,4.9,75.9,25.0,91.37,5,78,20549
Lifeline Medical Centre - Muktsar,Muktsar,Rajpura,General Surgery,4.9,75.9,37.5,91.37,5,79,20686
Sunrise Healthcare - Barnala,Barnala,Sangrur,Nephrology,4.9,75.9,18.75,91.37,4,80,20823
Mata Kaushalya Medical Centre - Moga,Moga,Moga,Neurology,4.9,75.9,37.5,91.37,4,81,20960
Shivalik Hospital - Muktsar,Muktsar,Nawanshahr,Neurology,4.9,75.9,37.5,91.37,3,82,21097
Healing Touch Hospital - Hoshiarpur,Hoshiarpur,Hoshiarpur,Urology,4.9,75.9,31.25,91.37,5,83,21234
Fortune Medical Centre - Patiala,Patiala,Jalandhar,Cardiology,4.9,75.8,43.75,91.34,12,84,21371
Maharaja Ranjit Singh Hospital - Moga,Moga,Mansa,Cardiology,4.9,75.8,31.25,91.34,11,85,21508
Prime Care Multispeciality Hospital - Patiala,Patiala,Phagwara,Pediatrics,4.9,75.8,25.0,91.34,7,86,21645
Mata Kaushalya Medical Centre - Nawanshahr,Nawanshahr,Jalandhar,Pulmonology,4.9,75.8,43.75,91.34,4,87,21782
Lifeline Medical Centre - Faridkot,Faridkot,Muktsar,Orthopedics,4.8,80.3,43.75,91.29,17,88,21919
Apex Medical Centre - Faridkot,Faridkot,Mansa,Pulmonology,4.8,80.2,43.75,91.26,14,89,22056
Lifeline Healthcare - Ferozepur,Ferozepur,Muktsar,Gastroenterology,4.9,75.5,31.25,91.25,6,90,22193
Lifeline Medical Centre - Gurdaspur,Gurdaspur,Rupnagar,General Surgery,4.9,75.5,31.25,91.25,6,91,22330
Lifeline Hospital - Rupnagar,Rupnagar,Amritsar,Orthopedics,4.9,75.5,37.5,91.25,7,92,22467
Shivalik Hospital - Tarn Taran,Tarn Taran,Pathankot,Urology,4.9,75.5,37.5,91.25,6,93,22604
Mata Kaushalya Healthcare - Pathankot,Pathankot,Pathankot,Dermatology,4.8,80.1,43.75,91.23,18,94,22741
Mata Kaushalya Medical Centre - Pathankot,Pathankot,Rajpura,Nephrology,4.8,80.1,43.75,91.23,16,95,22878
Shaheed Bhagat Singh Healthcare - Fatehgarh Sahib,Fatehgarh Sahib,Amritsar,General Medicine,4.9,75.4,31.25,91.22,7,96,23015
Sunrise Multispeciality Hospital - Tarn Taran,Tarn Taran,Barnala,Neurology,4.9,75.4,25.0,91.22,5,97,23152
Healing Touch Healthcare - Patiala,Patiala,Phagwara,ENT,4.8,80.0,50.0,91.2,16,98,23289
Lifeline Multispeciality Hospital - Amritsar,Amritsar,Firozpur,Dermatology,4.9,75.3,31.25,91.19,7,99,23426
Maharaja Ranjit Singh Healthcare - Kapurthala,Kapurthala,Khanna,General Medicine,4.9,75.3,37.5,91.19,8,100,23563
Fortune Medical Centre - Fatehgarh Sahib,Fatehgarh Sahib,Pathankot,Orthopedics,4.9,75.3,43.75,91.19,8,101,23700
Punjab Medical Centre - Sangrur,Sangrur,Hoshiarpur,Orthopedics,4.9,75.3,31.25,91.19,9,102,23837
Shaheed Bhagat Singh Healthcare - Sangrur,Sangrur,Rupnagar,Urology,4.9,75.3,37.5,91.19,7,103,23974
Sunrise Multispeciality Hospital - Ludhiana,Ludhiana,Muktsar,ENT,4.9,75.2,31.25,91.16,10,104,24111
Shaheed Bhagat Singh Healthcare - Ferozepur,Ferozepur,Khanna,Oncology,4.9,75.2,37.5,91.16,8,105,24248
Healing Touch Medical Centre - Faridkot,Faridkot,Mohali,Oncology,4.8,79.8,43.75,91.14,21,106,24385
Healing Touch Healthcare - Nawanshahr,Nawanshahr,Amritsar,Cardiology,4.9,75.1,43.75,91.13,13,107,24522
City Care Multispeciality Hospital - Barnala,Barnala,Firozpur,Dermatology,4.9,75.1,31.25,91.13,8,108,24659
Apex Medical Centre - Ludhiana,Ludhiana,Malerkotla,General Medicine,4.8,79.7,37.5,91.11,15,109,24796
Guru Nanak Hospital - Mansa,Mansa,Moga,Gastroenterology,4.9,75.0,37.5,91.1,7,110,24933
Guru Nanak Hospital - Gurdaspur,Gurdaspur,Phagwara,Pulmonology,4.9,75.0,37.5,91.1,5,111,25070
Maharaja Ranjit Singh Multispeciality Hospital - Faridkot,Faridkot,Patiala,Oncology,4.9,74.9,37.5,91.07,9,112,25207
Maharaja Ranjit Singh Healthcare - Fazilka,Fazilka,Jalandhar,General Surgery,4.9,74.8,31.25,91.04,7,113,25344
City Care Multispeciality Hospital - Fazilka,Fazilka,Hoshiarpur,Oncology,4.9,74.8,31.25,91.04,10,114,25481
Lifeline Hospital - Barnala,Barnala,Kapurthala,ENT,4.8,79.4,31.25,91.02,17,115,25618
Apex Healthcare - Muktsar,Muktsar,Barnala,Dermatology,4.9,74.7,31.25,91.01,9,116,25755
Shaheed Bhagat Singh Medical Centre - Nawanshahr,Nawanshahr,Ludhiana,Nephrology,4.9,74.7,31.25,91.01,5,117,25892
Healing Touch Healthcare - Mansa,Mansa,Abohar,Cardiology,4.9,74.6,31.25,90.98,14,118,26029
Healing Touch Hospital - Jalandhar,Jalandhar,Phagwara,Nephrology,4.9,74.6,31.25,90.98,6,119,26166
Shaheed Bhagat Singh Medical Centre - Bathinda,Bathinda,Barnala,Neurology,4.9,74.6,37.5,90.98,6,120,26303
City Care Medical Centre - Patiala,Patiala,Jalandhar,Urology,4.9,74.6,37.5,90.98,8,121,26440
Punjab Medical Centre - Malerkotla,Malerkotla,Gurdaspur,Dermatology,4.9,74.5,31.25,90.95,10,122,26577
Healing Touch Hospital - Kapurthala,Kapurthala,Ludhiana,Gastroenterology,4.9,74.5,18.75,90.95,8,123,26714
Punjab Multispeciality Hospital - Rupnagar,Rupnagar,Jalandhar,Nephrology,4.9,74.5,31.25,90.95,7,124,26851
Lifeline Multispeciality Hospital - Patiala,Patiala,Phagwara,Urology,4.9,74.5,31.25,90.95,9,125,26988
Punjab Medical Centre - SAS Nagar,SAS Nagar,Kapurthala,Urology,4.9,74.5,25.0,90.95,10,126,27125
Sewa Medical Centre - Fazilka,Fazilka,Pathankot,Cardiology,4.9,74.4,31.25,90.92,15,127,27262
Healing Touch Healthcare - Malerkotla,Malerkotla,Rajpura,Nephrology,4.9,74.4,31.25,90.92,8,128,27399
City Care Medical Centre - Sangrur,Sangrur,Malerkotla,Orthopedics,4.9,74.4,31.25,90.92,10,129,27536
Shaheed Bhagat Singh Medical Centre - Faridkot,Faridkot,Moga,Pediatrics,4.9,74.4,31.25,90.92,8,130,27673
Apex Healthcare - Ludhiana,Ludhiana,Gurdaspur,Pulmonology,4.9,74.4,31.25,90.92,6,131,27810
Apex Medical Centre - Malerkotla,Malerkotla,Rupnagar,Gynecology,4.8,79.0,31.25,90.9,14,132,27947
Apex Medical Centre - Faridkot,Faridkot,Patiala,Gastroenterology,4.9,74.3,37.5,90.89,9,133,28084
Prime Care Hospital - Ludhiana,Ludhiana,Mohali,Gynecology,4.9,74.3,25.0,90.89,3,134,28221
Medicare Medical Centre - Bathinda,Bathinda,Kapurthala,Neurology,4.9,74.3,25.0,90.89,7,135,28358
Lifeline Multispeciality Hospital - Nawanshahr,Nawanshahr,Khanna,Dermatology,4.8,78.9,50.0,90.87,19,136,28495
Guru Nanak Multispeciality Hospital - Fazilka,Fazilka,Mohali,General Surgery,4.9,74.2,31.25,90.86,9,137,28632
Medicare Medical Centre - Ferozepur,Ferozepur,Phagwara,General Surgery,4.9,74.2,31.25,90.86,8,138,28769
Healing Touch Hospital - Pathankot,Pathankot,Barnala,Urology,4.9,74.2,25.0,90.86,11,139,28906
Fortune Hospital - Fatehgarh Sahib,Fatehgarh Sahib,Kapurthala,General Surgery,4.9,74.1,25.0,90.83,10,140,29043
Mata Kaushalya Healthcare - Malerkotla,Malerkotla,Amritsar,General Surgery,4.9,74.1,31.25,90.83,11,141,29180
Mata Kaushalya Multispeciality Hospital - Moga,Moga,Bathinda,Oncology,4.9,74.1,25.0,90.83,12,142,29317
Prime Care Healthcare - Sangrur,Sangrur,Barnala,Oncology,4.9,74.1,37.5,90.83,11,143,29454
Sunrise Multispeciality Hospital - Jalandhar,Jalandhar,Kapurthala,Ophthalmology,4.9,74.1,25.0,90.83,4,144,29591
Medicare Healthcare - Patiala,Patiala,Mohali,Dermatology,4.8,78.7,43.75,90.81,20,145,29728
Prime Care Medical Centre - Muktsar,Muktsar,Mohali,Dermatology,4.9,74.0,25.0,90.8,11,146,29865
Punjab Multispeciality Hospital - Fatehgarh Sahib,Fatehgarh Sahib,Gurdaspur,Oncology,4.9,74.0,25.0,90.8,13,147,30002
Medicare Hospital - Kapurthala,Kapurthala,Mohali,Ophthalmology,4.9,74.0,31.25,90.8,5,148,30139
Mata Kaushalya Medical Centre - Tarn Taran,Tarn Taran,Amritsar,Gastroenterology,4.8,78.6,43.75,90.78,23,149,30276
Punjab Multispeciality Hospital - Bathinda,Bathinda,Malerkotla,Dermatology,4.9,73.9,37.5,90.77,12,150,30413
Guru Nanak Multispeciality Hospital - Hoshiarpur,Hoshiarpur,Kapurthala,ENT,4.9,73.9,31.25,90.77,11,151,30550
Guru Nanak Medical Centre - Fatehgarh Sahib,Fatehgarh Sahib,Patiala,Gynecology,4.9,73.9,25.0,90.77,4,152,30687
Healing Touch Medical Centre - Mansa,Mansa,Phagwara,Nephrology,4.9,73.9,25.0,90.77,9,153,30824
Sunrise Hospital - Amritsar,Amritsar,Amritsar,Ophthalmology,4.9,73.9,31.25,90.77,7,154,30961
Sunrise Hospital - Ferozepur,Ferozepur,Nawanshahr,Ophthalmology,4.9,73.9,25.0,90.77,6,155,31098
Apex Multispeciality Hospital - Ferozepur,Ferozepur,Rajpura,Cardiology,4.8,78.5,37.5,90.75,25,156,31235
Mata Kaushalya Hospital - Barnala,Barnala,Kapurthala,Gynecology,4.8,78.5,37.5,90.75,15,157,31372
Apex Hospital - Sangrur,Sangrur,Bathinda,Gastroenterology,4.9,73.8,37.5,90.74,10,158,31509
Guru Nanak Hospital - Hoshiarpur,Hoshiarpur,Ludhiana,General Surgery,4.9,73.8,37.5,90.74,13,159,31646
Mata Kaushalya Medical Centre - Pathankot,Pathankot,Barnala,General Surgery,4.9,73.8,31.25,90.74,12,160,31783
Mata Kaushalya Multispeciality Hospital - Kapurthala,Kapurthala,Rupnagar,Nephrology,4.9,73.8,31.25,90.74,10,161,31920
City Care Multispeciality Hospital - Malerkotla,Malerkotla,Ludhiana,Neurology,4.9,73.8,25.0,90.74,8,162,32057
Fortune Medical Centre - Fatehgarh Sahib,Fatehgarh Sahib,Moga,Orthopedics,4.9,73.8,31.25,90.74,11,163,32194
Prime Care Hospital - Gurdaspur,Gurdaspur,Mohali,Pediatrics,4.9,73.8,25.0,90.74,9,164,32331
Sunrise Healthcare - Moga,Moga,Patiala,Cardiology,4.9,73.7,37.5,90.71,16,165,32468
Prime Care Medical Centre - Nawanshahr,Nawanshahr,Bathinda,Dermatology,4.9,73.7,25.0,90.71,13,166,32605
Sewa Medical Centre - Nawanshahr,Nawanshahr,Sangrur,ENT,4.9,73.7,37.5,90.71,12,167,32742
Prime Care Healthcare - Ludhiana,Ludhiana,Pathankot,General Medicine,4.9,73.7,25.0,90.71,9,168,32879
Mata Kaushalya Medical Centre - Faridkot,Faridkot,Kapurthala,Ophthalmology,4.9,73.7,37.5,90.71,8,169,33016
Shaheed Bhagat Singh Multispeciality Hospital - Bathinda,Bathinda,Gurdaspur,Ophthalmology,4.9,73.7,31.25,90.71,9,170,33153
Fortune Healthcare - Bathinda,Bathinda,Pathankot,Neurology,4.8,78.3,37.5,90.69,14,171,33290
Sunrise Multispeciality Hospital - Sangrur,Sangrur,Bathinda,Dermatology,4.9,73.6,31.25,90.68,14,172,33427
Shivalik Healthcare - Kapurthala,Kapurthala,Moga,General Surgery,4.9,73.6,37.5,90.68,14,173,33564
Healing Touch Medical Centre - Fazilka,Fazilka,Moga,Neurology,4.9,73.6,25.0,90.68,9,174,33701
Apex Multispeciality Hospital - Moga,Moga,Gurdaspur,Orthopedics,4.9,73.6,31.25,90.68,12,175,33838
Lifeline Healthcare - Pathankot,Pathankot,Mohali,Pediatrics,4.8,78.2,31.25,90.66,12,176,33975
Mata Kaushalya Hospital - Ludhiana,Ludhiana,Jalandhar,Dermatology,4.9,73.5,25.0,90.65,15,177,34112
Maharaja Ranjit Singh Multispeciality Hospital - Bathinda,Bathinda,Jalandhar,ENT,4.9,73.5,31.25,90.65,13,178,34249
Medicare Medical Centre - Nawanshahr,Nawanshahr,Ludhiana,Gastroenterology,4.9,73.5,37.5,90.65,11,179,34386
Sewa Multispeciality Hospital - Kapurthala,Kapurthala,Bathinda,Gynecology,4.9,73.5,37.5,90.65,5,180,34523
City Care Multispeciality Hospital - Fazilka,Fazilka,Rajpura,Orthopedics,4.9,73.5,37.5,90.65,13,181,34660
Shaheed Bhagat Singh Medical Centre - Moga,Moga,Rajpura,ENT,4.8,78.1,37.5,90.63,18,182,34797
Punjab Hospital - Mansa,Mansa,Abohar,General Surgery,4.8,78.1,43.75,90.63,21,183,34934
Medicare Multispeciality Hospital - Bathinda,Bathinda,Rupnagar,Neurology,4.8,78.1,37.5,90.63,15,184,35071
Shaheed Bhagat Singh Multispeciality Hospital - Amritsar,Amritsar,Sangrur,Orthopedics,4.8,78.1,43.75,90.63,18,185,35208
Sewa Medical Centre - Faridkot,Faridkot,Amritsar,Pediatrics,4.8,78.1,37.5,90.63,13,186,35345
Maharaja Ranjit Singh Hospital - Fazilka,Fazilka,Khanna,Orthopedics,4.9,73.4,25.0,90.62,14,187,35482
Lifeline Hospital - Ludhiana,Ludhiana,Sangrur,ENT,4.9,73.3,31.25,90.59,14,188,35619
City Care Healthcare - Moga,Moga,Amritsar,Gastroenterology,4.9,73.3,25.0,90.59,13,189,35756
Mata Kaushalya Multispeciality Hospital - Hoshiarpur,Hoshiarpur,Patiala,Gastroenterology,4.9,73.3,18.75,90.59,12,190,35893
Healing Touch Hospital - Ludhiana,Ludhiana,Rajpura,Pulmonology,4.9,73.3,31.25,90.59,8,191,36030
Shivalik Healthcare - Fazilka,Fazilka,Moga,Pulmonology,4.9,73.3,31.25,90.59,7,192,36167
Healing Touch Medical Centre - Bathinda,Bathinda,Bathinda,Cardiology,4.8,77.9,43.75,90.57,26,193,36304
Lifeline Hospital - Rupnagar,Rupnagar,Khanna,Cardiology,4.9,73.2,31.25,90.56,17,194,36441
City Care Medical Centre - Ferozepur,Ferozepur,Mohali,Gastroenterology,4.9,73.2,31.25,90.56,14,195,36578
Fortune Medical Centre - SAS Nagar,SAS Nagar,Muktsar,General Medicine,4.9,73.2,25.0,90.56,11,196,36715
Guru Nanak Multispeciality Hospital - Malerkotla,Malerkotla,Firozpur,General Medicine,4.9,73.2,25.0,90.56,10,197,36852
Healing Touch Medical Centre - Patiala,Patiala,Mansa,Nephrology,4.9,73.2,18.75,90.56,11,198,36989
Sewa Multispeciality Hospital - Faridkot,Faridkot,Abohar,Ophthalmology,4.9,73.2,25.0,90.56,10,199,37126
Apex Medical Centre - Mansa,Mansa,Rajpura,Pediatrics,4.8,77.8,43.75,90.54,14,200,37263
Guru Nanak Hospital - Faridkot,Faridkot,Muktsar,Urology,4.9,73.1,31.25,90.53,12,201,37400
Healing Touch Medical Centre - Ferozepur,Ferozepur,Muktsar,Dermatology,4.8,77.7,43.75,90.51,21,202,37537
Shivalik Multispeciality Hospital - Fatehgarh Sahib,Fatehgarh Sahib,Ludhiana,ENT,4.8,77.7,43.75,90.51,19,203,37674
City Care Medical Centre - Amritsar,Amritsar,Phagwara,Cardiology,4.9,73.0,25.0,90.5,18,204,37811
Apex Hospital - Patiala,Patiala,Nawanshahr,Pediatrics,4.9,73.0,31.25,90.5,10,205,37948
Shivalik Healthcare - Mansa,Mansa,Hoshiarpur,Ophthalmology,4.8,77.6,43.75,90.48,16,206,38085
Prime Care Multispeciality Hospital - Jalandhar,Jalandhar,Moga,Ophthalmology,4.9,72.9,31.25,90.47,11,207,38222
Fortune Healthcare - Kapurthala,Kapurthala,Abohar,Gastroenterology,4.9,72.8,31.25,90.44,15,208,38359
Fortune Healthcare - Mansa,Mansa,Ludhiana,Gastroenterology,4.9,72.8,31.25,90.44,16,209,38496
Fortune Multispeciality Hospital - Bathinda,Bathinda,Abohar,Pulmonology,4.9,72.8,31.25,90.44,9,210,38633
Shaheed Bhagat Singh Healthcare - Hoshiarpur,Hoshiarpur,Bathinda,Pulmonology,4.9,72.8,25.0,90.44,10,211,38770
Medicare Hospital - Ludhiana,Ludhiana,Kapurthala,Cardiology,4.8,77.4,31.25,90.42,27,212,38907
Shivalik Multispeciality Hospital - Rupnagar,Rupnagar,Khanna,Oncology,4.8,77.4,31.25,90.42,22,213,39044
Guru Nanak Multispeciality Hospital - Fazilka,Fazilka,Phagwara,General Surgery,4.9,72.7,31.25,90.41,16,214,39181
Mata Kaushalya Healthcare - Fazilka,Fazilka,Rupnagar,General Surgery,4.9,72.7,25.0,90.41,15,215,39318
Fortune Healthcare - Mansa,Mansa,Rajpura,Oncology,4.9,72.7,31.25,90.41,14,216,39455
Sunrise Healthcare - Faridkot,Faridkot,Jalandhar,Cardiology,4.8,77.3,37.5,90.39,28,217,39592
Apex Medical Centre - Patiala,Patiala,Firozpur,Orthopedics,4.8,77.3,43.75,90.39,19,218,39729
Healing Touch Hospital - Amritsar,Amritsar,Patiala,Cardiology,4.9,72.6,31.25,90.38,19,219,39866
Apex Hospital - Malerkotla,Malerkotla,Hoshiarpur,Dermatology,4.9,72.6,31.25,90.38,16,220,40003
Medicare Hospital - Kapurthala,Kapurthala,Phagwara,ENT,4.8,77.2,31.25,90.36,20,221,40140
Fortune Multispeciality Hospital - Bathinda,Bathinda,Bathinda,Gastroenterology,4.8,77.2,43.75,90.36,24,222,40277
Sunrise Hospital - Barnala,Barnala,Kapurthala,Ophthalmology,4.8,77.2,43.75,90.36,17,223,40414
Mata Kaushalya Medical Centre - Tarn Taran,Tarn Taran,Rajpura,Cardiology,4.9,72.5,25.0,90.35,20,224,40551
Mata Kaushalya Healthcare - Jalandhar,Jalandhar,Abohar,General Medicine,4.9,72.5,31.25,90.35,12,225,40688
Lifeline Hospital - Bathinda,Bathinda,Moga,General Surgery,4.9,72.5,18.75,90.35,17,226,40825
Maharaja Ranjit Singh Hospital - Faridkot,Faridkot,Khanna,Nephrology,4.9,72.5,31.25,90.35,12,227,40962
Punjab Multispeciality Hospital - Sangrur,Sangrur,Amritsar,Oncology,4.9,72.5,12.5,90.35,15,228,41099
Sewa Hospital - Rupnagar,Rupnagar,Khanna,Oncology,4.9,72.5,31.25,90.35,16,229,41236
Prime Care Hospital - Bathinda,Bathinda,Pathankot,Ophthalmology,4.9,72.5,25.0,90.35,12,230,41373
Apex Multispeciality Hospital - Patiala,Patiala,Mohali,Cardiology,4.8,77.1,37.5,90.33,29,231,41510
Guru Nanak Multispeciality Hospital - Pathankot,Pathankot,Abohar,Ophthalmology,4.8,77.1,37.5,90.33,18,232,41647
Guru Nanak Medical Centre - Jalandhar,Jalandhar,Nawanshahr,Pediatrics,4.8,77.1,37.5,90.33,15,233,41784
Guru Nanak Hospital - Nawanshahr,Nawanshahr,Barnala,Urology,4.8,77.1,31.25,90.33,17,234,41921
Mata Kaushalya Healthcare - Faridkot,Faridkot,Khanna,Gastroenterology,4.9,72.4,25.0,90.32,17,235,42058
City Care Healthcare - SAS Nagar,SAS Nagar,Rajpura,Orthopedics,4.9,72.4,18.75,90.32,15,236,42195
City Care Healthcare - SAS Nagar,SAS Nagar,Muktsar,Pediatrics,4.8,77.0,31.25,90.3,16,237,42332
Medicare Medical Centre - Faridkot,Faridkot,Amritsar,Dermatology,4.9,72.3,31.25,90.29,17,238,42469
Apex Multispeciality Hospital - Hoshiarpur,Hoshiarpur,Abohar,Gynecology,4.9,72.3,18.75,90.29,6,239,42606
Medicare Hospital - Fazilka,Fazilka,Hoshiarpur,Orthopedics,4.9,72.3,18.75,90.29,16,240,42743
Shaheed Bhagat Singh Healthcare - SAS Nagar,SAS Nagar,Barnala,Pulmonology,4.9,72.3,31.25,90.29,11,241,42880
Maharaja Ranjit Singh Hospital - Fazilka,Fazilka,Khanna,Oncology,4.9,72.2,31.25,90.26,17,242,43017
Guru Nanak Multispeciality Hospital - Ludhiana,Ludhiana,Mohali,Pulmonology,4.9,72.2,31.25,90.26,12,243,43154
Medicare Multispeciality Hospital - Muktsar,Muktsar,Firozpur,Urology,4.9,72.2,31.25,90.26,13,244,43291
Punjab Multispeciality Hospital - Gurdaspur,Gurdaspur,Malerkotla,ENT,4.8,76.8,37.5,90.24,21,245,43428
Maharaja Ranjit Singh Medical Centre - Kapurthala,Kapurthala,Jalandhar,Gynecology,4.9,72.1,31.25,90.23,7,246,43565
Sunrise Healthcare - Moga,Moga,Muktsar,Cardiology,4.8,76.7,37.5,90.21,30,247,43702
Shivalik Medical Centre - Nawanshahr,Nawanshahr,Jalandhar,Gynecology,4.8,76.7,25.0,90.21,16,248,43839
Shaheed Bhagat Singh Healthcare - Barnala,Barnala,Rajpura,Pulmonology,4.8,76.7,37.5,90.21,15,249,43976
Guru Nanak Healthcare - Kapurthala,Kapurthala,Mansa,Gynecology,4.9,72.0,31.25,90.2,9,250,44113
Medicare Medical Centre - Ludhiana,Ludhiana,Moga,Gynecology,4.9,72.0,25.0,90.2,8,251,44250
Sunrise Healthcare - Ferozepur,Ferozepur,Moga,Oncology,4.9,72.0,31.25,90.2,18,252,44387
Lifeline Hospital - Pathankot,Pathankot,Pathankot,Dermatology,4.8,76.6,37.5,90.18,22,253,44524
Mata Kaushalya Medical Centre - Faridkot,Faridkot,Hoshiarpur,Nephrology,4.8,76.6,37.5,90.18,17,254,44661
Healing Touch Hospital - Ludhiana,Ludhiana,Mansa,Gynecology,4.9,71.9,25.0,90.17,10,255,44798
Maharaja Ranjit Singh Multispeciality Hospital - Rupnagar,Rupnagar,Pathankot,Dermatology,4.8,76.5,37.5,90.15,23,256,44935
Sewa Healthcare - Amritsar,Amritsar,Moga,Pulmonology,4.8,76.5,37.5,90.15,16,257,45072
Sewa Medical Centre - Barnala,Barnala,Gurdaspur,General Surgery,4.8,76.4,43.75,90.12,22,258,45209
Maharaja Ranjit Singh Multispeciality Hospital - Faridkot,Faridkot,Barnala,Ophthalmology,4.8,76.4,37.5,90.12,19,259,45346
Sewa Multispeciality Hospital - Malerkotla,Malerkotla,Khanna,Ophthalmology,4.8,76.4,37.5,90.12,20,260,45483
Sewa Multispeciality Hospital - Barnala,Barnala,Rupnagar,Urology,4.8,76.4,43.75,90.12,18,261,45620
Sewa Multispeciality Hospital - Patiala,Patiala,Ludhiana,Urology,4.8,76.4,37.5,90.12,19,262,45757
Shivalik Multispeciality Hospital - SAS Nagar,SAS Nagar,Rajpura,Neurology,4.9,71.7,25.0,90.11,10,263,45894
Medicare Hospital - Bathinda,Bathinda,Hoshiarpur,Cardiology,4.8,76.3,50.0,90.09,31,264,46031
Mata Kaushalya Multispeciality Hospital - Ferozepur,Ferozepur,Kapurthala,General Medicine,4.8,76.3,37.5,90.09,16,265,46168
Healing Touch Multispeciality Hospital - Tarn Taran,Tarn Taran,Mohali,Pediatrics,4.8,76.3,43.75,90.09,17,266,46305
Punjab Hospital - Ludhiana,Ludhiana,Nawanshahr,Cardiology,4.8,76.2,43.75,90.06,32,267,46442
Shivalik Medical Centre - Bathinda,Bathinda,Mohali,Gastroenterology,4.8,76.2,31.25,90.06,25,268,46579
Apex Healthcare - Mansa,Mansa,Patiala,Urology,4.8,76.2,25.0,90.06,20,269,46716
Mata Kaushalya Multispeciality Hospital - Sangrur,Sangrur,Mohali,General Surgery,4.9,71.5,25.0,90.05,18,270,46853
Punjab Healthcare - Jalandhar,Jalandhar,Phagwara,Ophthalmology,4.9,71.5,18.75,90.05,13,271,46990
Shivalik Multispeciality Hospital - Tarn Taran,Tarn Taran,Rupnagar,Pulmonology,4.9,71.5,25.0,90.05,13,272,47127
Maharaja Ranjit Singh Healthcare - Sangrur,Sangrur,Kapurthala,ENT,4.8,76.1,43.75,90.03,22,273,47264
Prime Care Medical Centre - Malerkotla,Malerkotla,Amritsar,Gastroenterology,4.8,76.1,37.5,90.03,26,274,47401
Fortune Multispeciality Hospital - Ferozepur,Ferozepur,Kapurthala,Cardiology,4.8,76.0,31.25,90.0,33,275,47538
Sunrise Healthcare - Malerkotla,Malerkotla,Firozpur,Urology,4.8,76.0,37.5,90.0,21,276,47675
Sunrise Hospital - Sangrur,Sangrur,Abohar,Gynecology,4.9,71.3,25.0,89.99,11,277,47812
Shivalik Multispeciality Hospital - Mansa,Mansa,Sangrur,Gynecology,4.8,75.9,31.25,89.97,17,278,47949
Healing Touch Multispeciality Hospital - Pathankot,Pathankot,Moga,Neurology,4.8,75.9,31.25,89.97,16,279,48086
City Care Medical Centre - Muktsar,Muktsar,Malerkotla,Oncology,4.8,75.9,43.75,89.97,23,280,48223
Fortune Healthcare - Kapurthala,Kapurthala,Patiala,Orthopedics,4.8,75.9,37.5,89.97,20,281,48360
Shaheed Bhagat Singh Multispeciality Hospital - Kapurthala,Kapurthala,Sangrur,Pediatrics,4.8,75.9,25.0,89.97,18,282,48497
Prime Care Multispeciality Hospital - Sangrur,Sangrur,Barnala,Urology,4.8,75.9,31.25,89.97,22,283,48634
Shivalik Multispeciality Hospital - Kapurthala,Kapurthala,Nawanshahr,Urology,4.8,75.9,37.5,89.97,24,284,48771
Sunrise Medical Centre - Bathinda,Bathinda,Muktsar,Urology,4.8,75.9,31.25,89.97,23,285,48908
City Care Hospital - Nawanshahr,Nawanshahr,Sangrur,Gastroenterology,4.9,71.2,25.0,89.96,18,286,49045
Sewa Healthcare - Sangrur,Sangrur,Barnala,Nephrology,4.9,71.2,25.0,89.96,13,287,49182
Prime Care Multispeciality Hospital - Tarn Taran,Tarn Taran,Muktsar,Pediatrics,4.8,75.8,31.25,89.94,19,288,49319
Shivalik Multispeciality Hospital - Jalandhar,Jalandhar,Mansa,Urology,4.8,75.8,31.25,89.94,25,289,49456
Prime Care Medical Centre - Moga,Moga,Amritsar,Oncology,4.9,71.1,18.75,89.93,19,290,49593
Guru Nanak Hospital - Sangrur,Sangrur,Mansa,Urology,4.9,71.1,25.0,89.93,14,291,49730
Medicare Multispeciality Hospital - Mansa,Mansa,Jalandhar,Cardiology,4.8,75.7,37.5,89.91,34,292,49867
Fortune Healthcare - Muktsar,Muktsar,Kapurthala,Dermatology,4.8,75.7,37.5,89.91,25,293,50004
Shivalik Healthcare - Gurdaspur,Gurdaspur,Muktsar,Dermatology,4.8,75.7,31.25,89.91,24,294,50141
Lifeline Hospital - Bathinda,Bathinda,Ludhiana,Nephrology,4.8,75.7,37.5,89.91,19,295,50278
Maharaja Ranjit Singh Multispeciality Hospital - Mansa,Mansa,Gurdaspur,Nephrology,4.8,75.7,37.5,89.91,18,296,50415
Punjab Healthcare - Gurdaspur,Gurdaspur,Jalandhar,Neurology,4.8,75.7,43.75,89.91,17,297,50552
Medicare Healthcare - Nawanshahr,Nawanshahr,Sangrur,Orthopedics,4.8,75.7,37.5,89.91,21,298,50689
Shaheed Bhagat Singh Medical Centre - Mansa,Mansa,Muktsar,Pulmonology,4.8,75.7,37.5,89.91,17,299,50826
Sunrise Hospital - Hoshiarpur,Hoshiarpur,Rajpura,Cardiology,4.9,71.0,25.0,89.9,21,300,50963
Guru Nanak Hospital - Pathankot,Pathankot,Gurdaspur,ENT,4.8,75.6,31.25,89.88,23,301,51100
Shaheed Bhagat Singh Hospital - Mansa,Mansa,Rajpura,Orthopedics,4.8,75.6,37.5,89.88,22,302,51237
City Care Multispeciality Hospital - Rupnagar,Rupnagar,Firozpur,Pulmonology,4.8,75.6,31.25,89.88,18,303,51374
Guru Nanak Multispeciality Hospital - Faridkot,Faridkot,Phagwara,Neurology,4.9,70.9,18.75,89.87,11,304,51511
City Care Hospital - Pathankot,Pathankot,Rupnagar,Nephrology,4.8,75.5,43.75,89.85,21,305,51648
Medicare Multispeciality Hospital - Tarn Taran,Tarn Taran,Mansa,Nephrology,4.8,75.5,37.5,89.85,20,306,51785
Lifeline Medical Centre - Pathankot,Pathankot,Sangrur,Urology,4.8,75.5,25.0,89.85,26,307,51922
Sunrise Medical Centre - Tarn Taran,Tarn Taran,Barnala,Urology,4.9,70.8,18.75,89.84,15,308,52059
Sewa Multispeciality Hospital - Mansa,Mansa,Muktsar,General Surgery,4.8,75.4,43.75,89.82,23,309,52196
Lifeline Multispeciality Hospital - Fazilka,Fazilka,Firozpur,Neurology,4.8,75.4,31.25,89.82,18,310,52333
Fortune Multispeciality Hospital - Moga,Moga,Firozpur,Oncology,4.8,75.4,43.75,89.82,24,311,52470
Prime Care Medical Centre - Tarn Taran,Tarn Taran,Kapurthala,Oncology,4.8,75.4,37.5,89.82,25,312,52607
Shivalik Hospital - Nawanshahr,Nawanshahr,Amritsar,Pulmonology,4.8,75.4,31.25,89.82,19,313,52744
Sewa Hospital - Patiala,Patiala,Mansa,Urology,4.8,75.4,37.5,89.82,27,314,52881
Guru Nanak Hospital - Jalandhar,Jalandhar,Rajpura,Gastroenterology,4.9,70.7,25.0,89.81,19,315,53018
Lifeline Healthcare - Mansa,Mansa,Mansa,Urology,4.9,70.7,18.75,89.81,16,316,53155
Shivalik Hospital - Muktsar,Muktsar,Amritsar,Gastroenterology,4.8,75.3,37.5,89.79,27,317,53292
Shaheed Bhagat Singh Healthcare - Fatehgarh Sahib,Fatehgarh Sahib,Barnala,General Medicine,4.8,75.3,37.5,89.79,18,318,53429
Shivalik Multispeciality Hospital - Fatehgarh Sahib,Fatehgarh Sahib,Sangrur,General Medicine,4.8,75.3,31.25,89.79,19,319,53566
Sunrise Hospital - Fazilka,Fazilka,Patiala,General Medicine,4.8,75.3,43.75,89.79,17,320,53703
Shaheed Bhagat Singh Multispeciality Hospital - Gurdaspur,Gurdaspur,Mansa,Nephrology,4.8,75.3,43.75,89.79,22,321,53840
Fortune Multispeciality Hospital - Kapurthala,Kapurthala,Gurdaspur,Neurology,4.8,75.3,31.25,89.79,19,322,53977
Punjab Hospital - Ferozepur,Ferozepur,Rupnagar,Pediatrics,4.8,75.3,25.0,89.79,20,323,54114
Punjab Medical Centre - Ludhiana,Ludhiana,Malerkotla,Pulmonology,4.8,75.3,31.25,89.79,20,324,54251
Shaheed Bhagat Singh Medical Centre - Hoshiarpur,Hoshiarpur,Pathankot,General Medicine,4.9,70.6,18.75,89.78,13,325,54388
Lifeline Multispeciality Hospital - Sangrur,Sangrur,Pathankot,Pediatrics,4.7,79.9,43.75,89.77,42,326,54525
Mata Kaushalya Multispeciality Hospital - Mansa,Mansa,Mohali,Cardiology,4.8,75.2,37.5,89.76,35,327,54662
Punjab Healthcare - Kapurthala,Kapurthala,Rajpura,Urology,4.8,75.2,31.25,89.76,28,328,54799
Shivalik Medical Centre - Ludhiana,Ludhiana,Rupnagar,Urology,4.8,75.2,25.0,89.76,29,329,54936
Sewa Hospital - Malerkotla,Malerkotla,Ludhiana,General Surgery,4.9,70.5,25.0,89.75,19,330,55073
Fortune Medical Centre - Bathinda,Bathinda,Firozpur,ENT,4.8,75.1,37.5,89.73,26,331,55210
Healing Touch Hospital - Fazilka,Fazilka,Mohali,ENT,4.8,75.1,31.25,89.73,25,332,55347
Shaheed Bhagat Singh Hospital - Pathankot,Pathankot,Muktsar,ENT,4.8,75.1,37.5,89.73,24,333,55484
Sewa Healthcare - Nawanshahr,Nawanshahr,Rupnagar,General Surgery,4.8,75.1,43.75,89.73,24,334,55621
Lifeline Hospital - Tarn Taran,Tarn Taran,Rupnagar,Neurology,4.9,70.4,25.0,89.72,12,335,55758
Shaheed Bhagat Singh Hospital - Fazilka,Fazilka,Sangrur,Oncology,4.9,70.4,25.0,89.72,20,336,55895
Punjab Multispeciality Hospital - Ludhiana,Ludhiana,Khanna,Dermatology,4.8,75.0,37.5,89.7,26,337,56032
Fortune Hospital - Patiala,Patiala,Khanna,Gynecology,4.8,75.0,31.25,89.7,18,338,56169
City Care Medical Centre - Faridkot,Faridkot,Rupnagar,Gastroenterology,4.8,74.9,43.75,89.67,29,339,56306
Guru Nanak Hospital - Gurdaspur,Gurdaspur,Ludhiana,Gastroenterology,4.8,74.9,31.25,89.67,28,340,56443
Medicare Multispeciality Hospital - Kapurthala,Kapurthala,Patiala,Gynecology,4.8,74.9,43.75,89.67,19,341,56580
Mata Kaushalya Multispeciality Hospital - Faridkot,Faridkot,Khanna,Neurology,4.8,74.9,37.5,89.67,20,342,56717
Medicare Multispeciality Hospital - Gurdaspur,Gurdaspur,Rupnagar,Orthopedics,4.8,74.9,31.25,89.67,23,343,56854
City Care Medical Centre - Bathinda,Bathinda,Rupnagar,Pulmonology,4.8,74.9,43.75,89.67,21,344,56991
Medicare Multispeciality Hospital - Rupnagar,Rupnagar,Amritsar,Gynecology,4.9,70.2,18.75,89.66,12,345,57128
Shivalik Multispeciality Hospital - SAS Nagar,SAS Nagar,Mansa,ENT,4.8,74.8,31.25,89.64,27,346,57265
Healing Touch Medical Centre - Muktsar,Muktsar,Sangrur,Gastroenterology,4.8,74.8,37.5,89.64,30,347,57402
Guru Nanak Medical Centre - Ludhiana,Ludhiana,Bathinda,Gynecology,4.8,74.8,37.5,89.64,20,348,57539
Medicare Healthcare - Jalandhar,Jalandhar,Hoshiarpur,Nephrology,4.8,74.8,31.25,89.64,23,349,57676
Shivalik Multispeciality Hospital - Kapurthala,Kapurthala,Pathankot,ENT,4.8,74.7,43.75,89.61,28,350,57813
Lifeline Healthcare - Bathinda,Bathinda,Gurdaspur,Gastroenterology,4.8,74.7,37.5,89.61,31,351,57950
Guru Nanak Medical Centre - Tarn Taran,Tarn Taran,Abohar,General Medicine,4.8,74.7,43.75,89.61,21,352,58087
Lifeline Medical Centre - Jalandhar,Jalandhar,Sangrur,General Medicine,4.8,74.7,37.5,89.61,20,353,58224
Medicare Medical Centre - Moga,Moga,Rajpura,Neurology,4.8,74.7,31.25,89.61,22,354,58361
Punjab Medical Centre - Rupnagar,Rupnagar,Mansa,Neurology,4.8,74.7,37.5,89.61,21,355,58498
Apex Hospital - Muktsar,Muktsar,Patiala,Oncology,4.8,74.7,31.25,89.61,26,356,58635
Prime Care Hospital - Amritsar,Amritsar,Bathinda,Ophthalmology,4.8,74.7,31.25,89.61,21,357,58772
Apex Hospital - Kapurthala,Kapurthala,Sangrur,Orthopedics,4.8,74.7,43.75,89.61,24,358,58909
Mata Kaushalya Hospital - Sangrur,Sangrur,Ludhiana,Pulmonology,4.8,74.7,37.5,89.61,22,359,59046
Prime Care Hospital - Mansa,Mansa,Phagwara,Pulmonology,4.8,74.6,31.25,89.58,23,360,59183
Guru Nanak Multispeciality Hospital - Nawanshahr,Nawanshahr,Abohar,Urology,4.8,74.6,31.25,89.58,31,361,59320
Mata Kaushalya Hospital - Fatehgarh Sahib,Fatehgarh Sahib,Khanna,Urology,4.8,74.6,37.5,89.58,30,362,59457
Punjab Hospital - Faridkot,Faridkot,Malerkotla,Urology,4.8,74.6,37.5,89.58,32,363,59594
Sewa Hospital - Bathinda,Bathinda,Mohali,Nephrology,4.9,69.9,18.75,89.57,14,364,59731
Lifeline Multispeciality Hospital - Faridkot,Faridkot,Sangrur,ENT,4.8,74.5,31.25,89.55,29,365,59868
Lifeline Hospital - Tarn Taran,Tarn Taran,Rupnagar,Gastroenterology,4.8,74.5,37.5,89.55,32,366,60005
Medicare Multispeciality Hospital - Amritsar,Amritsar,Patiala,General Medicine,4.8,74.5,37.5,89.55,22,367,60142
Shaheed Bhagat Singh Healthcare - Jalandhar,Jalandhar,Barnala,Nephrology,4.8,74.5,37.5,89.55,24,368,60279
City Care Multispeciality Hospital - Gurdaspur,Gurdaspur,Pathankot,Cardiology,4.9,69.8,18.75,89.54,22,369,60416
Medicare Medical Centre - Gurdaspur,Gurdaspur,Khanna,Cardiology,4.8,74.4,37.5,89.52,36,370,60553
Sunrise Multispeciality Hospital - Bathinda,Bathinda,Rupnagar,ENT,4.8,74.4,43.75,89.52,30,371,60690
Shivalik Hospital - Ludhiana,Ludhiana,Phagwara,Gastroenterology,4.8,74.4,31.25,89.52,33,372,60827
Healing Touch Medical Centre - Fatehgarh Sahib,Fatehgarh Sahib,Firozpur,General Medicine,4.8,74.4,37.5,89.52,23,373,60964
City Care Multispeciality Hospital - Jalandhar,Jalandhar,Hoshiarpur,Orthopedics,4.8,74.4,31.25,89.52,25,374,61101
Sunrise Medical Centre - Bathinda,Bathinda,Phagwara,Pediatrics,4.8,74.4,37.5,89.52,21,375,61238
Shaheed Bhagat Singh Healthcare - Kapurthala,Kapurthala,Nawanshahr,Urology,4.8,74.4,25.0,89.52,33,376,61375
Shaheed Bhagat Singh Medical Centre - Jalandhar,Jalandhar,Khanna,Cardiology,4.9,69.7,12.5,89.51,23,377,61512
Medicare Medical Centre - Moga,Moga,Kapurthala,Dermatology,4.8,74.3,37.5,89.49,27,378,61649
Maharaja Ranjit Singh Hospital - Pathankot,Pathankot,Khanna,ENT,4.8,74.3,31.25,89.49,31,379,61786
Sewa Healthcare - Pathankot,Pathankot,Jalandhar,Gynecology,4.8,74.3,31.25,89.49,21,380,61923
Lifeline Healthcare - Muktsar,Muktsar,Mohali,Nephrology,4.8,74.3,31.25,89.49,25,381,62060
Prime Care Hospital - Sangrur,Sangrur,Malerkotla,Pulmonology,4.7,78.9,43.75,89.47,50,382,62197
Punjab Multispeciality Hospital - Ludhiana,Ludhiana,Rajpura,Gastroenterology,4.8,74.2,25.0,89.46,34,383,62334
Mata Kaushalya Healthcare - Ferozepur,Ferozepur,Muktsar,Orthopedics,4.8,74.2,37.5,89.46,27,384,62471
Sunrise Medical Centre - SAS Nagar,SAS Nagar,Hoshiarpur,Orthopedics,4.8,74.2,31.25,89.46,26,385,62608
Maharaja Ranjit Singh Medical Centre - Mansa,Mansa,Abohar,Pulmonology,4.8,74.2,37.5,89.46,24,386,62745
Healing Touch Healthcare - Tarn Taran,Tarn Taran,Amritsar,Urology,4.8,74.2,25.0,89.46,34,387,62882
Sewa Multispeciality Hospital - Fatehgarh Sahib,Fatehgarh Sahib,Hoshiarpur,ENT,4.9,69.5,18.75,89.45,15,388,63019
Medicare Multispeciality Hospital - Pathankot,Pathankot,Amritsar,Urology,4.7,78.8,43.75,89.44,62,389,63156
City Care Multispeciality Hospital - Ferozepur,Ferozepur,Mohali,Cardiology,4.8,74.1,25.0,89.43,37,390,63293
Healing Touch Hospital - Bathinda,Bathinda,Barnala,Nephrology,4.8,74.1,31.25,89.43,26,391,63430
Lifeline Medical Centre - Fatehgarh Sahib,Fatehgarh Sahib,Firozpur,Nephrology,4.8,74.1,25.0,89.43,27,392,63567
Lifeline Hospital - Hoshiarpur,Hoshiarpur,Rupnagar,Ophthalmology,4.8,74.1,18.75,89.43,22,393,63704
Shaheed Bhagat Singh Multispeciality Hospital - Rupnagar,Rupnagar,Rupnagar,Pediatrics,4.8,74.1,18.75,89.43,22,394,63841
Guru Nanak Multispeciality Hospital - Fatehgarh Sahib,Fatehgarh Sahib,Patiala,Pulmonology,4.8,74.1,25.0,89.43,25,395,63978
Fortune Hospital - Jalandhar,Jalandhar,Mansa,Urology,4.8,74.1,25.0,89.43,35,396,64115
Maharaja Ranjit Singh Medical Centre - Muktsar,Muktsar,Sangrur,Gynecology,4.9,69.4,18.75,89.42,13,397,64252
Sewa Medical Centre - Rupnagar,Rupnagar,Barnala,Orthopedics,4.7,78.7,50.0,89.41,51,398,64389
Lifeline Healthcare - Fazilka,Fazilka,Barnala,Cardiology,4.8,74.0,31.25,89.4,38,399,64526
Sunrise Healthcare - Bathinda,Bathinda,Bathinda,Dermatology,4.8,74.0,37.5,89.4,28,400,64663
Shivalik Multispeciality Hospital - Hoshiarpur,Hoshiarpur,Pathankot,ENT,4.8,74.0,43.75,89.4,32,401,64800
Lifeline Medical Centre - Muktsar,Muktsar,Bathinda,General Medicine,4.8,74.0,31.25,89.4,24,402,64937
Apex Healthcare - Faridkot,Faridkot,Patiala,Gynecology,4.8,74.0,37.5,89.4,23,403,65074
Shivalik Healthcare - Nawanshahr,Nawanshahr,Hoshiarpur,Gynecology,4.8,74.0,31.25,89.4,22,404,65211
Punjab Hospital - Fatehgarh Sahib,Fatehgarh Sahib,Ludhiana,Pediatrics,4.8,74.0,37.5,89.4,23,405,65348
Shaheed Bhagat Singh Healthcare - Malerkotla,Malerkotla,Mansa,Pulmonology,4.8,74.0,31.25,89.4,26,406,65485
City Care Healthcare - Moga,Moga,Kapurthala,Urology,4.8,74.0,25.0,89.4,37,407,65622
Healing Touch Multispeciality Hospital - Amritsar,Amritsar,Muktsar,Urology,4.8,74.0,31.25,89.4,36,408,65759
City Care Hospital - Pathankot,Pathankot,Sangrur,Ophthalmology,4.9,69.3,18.75,89.39,14,409,65896
Lifeline Medical Centre - Amritsar,Amritsar,Khanna,General Medicine,4.8,73.9,31.25,89.37,26,410,66033
Lifeline Multispeciality Hospital - Gurdaspur,Gurdaspur,Malerkotla,General Medicine,4.8,73.9,25.0,89.37,25,411,66170
Healing Touch Multispeciality Hospital - Nawanshahr,Nawanshahr,Hoshiarpur,Neurology,4.8,73.9,31.25,89.37,23,412,66307
Fortune Medical Centre - Malerkotla,Malerkotla,Pathankot,Ophthalmology,4.8,73.9,37.5,89.37,23,413,66444
Sunrise Multispeciality Hospital - Malerkotla,Malerkotla,Bathinda,Orthopedics,4.8,73.9,31.25,89.37,28,414,66581
Guru Nanak Healthcare - Muktsar,Muktsar,Nawanshahr,Pediatrics,4.8,73.9,31.25,89.37,24,415,66718
Lifeline Multispeciality Hospital - Hoshiarpur,Hoshiarpur,Sangrur,Pulmonology,4.8,73.9,31.25,89.37,27,416,66855
Sunrise Multispeciality Hospital - Pathankot,Pathankot,Mansa,Urology,4.8,73.9,31.25,89.37,38,417,66992
Prime Care Healthcare - Pathankot,Pathankot,Kapurthala,Gastroenterology,4.9,69.2,12.5,89.36,20,418,67129
Apex Medical Centre - SAS Nagar,SAS Nagar,Gurdaspur,Dermatology,4.8,73.8,37.5,89.34,29,419,67266
Sunrise Healthcare - Moga,Moga,Muktsar,Oncology,4.8,73.8,37.5,89.34,27,420,67403
Maharaja Ranjit Singh Hospital - Fatehgarh Sahib,Fatehgarh Sahib,Sangrur,Orthopedics,4.8,73.8,37.5,89.34,29,421,67540
Sunrise Hospital - Ludhiana,Ludhiana,Rupnagar,Ophthalmology,4.9,69.1,18.75,89.33,15,422,67677
Shivalik Medical Centre - Ludhiana,Ludhiana,Rajpura,Pulmonology,4.7,78.4,37.5,89.32,51,423,67814
Apex Medical Centre - Tarn Taran,Tarn Taran,Moga,Cardiology,4.8,73.7,18.75,89.31,39,424,67951
Prime Care Healthcare - Malerkotla,Malerkotla,Bathinda,Gynecology,4.8,73.7,37.5,89.31,24,425,68088
Healing Touch Hospital - Sangrur,Sangrur,Barnala,Neurology,4.8,73.7,37.5,89.31,24,426,68225
Sunrise Multispeciality Hospital - Sangrur,Sangrur,Muktsar,Ophthalmology,4.8,73.7,37.5,89.31,24,427,68362
Shaheed Bhagat Singh Medical Centre - Faridkot,Faridkot,Moga,Orthopedics,4.8,73.7,37.5,89.31,30,428,68499
Shaheed Bhagat Singh Healthcare - Malerkotla,Malerkotla,Barnala,Pulmonology,4.8,73.7,31.25,89.31,28,429,68636
City Care Healthcare - Moga,Moga,Nawanshahr,Gastroenterology,4.9,69.0,12.5,89.3,21,430,68773
Shaheed Bhagat Singh Multispeciality Hospital - Mansa,Mansa,Sangrur,General Surgery,4.9,69.0,18.75,89.3,20,431,68910
Lifeline Medical Centre - Sangrur,Sangrur,Muktsar,Neurology,4.9,69.0,18.75,89.3,13,432,69047
Medicare Healthcare - Fazilka,Fazilka,Moga,Gastroenterology,4.7,78.3,43.75,89.29,58,433,69184
Lifeline Medical Centre - Jalandhar,Jalandhar,Phagwara,General Surgery,4.7,78.3,50.0,89.29,40,434,69321
Punjab Medical Centre - Faridkot,Faridkot,Mansa,Cardiology,4.8,73.6,37.5,89.28,40,435,69458
Sunrise Multispeciality Hospital - Kapurthala,Kapurthala,Moga,Oncology,4.8,73.6,31.25,89.28,28,436,69595
Sunrise Multispeciality Hospital - Kapurthala,Kapurthala,Sangrur,Oncology,4.8,73.6,31.25,89.28,29,437,69732
Maharaja Ranjit Singh Hospital - Muktsar,Muktsar,Nawanshahr,Orthopedics,4.8,73.6,37.5,89.28,31,438,69869
Fortune Medical Centre - Bathinda,Bathinda,Mansa,Pediatrics,4.8,73.6,25.0,89.28,25,439,70006
Apex Medical Centre - Muktsar,Muktsar,Khanna,Cardiology,4.9,68.9,18.75,89.27,24,440,70143
Punjab Medical Centre - Malerkotla,Malerkotla,Rajpura,General Surgery,4.7,78.2,37.5,89.26,41,441,70280
Shivalik Hospital - Nawanshahr,Nawanshahr,Khanna,Cardiology,4.8,73.5,37.5,89.25,41,442,70417
Maharaja Ranjit Singh Multispeciality Hospital - Hoshiarpur,Hoshiarpur,Patiala,Dermatology,4.8,73.5,25.0,89.25,31,443,70554
Shivalik Medical Centre - Ludhiana,Ludhiana,Jalandhar,Dermatology,4.8,73.5,31.25,89.25,30,444,70691
Punjab Hospital - Rupnagar,Rupnagar,Amritsar,ENT,4.8,73.5,25.0,89.25,33,445,70828
Shivalik Hospital - Gurdaspur,Gurdaspur,Moga,General Surgery,4.8,73.5,31.25,89.25,25,446,70965
Sunrise Multispeciality Hospital - Ferozepur,Ferozepur,Nawanshahr,Gynecology,4.8,73.5,31.25,89.25,25,447,71102
Healing Touch Hospital - Fatehgarh Sahib,Fatehgarh Sahib,Pathankot,Nephrology,4.8,73.5,25.0,89.25,28,448,71239
Shivalik Multispeciality Hospital - Sangrur,Sangrur,Khanna,Oncology,4.8,73.5,31.25,89.25,30,449,71376
Punjab Medical Centre - Rupnagar,Rupnagar,Abohar,Orthopedics,4.8,73.5,31.25,89.25,32,450,71513
Lifeline Hospital - Patiala,Patiala,Mansa,Pulmonology,4.8,73.5,25.0,89.25,30,451,71650
Lifeline Medical Centre - Tarn Taran,Tarn Taran,Rajpura,Pulmonology,4.8,73.5,25.0,89.25,29,452,71787
Medicare Hospital - Patiala,Patiala,Mansa,ENT,4.8,73.4,37.5,89.22,34,453,71924
Mata Kaushalya Hospital - Tarn Taran,Tarn Taran,Bathinda,General Medicine,4.8,73.4,31.25,89.22,27,454,72061
Shaheed Bhagat Singh Medical Centre - Bathinda,Bathinda,Rupnagar,General Medicine,4.7,78.0,31.25,89.2,47,455,72198
Maharaja Ranjit Singh Multispeciality Hospital - Patiala,Patiala,Mansa,Pediatrics,4.7,78.0,37.5,89.2,43,456,72335
City Care Healthcare - Nawanshahr,Nawanshahr,Firozpur,Cardiology,4.8,73.3,31.25,89.19,42,457,72472
Sunrise Hospital - Fazilka,Fazilka,Muktsar,Gynecology,4.8,73.3,37.5,89.19,26,458,72609
City Care Medical Centre - Mansa,Mansa,Bathinda,Nephrology,4.8,73.3,31.25,89.19,29,459,72746
Lifeline Hospital - Fatehgarh Sahib,Fatehgarh Sahib,Mohali,Neurology,4.8,73.3,37.5,89.19,25,460,72883
Lifeline Hospital - Barnala,Barnala,Pathankot,Pediatrics,4.8,73.3,37.5,89.19,26,461,73020
Shivalik Hospital - Moga,Moga,Rupnagar,Nephrology,4.7,77.9,37.5,89.17,46,462,73157
City Care Hospital - Faridkot,Faridkot,Hoshiarpur,Dermatology,4.8,73.2,31.25,89.16,33,463,73294
Prime Care Multispeciality Hospital - Ferozepur,Ferozepur,Jalandhar,Dermatology,4.8,73.2,37.5,89.16,32,464,73431
Medicare Hospital - Moga,Moga,Malerkotla,Nephrology,4.8,73.2,18.75,89.16,30,465,73568
Shaheed Bhagat Singh Hospital - Jalandhar,Jalandhar,Amritsar,Orthopedics,4.8,73.2,25.0,89.16,33,466,73705
Apex Hospital - Hoshiarpur,Hoshiarpur,Muktsar,Pulmonology,4.8,73.2,37.5,89.16,31,467,73842
City Care Healthcare - Barnala,Barnala,Mohali,Urology,4.8,73.2,37.5,89.16,39,468,73979
Mata Kaushalya Medical Centre - Jalandhar,Jalandhar,Mohali,Neurology,4.7,77.8,43.75,89.14,52,469,74116
Sewa Hospital - Barnala,Barnala,Rupnagar,Ophthalmology,4.7,77.8,43.75,89.14,41,470,74253
Mata Kaushalya Multispeciality Hospital - Jalandhar,Jalandhar,Muktsar,Gastroenterology,4.8,73.1,31.25,89.13,35,471,74390
Medicare Hospital - Mansa,Mansa,Nawanshahr,General Medicine,4.8,73.1,25.0,89.13,28,472,74527
Healing Touch Healthcare - Kapurthala,Kapurthala,Amritsar,General Surgery,4.8,73.1,37.5,89.13,26,473,74664
Apex Hospital - SAS Nagar,SAS Nagar,Gurdaspur,Gynecology,4.8,73.1,31.25,89.13,27,474,74801
Sunrise Medical Centre - Patiala,Patiala,Patiala,Nephrology,4.8,73.1,25.0,89.13,31,475,74938
Sewa Hospital - Muktsar,Muktsar,Mohali,Oncology,4.8,73.1,31.25,89.13,31,476,75075
Healing Touch Hospital - Muktsar,Muktsar,Jalandhar,Ophthalmology,4.8,73.1,37.5,89.13,26,477,75212
Shivalik Healthcare - Faridkot,Faridkot,Phagwara,Ophthalmology,4.8,73.1,31.25,89.13,25,478,75349
Lifeline Hospital - Kapurthala,Kapurthala,Muktsar,Orthopedics,4.8,73.1,37.5,89.13,34,479,75486
Medicare Multispeciality Hospital - Tarn Taran,Tarn Taran,Kapurthala,Orthopedics,4.8,73.1,37.5,89.13,35,480,75623
Fortune Multispeciality Hospital - Nawanshahr,Nawanshahr,Sangrur,Urology,4.8,73.1,25.0,89.13,40,481,75760
Medicare Healthcare - Amritsar,Amritsar,Barnala,Cardiology,4.8,73.0,37.5,89.1,43,482,75897
Maharaja Ranjit Singh Healthcare - Fazilka,Fazilka,Muktsar,Gastroenterology,4.8,73.0,25.0,89.1,36,483,76034
Punjab Multispeciality Hospital - Nawanshahr,Nawanshahr,Nawanshahr,Gastroenterology,4.8,73.0,31.25,89.1,37,484,76171
Apex Healthcare - Muktsar,Muktsar,Patiala,General Medicine,4.8,73.0,37.5,89.1,29,485,76308
Shaheed Bhagat Singh Multispeciality Hospital - Faridkot,Faridkot,Hoshiarpur,Neurology,4.8,73.0,37.5,89.1,26,486,76445
Medicare Hospital - Sangrur,Sangrur,Firozpur,Orthopedics,4.8,73.0,25.0,89.1,36,487,76582
Sunrise Medical Centre - Jalandhar,Jalandhar,Mohali,Orthopedics,4.8,73.0,31.25,89.1,37,488,76719
Medicare Hospital - Sangrur,Sangrur,Firozpur,Pediatrics,4.8,73.0,37.5,89.1,27,489,76856
Fortune Multispeciality Hospital - Kapurthala,Kapurthala,Khanna,Ophthalmology,4.7,77.6,50.0,89.08,42,490,76993
Maharaja Ranjit Singh Hospital - Kapurthala,Kapurthala,Muktsar,Pediatrics,4.7,77.6,43.75,89.08,44,491,77130
Shaheed Bhagat Singh Healthcare - Amritsar,Amritsar,Ludhiana,Cardiology,4.8,72.9,37.5,89.07,44,492,77267
Shaheed Bhagat Singh Healthcare - Fazilka,Fazilka,Ludhiana,General Medicine,4.8,72.9,37.5,89.07,30,493,77404
Prime Care Medical Centre - Ludhiana,Ludhiana,Moga,General Surgery,4.8,72.9,31.25,89.07,27,494,77541
Fortune Hospital - Fazilka,Fazilka,Amritsar,Gynecology,4.8,72.9,31.25,89.07,28,495,77678
Shivalik Medical Centre - Faridkot,Faridkot,Nawanshahr,Nephrology,4.8,72.9,31.25,89.07,32,496,77815
Mata Kaushalya Multispeciality Hospital - Muktsar,Muktsar,Mansa,Neurology,4.8,72.9,37.5,89.07,29,497,77952
Shaheed Bhagat Singh Hospital - Ludhiana,Ludhiana,Rupnagar,Neurology,4.8,72.9,31.25,89.07,28,498,78089
Shaheed Bhagat Singh Multispeciality Hospital - Kapurthala,Kapurthala,Amritsar,Neurology,4.8,72.9,25.0,89.07,27,499,78226
Healing Touch Medical Centre - Malerkotla,Malerkotla,Gurdaspur,Ophthalmology,4.8,72.9,25.0,89.07,27,500,78363
Healing Touch Hospital - Tarn Taran,Tarn Taran,Mohali,Orthopedics,4.8,72.9,25.0,89.07,38,501,78500
Lifeline Medical Centre - Amritsar,Amritsar,Pathankot,Pediatrics,4.8,72.9,31.25,89.07,28,502,78637
City Care Healthcare - Hoshiarpur,Hoshiarpur,Gurdaspur,Pulmonology,4.8,72.9,31.25,89.07,32,503,78774
Maharaja Ranjit Singh Medical Centre - Amritsar,Amritsar,Muktsar,Pulmonology,4.8,72.9,37.5,89.07,34,504,78911
Shaheed Bhagat Singh Medical Centre - Bathinda,Bathinda,Bathinda,Pulmonology,4.8,72.9,25.0,89.07,33,505,79048
Shivalik Multispeciality Hospital - Moga,Moga,Nawanshahr,Urology,4.8,72.9,31.25,89.07,41,506,79185
Fortune Hospital - Jalandhar,Jalandhar,Gurdaspur,General Medicine,4.9,68.2,12.5,89.06,14,507,79322
Prime Care Medical Centre - Pathankot,Pathankot,Kapurthala,Gastroenterology,4.7,77.5,37.5,89.05,59,508,79459
Shivalik Multispeciality Hospital - Pathankot,Pathankot,Mohali,Nephrology,4.7,77.5,37.5,89.05,47,509,79596
Apex Multispeciality Hospital - Kapurthala,Kapurthala,Barnala,Dermatology,4.8,72.8,25.0,89.04,34,510,79733
Healing Touch Healthcare - Nawanshahr,Nawanshahr,Amritsar,Dermatology,4.8,72.8,31.25,89.04,35,511,79870
Lifeline Hospital - Sangrur,Sangrur,Rupnagar,Gastroenterology,4.8,72.8,31.25,89.04,38,512,80007
Apex Medical Centre - Sangrur,Sangrur,Gurdaspur,Gynecology,4.8,72.8,37.5,89.04,29,513,80144
Lifeline Healthcare - Fatehgarh Sahib,Fatehgarh Sahib,Muktsar,Neurology,4.8,72.8,31.25,89.04,30,514,80281
Shaheed Bhagat Singh Hospital - Ferozepur,Ferozepur,Muktsar,Oncology,4.8,72.8,31.25,89.04,32,515,80418
Sunrise Medical Centre - Mansa,Mansa,Amritsar,Ophthalmology,4.8,72.8,31.25,89.04,28,516,80555
Shaheed Bhagat Singh Hospital - Barnala,Barnala,Malerkotla,Oncology,4.7,77.4,43.75,89.02,48,517,80692
Medicare Healthcare - Patiala,Patiala,Barnala,Dermatology,4.8,72.7,31.25,89.01,36,518,80829
Apex Healthcare - Ludhiana,Ludhiana,Muktsar,ENT,4.8,72.7,12.5,89.01,36,519,80966
Medicare Medical Centre - Kapurthala,Kapurthala,Kapurthala,ENT,4.8,72.7,31.25,89.01,35,520,81103
Sunrise Medical Centre - Faridkot,Faridkot,Barnala,General Surgery,4.8,72.7,31.25,89.01,28,521,81240
Shaheed Bhagat Singh Multispeciality Hospital - SAS Nagar,SAS Nagar,Ludhiana,Nephrology,4.8,72.7,37.5,89.01,33,522,81377
Shivalik Multispeciality Hospital - Fatehgarh Sahib,Fatehgarh Sahib,Hoshiarpur,Oncology,4.8,72.7,37.5,89.01,33,523,81514
Guru Nanak Hospital - Gurdaspur,Gurdaspur,Amritsar,Pediatrics,4.8,72.7,31.25,89.01,29,524,81651
Fortune Multispeciality Hospital - Kapurthala,Kapurthala,Rajpura,Pulmonology,4.8,72.7,31.25,89.01,35,525,81788
Shaheed Bhagat Singh Hospital - Tarn Taran,Tarn Taran,Malerkotla,ENT,4.7,77.3,37.5,88.99,42,526,81925
Guru Nanak Medical Centre - Pathankot,Pathankot,Patiala,Gastroenterology,4.8,72.6,37.5,88.98,39,527,82062
Prime Care Hospital - Fatehgarh Sahib,Fatehgarh Sahib,Malerkotla,Gastroenterology,4.8,72.6,25.0,88.98,40,528,82199
Mata Kaushalya Healthcare - Fatehgarh Sahib,Fatehgarh Sahib,Firozpur,Neurology,4.8,72.6,25.0,88.98,31,529,82336
Shaheed Bhagat Singh Multispeciality Hospital - Nawanshahr,Nawanshahr,Sangrur,Neurology,4.8,72.6,37.5,88.98,32,530,82473
Fortune Multispeciality Hospital - Mansa,Mansa,Mohali,Oncology,4.8,72.6,25.0,88.98,34,531,82610
Mata Kaushalya Medical Centre - Mansa,Mansa,Muktsar,Pulmonology,4.8,72.6,25.0,88.98,37,532,82747
Prime Care Multispeciality Hospital - Fatehgarh Sahib,Fatehgarh Sahib,Mohali,Pulmonology,4.8,72.6,31.25,88.98,36,533,82884
Apex Medical Centre - Patiala,Patiala,Abohar,Cardiology,4.7,77.2,37.5,88.96,56,534,83021
Maharaja Ranjit Singh Medical Centre - SAS Nagar,SAS Nagar,Muktsar,ENT,4.7,77.2,37.5,88.96,43,535,83158
Fortune Hospital - Sangrur,Sangrur,Abohar,General Medicine,4.8,72.5,37.5,88.95,31,536,83295
Sewa Hospital - Ferozepur,Ferozepur,Amritsar,General Surgery,4.8,72.5,37.5,88.95,29,537,83432
Fortune Multispeciality Hospital - Amritsar,Amritsar,Malerkotla,Nephrology,4.8,72.5,31.25,88.95,34,538,83569
Healing Touch Healthcare - Moga,Moga,Pathankot,Neurology,4.8,72.5,31.25,88.95,34,539,83706
Healing Touch Medical Centre - Bathinda,Bathinda,Ludhiana,Neurology,4.8,72.5,31.25,88.95,33,540,83843
Healing Touch Medical Centre - Ludhiana,Ludhiana,Gurdaspur,Oncology,4.8,72.5,25.0,88.95,35,541,83980
Mata Kaushalya Medical Centre - Rupnagar,Rupnagar,Hoshiarpur,Pulmonology,4.8,72.5,37.5,88.95,38,542,84117
Lifeline Hospital - Fatehgarh Sahib,Fatehgarh Sahib,Mohali,General Surgery,4.8,72.4,37.5,88.92,30,543,84254
Mata Kaushalya Healthcare - Malerkotla,Malerkotla,Gurdaspur,General Surgery,4.8,72.4,37.5,88.92,31,544,84391
Fortune Multispeciality Hospital - Nawanshahr,Nawanshahr,Mohali,Nephrology,4.8,72.4,31.25,88.92,35,545,84528
Lifeline Multispeciality Hospital - Kapurthala,Kapurthala,Ludhiana,Neurology,4.8,72.4,31.25,88.92,35,546,84665
Punjab Medical Centre - Sangrur,Sangrur,Patiala,Oncology,4.8,72.4,31.25,88.92,37,547,84802
Shivalik Multispeciality Hospital - Pathankot,Pathankot,Gurdaspur,Oncology,4.8,72.4,18.75,88.92,36,548,84939
Apex Multispeciality Hospital - Sangrur,Sangrur,Rajpura,Urology,4.8,72.4,37.5,88.92,42,549,85076
Shivalik Medical Centre - Fatehgarh Sahib,Fatehgarh Sahib,Nawanshahr,Nephrology,4.9,67.7,12.5,88.91,15,550,85213
Sunrise Healthcare - Faridkot,Faridkot,Mansa,Dermatology,4.7,77.0,31.25,88.9,51,551,85350
Guru Nanak Healthcare - Pathankot,Pathankot,Hoshiarpur,Gastroenterology,4.8,72.3,25.0,88.89,41,552,85487
City Care Hospital - Muktsar,Muktsar,Patiala,Gynecology,4.8,72.3,37.5,88.89,30,553,85624
Shivalik Hospital - Jalandhar,Jalandhar,Nawanshahr,Nephrology,4.8,72.3,31.25,88.89,36,554,85761
Guru Nanak Medical Centre - Amritsar,Amritsar,Muktsar,Neurology,4.8,72.3,31.25,88.89,36,555,85898
Fortune Hospital - Bathinda,Bathinda,Patiala,Ophthalmology,4.8,72.3,37.5,88.89,30,556,86035
Sunrise Hospital - Kapurthala,Kapurthala,Barnala,Ophthalmology,4.8,72.3,31.25,88.89,29,557,86172
Healing Touch Healthcare - Jalandhar,Jalandhar,Muktsar,Pediatrics,4.8,72.3,25.0,88.89,30,558,86309
Healing Touch Multispeciality Hospital - Moga,Moga,Khanna,Urology,4.8,72.3,31.25,88.89,43,559,86446
Sewa Hospital - SAS Nagar,SAS Nagar,Amritsar,ENT,4.7,76.9,43.75,88.87,44,560,86583
Maharaja Ranjit Singh Hospital - Kapurthala,Kapurthala,Rajpura,ENT,4.8,72.2,37.5,88.86,38,561,86720
Sunrise Hospital - Barnala,Barnala,Bathinda,ENT,4.8,72.2,25.0,88.86,37,562,86857
Lifeline Healthcare - Malerkotla,Malerkotla,Mansa,General Surgery,4.8,72.2,25.0,88.86,32,563,86994
City Care Healthcare - Moga,Moga,Ludhiana,Gynecology,4.8,72.2,25.0,88.86,32,564,87131
Fortune Hospital - SAS Nagar,SAS Nagar,Rupnagar,Gynecology,4.8,72.2,31.25,88.86,31,565,87268
City Care Hospital - Fatehgarh Sahib,Fatehgarh Sahib,Amritsar,Pediatrics,4.8,72.2,31.25,88.86,31,566,87405
Fortune Medical Centre - Bathinda,Bathinda,Kapurthala,Urology,4.8,72.2,37.5,88.86,44,567,87542
Medicare Medical Centre - SAS Nagar,SAS Nagar,Gurdaspur,Gynecology,4.7,76.8,37.5,88.84,45,568,87679
City Care Hospital - Malerkotla,Malerkotla,Patiala,Dermatology,4.8,72.1,25.0,88.83,38,569,87816
Healing Touch Hospital - Nawanshahr,Nawanshahr,Nawanshahr,Dermatology,4.8,72.1,25.0,88.83,37,570,87953
Punjab Multispeciality Hospital - Gurdaspur,Gurdaspur,Moga,General Medicine,4.8,72.1,31.25,88.83,32,571,88090
Sunrise Hospital - Fatehgarh Sahib,Fatehgarh Sahib,Ludhiana,Neurology,4.8,72.1,31.25,88.83,37,572,88227
Medicare Hospital - Kapurthala,Kapurthala,Kapurthala,Pulmonology,4.8,72.1,25.0,88.83,39,573,88364
Punjab Medical Centre - Bathinda,Bathinda,Mansa,Urology,4.8,72.1,31.25,88.83,45,574,88501
Healing Touch Hospital - Fatehgarh Sahib,Fatehgarh Sahib,Hoshiarpur,Cardiology,4.8,72.0,31.25,88.8,45,575,88638
Medicare Multispeciality Hospital - Tarn Taran,Tarn Taran,Firozpur,Dermatology,4.8,72.0,31.25,88.8,40,576,88775
Sunrise Multispeciality Hospital - Fazilka,Fazilka,Mohali,Dermatology,4.8,72.0,31.25,88.8,39,577,88912
Punjab Medical Centre - Nawanshahr,Nawanshahr,Abohar,Gastroenterology,4.8,72.0,25.0,88.8,42,578,89049
Shivalik Multispeciality Hospital - Nawanshahr,Nawanshahr,Muktsar,General Surgery,4.8,72.0,25.0,88.8,33,579,89186
Shivalik Hospital - Fazilka,Fazilka,Mohali,Pulmonology,4.8,72.0,31.25,88.8,40,580,89323
Sewa Medical Centre - Gurdaspur,Gurdaspur,Amritsar,Cardiology,4.8,71.9,31.25,88.77,46,581,89460
Sewa Medical Centre - Hoshiarpur,Hoshiarpur,Ludhiana,Gynecology,4.8,71.9,31.25,88.77,34,582,89597
Sewa Multispeciality Hospital - Ludhiana,Ludhiana,Hoshiarpur,Gynecology,4.8,71.9,31.25,88.77,33,583,89734
Shaheed Bhagat Singh Multispeciality Hospital - Ludhiana,Ludhiana,Muktsar,Oncology,4.8,71.9,31.25,88.77,38,584,89871
Apex Hospital - Rupnagar,Rupnagar,Sangrur,Orthopedics,4.8,71.9,31.25,88.77,40,585,90008
Guru Nanak Multispeciality Hospital - Malerkotla,Malerkotla,Kapurthala,Orthopedics,4.8,71.9,31.25,88.77,39,586,90145
Lifeline Medical Centre - Tarn Taran,Tarn Taran,Ludhiana,Orthopedics,4.8,71.9,25.0,88.77,41,587,90282
Shivalik Medical Centre - Ferozepur,Ferozepur,Rajpura,Pediatrics,4.8,71.9,25.0,88.77,32,588,90419
Lifeline Hospital - Muktsar,Muktsar,Rajpura,Pulmonology,4.8,71.9,25.0,88.77,42,589,90556
Sunrise Medical Centre - Malerkotla,Malerkotla,Malerkotla,Pulmonology,4.8,71.9,31.25,88.77,41,590,90693
Sewa Healthcare - Muktsar,Muktsar,Amritsar,General Surgery,4.8,71.8,31.25,88.74,34,591,90830
Sunrise Medical Centre - Jalandhar,Jalandhar,Sangrur,Nephrology,4.8,71.8,25.0,88.74,37,592,90967
Apex Medical Centre - Amritsar,Amritsar,Mohali,Oncology,4.8,71.8,31.25,88.74,39,593,91104
Maharaja Ranjit Singh Medical Centre - Gurdaspur,Gurdaspur,Amritsar,Dermatology,4.7,76.4,43.75,88.72,52,594,91241
Shivalik Multispeciality Hospital - Malerkotla,Malerkotla,Amritsar,Pediatrics,4.7,76.4,43.75,88.72,45,595,91378
City Care Multispeciality Hospital - Ferozepur,Ferozepur,Firozpur,Pulmonology,4.7,76.4,37.5,88.72,52,596,91515
City Care Medical Centre - Ferozepur,Ferozepur,Barnala,Urology,4.7,76.4,43.75,88.72,64,597,91652
City Care Multispeciality Hospital - Fatehgarh Sahib,Fatehgarh Sahib,Rupnagar,Urology,4.7,76.4,31.25,88.72,63,598,91789
Maharaja Ranjit Singh Healthcare - Kapurthala,Kapurthala,Jalandhar,Gynecology,4.8,71.7,31.25,88.71,35,599,91926
Prime Care Healthcare - Fazilka,Fazilka,Pathankot,Neurology,4.8,71.7,31.25,88.71,38,600,92063
Medicare Hospital - Malerkotla,Malerkotla,Abohar,Oncology,4.8,71.7,25.0,88.71,40,601,92200
Fortune Hospital - Ferozepur,Ferozepur,Jalandhar,Pediatrics,4.8,71.7,25.0,88.71,33,602,92337
Maharaja Ranjit Singh Healthcare - Rupnagar,Rupnagar,Khanna,Urology,4.8,71.7,31.25,88.71,46,603,92474
Shivalik Medical Centre - Gurdaspur,Gurdaspur,Firozpur,Neurology,4.7,76.3,37.5,88.69,53,604,92611
Maharaja Ranjit Singh Healthcare - Ludhiana,Ludhiana,Abohar,Gastroenterology,4.8,71.6,31.25,88.68,43,605,92748
Mata Kaushalya Hospital - Patiala,Patiala,Bathinda,Gastroenterology,4.8,71.6,31.25,88.68,44,606,92885
Medicare Medical Centre - Ferozepur,Ferozepur,Ludhiana,Gastroenterology,4.8,71.6,18.75,88.68,45,607,93022
Apex Hospital - Hoshiarpur,Hoshiarpur,Amritsar,General Medicine,4.8,71.6,25.0,88.68,33,608,93159
Shaheed Bhagat Singh Multispeciality Hospital - Faridkot,Faridkot,Nawanshahr,Urology,4.8,71.6,31.25,88.68,47,609,93296
Sewa Multispeciality Hospital - Moga,Moga,Nawanshahr,ENT,4.7,76.2,43.75,88.66,45,610,93433
Healing Touch Medical Centre - Muktsar,Muktsar,Hoshiarpur,Dermatology,4.8,71.5,18.75,88.65,42,611,93570
Shaheed Bhagat Singh Healthcare - Bathinda,Bathinda,Mohali,Dermatology,4.8,71.5,31.25,88.65,41,612,93707
City Care Healthcare - Fatehgarh Sahib,Fatehgarh Sahib,Khanna,Gynecology,4.8,71.5,31.25,88.65,37,613,93844
Shivalik Multispeciality Hospital - Ludhiana,Ludhiana,Sangrur,Gynecology,4.8,71.5,25.0,88.65,36,614,93981
Shivalik Medical Centre - Pathankot,Pathankot,Barnala,Ophthalmology,4.8,71.5,25.0,88.65,31,615,94118
Healing Touch Healthcare - Kapurthala,Kapurthala,Mansa,Orthopedics,4.8,71.5,31.25,88.65,43,616,94255
Prime Care Hospital - Patiala,Patiala,Mansa,Orthopedics,4.8,71.5,25.0,88.65,42,617,94392
Medicare Multispeciality Hospital - Amritsar,Amritsar,Muktsar,Gynecology,4.7,76.1,37.5,88.63,46,618,94529
Guru Nanak Multispeciality Hospital - Tarn Taran,Tarn Taran,Rajpura,Dermatology,4.8,71.4,31.25,88.62,43,619,94666
Guru Nanak Healthcare - Muktsar,Muktsar,Rajpura,Pediatrics,4.8,71.4,31.25,88.62,34,620,94803
Sewa Medical Centre - Moga,Moga,Mohali,General Medicine,4.7,76.0,43.75,88.6,48,621,94940
Shaheed Bhagat Singh Hospital - Faridkot,Faridkot,Pathankot,Neurology,4.7,76.0,37.5,88.6,54,622,95077
Medicare Medical Centre - Malerkotla,Malerkotla,Mansa,Dermatology,4.8,71.3,31.25,88.59,44,623,95214
Sunrise Healthcare - Jalandhar,Jalandhar,Kapurthala,Gastroenterology,4.8,71.3,25.0,88.59,46,624,95351
Guru Nanak Multispeciality Hospital - Mansa,Mansa,Phagwara,General Medicine,4.8,71.3,31.25,88.59,35,625,95488
Maharaja Ranjit Singh Medical Centre - Sangrur,Sangrur,Sangrur,General Medicine,4.8,71.3,31.25,88.59,34,626,95625
Maharaja Ranjit Singh Medical Centre - Jalandhar,Jalandhar,Jalandhar,Oncology,4.8,71.3,25.0,88.59,41,627,95762
Maharaja Ranjit Singh Multispeciality Hospital - Malerkotla,Malerkotla,Khanna,Orthopedics,4.8,71.3,31.25,88.59,44,628,95899
Apex Multispeciality Hospital - Amritsar,Amritsar,Jalandhar,ENT,4.7,75.9,43.75,88.57,47,629,96036
Fortune Hospital - Fazilka,Fazilka,Rupnagar,ENT,4.7,75.9,31.25,88.57,46,630,96173
Healing Touch Healthcare - Gurdaspur,Gurdaspur,Amritsar,Gastroenterology,4.7,75.9,31.25,88.57,60,631,96310
Apex Medical Centre - Sangrur,Sangrur,Amritsar,General Medicine,4.7,75.9,37.5,88.57,49,632,96447
Sunrise Multispeciality Hospital - SAS Nagar,SAS Nagar,Bathinda,Gynecology,4.8,71.2,18.75,88.56,38,633,96584
Shivalik Healthcare - Muktsar,Muktsar,Moga,Neurology,4.8,71.2,31.25,88.56,39,634,96721
Healing Touch Medical Centre - Tarn Taran,Tarn Taran,Sangrur,Ophthalmology,4.8,71.2,25.0,88.56,32,635,96858
Prime Care Hospital - Hoshiarpur,Hoshiarpur,Malerkotla,Urology,4.8,71.2,31.25,88.56,48,636,96995
Shaheed Bhagat Singh Hospital - Ludhiana,Ludhiana,Khanna,Urology,4.8,71.2,25.0,88.56,51,637,97132
Shaheed Bhagat Singh Medical Centre - Amritsar,Amritsar,Mohali,Urology,4.8,71.2,25.0,88.56,50,638,97269
Shivalik Medical Centre - SAS Nagar,SAS Nagar,Nawanshahr,Urology,4.8,71.2,18.75,88.56,49,639,97406
City Care Healthcare - Patiala,Patiala,Sangrur,Dermatology,4.7,75.8,43.75,88.54,53,640,97543
Shaheed Bhagat Singh Medical Centre - Kapurthala,Kapurthala,Barnala,ENT,4.7,75.8,50.0,88.54,48,641,97680
Healing Touch Healthcare - Moga,Moga,Gurdaspur,Pediatrics,4.7,75.8,37.5,88.54,46,642,97817
Punjab Medical Centre - Kapurthala,Kapurthala,Muktsar,Cardiology,4.8,71.1,31.25,88.53,47,643,97954
Shivalik Healthcare - Faridkot,Faridkot,Mohali,Cardiology,4.8,71.1,25.0,88.53,48,644,98091
Maharaja Ranjit Singh Medical Centre - Amritsar,Amritsar,Mohali,Dermatology,4.8,71.1,31.25,88.53,45,645,98228
Shaheed Bhagat Singh Medical Centre - Ludhiana,Ludhiana,Ludhiana,Gastroenterology,4.8,71.1,31.25,88.53,47,646,98365
Prime Care Healthcare - Fazilka,Fazilka,Amritsar,Orthopedics,4.8,71.1,31.25,88.53,45,647,98502
Apex Medical Centre - Jalandhar,Jalandhar,Kapurthala,Pediatrics,4.8,71.1,31.25,88.53,35,648,98639
Apex Hospital - Ferozepur,Ferozepur,Jalandhar,Urology,4.8,71.1,18.75,88.53,54,649,98776
Punjab Multispeciality Hospital - Jalandhar,Jalandhar,Jalandhar,Urology,4.8,71.1,31.25,88.53,53,650,98913
Sewa Medical Centre - Barnala,Barnala,Bathinda,Urology,4.8,71.1,18.75,88.53,52,651,99050
Medicare Healthcare - Gurdaspur,Gurdaspur,Nawanshahr,Cardiology,4.7,75.7,43.75,88.51,57,652,99187
Fortune Hospital - Jalandhar,Jalandhar,Firozpur,Cardiology,4.8,71.0,31.25,88.5,49,653,99324
Guru Nanak Medical Centre - Moga,Moga,Barnala,Gastroenterology,4.8,71.0,31.25,88.5,48,654,99461
Healing Touch Hospital - Faridkot,Faridkot,Sangrur,Gastroenterology,4.8,71.0,25.0,88.5,49,655,99598
Medicare Medical Centre - Hoshiarpur,Hoshiarpur,Rajpura,Gastroenterology,4.8,71.0,18.75,88.5,50,656,99735
Medicare Multispeciality Hospital - Rupnagar,Rupnagar,Rupnagar,Gynecology,4.8,71.0,31.25,88.5,39,657,99872
Sunrise Medical Centre - Jalandhar,Jalandhar,Rupnagar,Gynecology,4.8,71.0,31.25,88.5,40,658,10009
Shaheed Bhagat Singh Hospital - Jalandhar,Jalandhar,Rajpura,Nephrology,4.8,71.0,31.25,88.5,38,659,10146
Punjab Medical Centre - SAS Nagar,SAS Nagar,Mansa,Neurology,4.8,71.0,25.0,88.5,40,660,10283
Guru Nanak Multispeciality Hospital - Ferozepur,Ferozepur,Gurdaspur,Ophthalmology,4.8,71.0,31.25,88.5,33,661,10420
Sewa Medical Centre - Barnala,Barnala,Amritsar,Pediatrics,4.8,71.0,31.25,88.5,36,662,10557
City Care Hospital - Barnala,Barnala,Sangrur,Urology,4.8,71.0,31.25,88.5,55,663,10694
Healing Touch Healthcare - Tarn Taran,Tarn Taran,Firozpur,General Medicine,4.7,75.6,37.5,88.48,50,664,10831
Sunrise Multispeciality Hospital - Fatehgarh Sahib,Fatehgarh Sahib,Hoshiarpur,Gynecology,4.7,75.6,43.75,88.48,47,665,10968
Mata Kaushalya Healthcare - Moga,Moga,Malerkotla,Urology,4.8,70.9,31.25,88.47,56,666,11105
Medicare Healthcare - Malerkotla,Malerkotla,Moga,Dermatology,4.7,75.5,31.25,88.45,54,667,11242
Fortune Medical Centre - Mansa,Mansa,Ludhiana,ENT,4.7,75.5,31.25,88.45,49,668,11379
Fortune Multispeciality Hospital - Kapurthala,Kapurthala,Malerkotla,Neurology,4.7,75.5,37.5,88.45,55,669,11516
City Care Healthcare - Fazilka,Fazilka,Phagwara,Nephrology,4.8,70.8,25.0,88.44,39,670,11653
Mata Kaushalya Medical Centre - Barnala,Barnala,Barnala,Orthopedics,4.8,70.8,25.0,88.44,46,671,11790
Medicare Hospital - Faridkot,Faridkot,Kapurthala,Pediatrics,4.8,70.8,25.0,88.44,37,672,11927
Shaheed Bhagat Singh Healthcare - Sangrur,Sangrur,Jalandhar,Urology,4.8,70.8,31.25,88.44,58,673,12064
Shivalik Hospital - SAS Nagar,SAS Nagar,Amritsar,Urology,4.8,70.8,25.0,88.44,57,674,12201
Prime Care Hospital - Ludhiana,Ludhiana,Bathinda,ENT,4.7,75.4,37.5,88.42,50,675,12338
Shaheed Bhagat Singh Medical Centre - Mansa,Mansa,Mohali,Nephrology,4.7,75.4,37.5,88.42,48,676,12475
Fortune Multispeciality Hospital - Amritsar,Amritsar,Gurdaspur,Pulmonology,4.7,75.4,37.5,88.42,53,677,12612
Maharaja Ranjit Singh Medical Centre - Hoshiarpur,Hoshiarpur,Rupnagar,Urology,4.7,75.4,37.5,88.42,65,678,12749
City Care Multispeciality Hospital - SAS Nagar,SAS Nagar,Jalandhar,Cardiology,4.8,70.7,31.25,88.41,50,679,12886
Apex Multispeciality Hospital - Fazilka,Fazilka,Rupnagar,General Medicine,4.8,70.7,25.0,88.41,36,680,13023
Sewa Medical Centre - Kapurthala,Kapurthala,Nawanshahr,General Medicine,4.8,70.7,18.75,88.41,37,681,13160
Medicare Healthcare - Tarn Taran,Tarn Taran,Barnala,Ophthalmology,4.8,70.7,25.0,88.41,34,682,13297
Shaheed Bhagat Singh Healthcare - Gurdaspur,Gurdaspur,Ludhiana,Pulmonology,4.8,70.7,18.75,88.41,43,683,13434
Sewa Multispeciality Hospital - Moga,Moga,Pathankot,Ophthalmology,4.7,75.3,37.5,88.39,43,684,13571
Shivalik Multispeciality Hospital - Muktsar,Muktsar,Rajpura,Gynecology,4.8,70.6,25.0,88.38,41,685,13708
Guru Nanak Medical Centre - Fatehgarh Sahib,Fatehgarh Sahib,Muktsar,Nephrology,4.8,70.6,25.0,88.38,40,686,13845
Medicare Medical Centre - Nawanshahr,Nawanshahr,Pathankot,Nephrology,4.8,70.6,18.75,88.38,41,687,13982
Sunrise Hospital - Kapurthala,Kapurthala,Ludhiana,Oncology,4.8,70.6,25.0,88.38,42,688,14119
Sewa Healthcare - Ferozepur,Ferozepur,Rajpura,Ophthalmology,4.8,70.6,25.0,88.38,35,689,14256
Shaheed Bhagat Singh Multispeciality Hospital - Bathinda,Bathinda,Moga,Pediatrics,4.8,70.6,31.25,88.38,38,690,14393
Punjab Multispeciality Hospital - Pathankot,Pathankot,Khanna,General Surgery,4.7,75.2,37.5,88.36,42,691,14530
Healing Touch Multispeciality Hospital - Fazilka,Fazilka,Jalandhar,Nephrology,4.7,75.2,50.0,88.36,49,692,14667
Fortune Hospital - Kapurthala,Kapurthala,Jalandhar,Ophthalmology,4.8,70.5,25.0,88.35,36,693,14804
Maharaja Ranjit Singh Medical Centre - Fatehgarh Sahib,Fatehgarh Sahib,Hoshiarpur,Ophthalmology,4.8,70.5,12.5,88.35,37,694,14941
Fortune Medical Centre - Faridkot,Faridkot,Mohali,Pulmonology,4.8,70.5,25.0,88.35,44,695,15078
Lifeline Hospital - Amritsar,Amritsar,Bathinda,ENT,4.7,75.1,37.5,88.33,51,696,15215
Sunrise Multispeciality Hospital - Nawanshahr,Nawanshahr,Mansa,ENT,4.7,75.1,37.5,88.33,52,697,15352
Maharaja Ranjit Singh Multispeciality Hospital - Pathankot,Pathankot,Rupnagar,Orthopedics,4.7,75.1,37.5,88.33,52,698,15489
Shivalik Multispeciality Hospital - Bathinda,Bathinda,Jalandhar,Urology,4.7,75.1,37.5,88.33,66,699,15626
Shaheed Bhagat Singh Multispeciality Hospital - Gurdaspur,Gurdaspur,Jalandhar,Dermatology,4.8,70.4,25.0,88.32,46,700,15763
Fortune Healthcare - Tarn Taran,Tarn Taran,Kapurthala,Gastroenterology,4.8,70.4,25.0,88.32,52,701,15900
Sewa Healthcare - Ferozepur,Ferozepur,Phagwara,Gastroenterology,4.8,70.4,18.75,88.32,53,702,16037
Sunrise Medical Centre - Barnala,Barnala,Malerkotla,Gastroenterology,4.8,70.4,25.0,88.32,51,703,16174
Shivalik Multispeciality Hospital - Hoshiarpur,Hoshiarpur,Patiala,General Medicine,4.8,70.4,25.0,88.32,38,704,16311
Punjab Hospital - Nawanshahr,Nawanshahr,Khanna,General Medicine,4.7,75.0,43.75,88.3,51,705,16448
Healing Touch Medical Centre - Amritsar,Amritsar,Muktsar,Pediatrics,4.7,75.0,31.25,88.3,47,706,16585
Sunrise Healthcare - Patiala,Patiala,Amritsar,Cardiology,4.8,70.3,12.5,88.29,51,707,16722
Medicare Multispeciality Hospital - Ferozepur,Ferozepur,Mohali,Neurology,4.8,70.3,18.75,88.29,41,708,16859
Sunrise Hospital - Faridkot,Faridkot,Hoshiarpur,Neurology,4.8,70.3,25.0,88.29,42,709,16996
Shaheed Bhagat Singh Healthcare - Jalandhar,Jalandhar,Ludhiana,ENT,4.7,74.9,37.5,88.27,53,710,17133
Punjab Hospital - Ludhiana,Ludhiana,Phagwara,Gynecology,4.7,74.9,31.25,88.27,48,711,17270
Shivalik Healthcare - Jalandhar,Jalandhar,Jalandhar,Nephrology,4.8,70.2,18.75,88.26,42,712,17407
Guru Nanak Hospital - Amritsar,Amritsar,Abohar,Orthopedics,4.8,70.2,25.0,88.26,47,713,17544
Healing Touch Medical Centre - Malerkotla,Malerkotla,Nawanshahr,ENT,4.7,74.8,37.5,88.24,54,714,17681
Medicare Multispeciality Hospital - Ludhiana,Ludhiana,Amritsar,General Medicine,4.7,74.8,31.25,88.24,52,715,17818
Fortune Healthcare - SAS Nagar,SAS Nagar,Ludhiana,Gastroenterology,4.8,70.1,25.0,88.23,54,716,17955
Healing Touch Healthcare - Malerkotla,Malerkotla,Malerkotla,General Surgery,4.8,70.1,25.0,88.23,35,717,18092
Shivalik Healthcare - Patiala,Patiala,Khanna,General Surgery,4.8,70.1,25.0,88.23,36,718,18229
Mata Kaushalya Hospital - Hoshiarpur,Hoshiarpur,Hoshiarpur,Oncology,4.8,70.1,25.0,88.23,43,719,18366
Apex Healthcare - Pathankot,Pathankot,Ludhiana,Neurology,4.7,74.7,43.75,88.21,56,720,18503
Punjab Multispeciality Hospital - SAS Nagar,SAS Nagar,Mohali,Pediatrics,4.7,74.7,37.5,88.21,48,721,18640
Sewa Hospital - Tarn Taran,Tarn Taran,Barnala,Cardiology,4.8,70.0,25.0,88.2,52,722,18777
City Care Hospital - Moga,Moga,Hoshiarpur,Neurology,4.8,70.0,25.0,88.2,43,723,18914
Mata Kaushalya Medical Centre - SAS Nagar,SAS Nagar,Kapurthala,Neurology,4.8,70.0,25.0,88.2,44,724,19051
Maharaja Ranjit Singh Healthcare - Faridkot,Faridkot,Bathinda,Ophthalmology,4.8,70.0,25.0,88.2,38,725,19188
Prime Care Multispeciality Hospital - Malerkotla,Malerkotla,Sangrur,Urology,4.8,70.0,25.0,88.2,59,726,19325
Maharaja Ranjit Singh Multispeciality Hospital - Muktsar,Muktsar,Khanna,Cardiology,4.7,74.6,37.5,88.18,59,727,19462
Punjab Multispeciality Hospital - Hoshiarpur,Hoshiarpur,Bathinda,Cardiology,4.7,74.6,31.25,88.18,58,728,19599
Shivalik Hospital - Pathankot,Pathankot,Bathinda,ENT,4.7,74.6,31.25,88.18,55,729,19736
Medicare Multispeciality Hospital - Fazilka,Fazilka,Ludhiana,Gastroenterology,4.7,74.6,37.5,88.18,61,730,19873
Lifeline Healthcare - Fatehgarh Sahib,Fatehgarh Sahib,Jalandhar,General Medicine,4.7,74.6,43.75,88.18,53,731,20010
Shaheed Bhagat Singh Hospital - Moga,Moga,Bathinda,Ophthalmology,4.7,74.6,31.25,88.18,44,732,20147
Guru Nanak Multispeciality Hospital - Patiala,Patiala,Gurdaspur,Urology,4.7,74.6,31.25,88.18,67,733,20284
Mata Kaushalya Healthcare - Tarn Taran,Tarn Taran,Mohali,Gastroenterology,4.8,69.9,25.0,88.17,55,734,20421
Punjab Hospital - Nawanshahr,Nawanshahr,Barnala,Gynecology,4.8,69.9,18.75,88.17,42,735,20558
Maharaja Ranjit Singh Healthcare - SAS Nagar,SAS Nagar,Jalandhar,Neurology,4.8,69.9,25.0,88.17,45,736,20695
Shaheed Bhagat Singh Healthcare - Tarn Taran,Tarn Taran,Phagwara,Oncology,4.8,69.9,25.0,88.17,44,737,20832
Mata Kaushalya Medical Centre - Tarn Taran,Tarn Taran,Patiala,Orthopedics,4.8,69.9,25.0,88.17,48,738,20969
Apex Multispeciality Hospital - Malerkotla,Malerkotla,Patiala,Cardiology,4.7,74.5,37.5,88.15,60,739,21106
Shaheed Bhagat Singh Medical Centre - Faridkot,Faridkot,Malerkotla,Dermatology,4.7,74.5,43.75,88.15,56,740,21243
Sunrise Hospital - Bathinda,Bathinda,Mohali,Dermatology,4.7,74.5,37.5,88.15,55,741,21380
Medicare Hospital - Jalandhar,Jalandhar,Jalandhar,General Medicine,4.8,69.8,18.75,88.14,39,742,21517
Maharaja Ranjit Singh Hospital - Mansa,Mansa,Malerkotla,Orthopedics,4.8,69.8,18.75,88.14,49,743,21654
City Care Medical Centre - Mansa,Mansa,Mohali,Pulmonology,4.8,69.8,25.0,88.14,45,744,21791
Shaheed Bhagat Singh Multispeciality Hospital - Ferozepur,Ferozepur,Abohar,Urology,4.8,69.8,25.0,88.14,60,745,21928
Shivalik Healthcare - Kapurthala,Kapurthala,Khanna,Gastroenterology,4.7,74.4,43.75,88.12,62,746,22065
Medicare Healthcare - Bathinda,Bathinda,Sangrur,General Medicine,4.7,74.4,43.75,88.12,54,747,22202
City Care Healthcare - Mansa,Mansa,Barnala,General Surgery,4.7,74.4,31.25,88.12,43,748,22339
Guru Nanak Healthcare - Fazilka,Fazilka,Sangrur,Nephrology,4.7,74.4,31.25,88.12,50,749,22476
Punjab Hospital - Fatehgarh Sahib,Fatehgarh Sahib,Ludhiana,Oncology,4.8,69.7,25.0,88.11,45,750,22613
Medicare Medical Centre - Amritsar,Amritsar,Rajpura,Orthopedics,4.8,69.7,25.0,88.11,50,751,22750
Sunrise Multispeciality Hospital - Hoshiarpur,Hoshiarpur,Mansa,Gastroenterology,4.7,74.3,31.25,88.09,63,752,22887
Healing Touch Medical Centre - Ludhiana,Ludhiana,Phagwara,Orthopedics,4.7,74.3,43.75,88.09,53,753,23024
Maharaja Ranjit Singh Healthcare - Fatehgarh Sahib,Fatehgarh Sahib,Mansa,Pediatrics,4.7,74.3,25.0,88.09,49,754,23161
Healing Touch Medical Centre - Rupnagar,Rupnagar,Gurdaspur,Pulmonology,4.7,74.3,43.75,88.09,54,755,23298
Shivalik Multispeciality Hospital - Fatehgarh Sahib,Fatehgarh Sahib,Muktsar,Pulmonology,4.7,74.3,43.75,88.09,56,756,23435
Sunrise Multispeciality Hospital - Kapurthala,Kapurthala,Gurdaspur,Pulmonology,4.7,74.3,43.75,88.09,55,757,23572
Fortune Medical Centre - Ferozepur,Ferozepur,Ludhiana,Urology,4.7,74.3,37.5,88.09,68,758,23709
Sunrise Healthcare - Nawanshahr,Nawanshahr,Malerkotla,Gastroenterology,4.8,69.6,25.0,88.08,56,759,23846
Maharaja Ranjit Singh Multispeciality Hospital - Gurdaspur,Gurdaspur,Abohar,General Medicine,4.8,69.6,18.75,88.08,40,760,23983
Fortune Medical Centre - Barnala,Barnala,Mansa,Nephrology,4.8,69.6,25.0,88.08,43,761,24120
Prime Care Hospital - Ferozepur,Ferozepur,Rajpura,Pulmonology,4.8,69.6,25.0,88.08,47,762,24257
Punjab Medical Centre - Nawanshahr,Nawanshahr,Pathankot,Pulmonology,4.8,69.6,25.0,88.08,46,763,24394
Medicare Multispeciality Hospital - Ludhiana,Ludhiana,Mansa,Dermatology,4.7,74.2,31.25,88.06,57,764,24531
Fortune Multispeciality Hospital - Sangrur,Sangrur,Rajpura,ENT,4.7,74.2,37.5,88.06,56,765,24668
Healing Touch Multispeciality Hospital - Malerkotla,Malerkotla,Bathinda,Gastroenterology,4.7,74.2,31.25,88.06,65,766,24805
Sunrise Medical Centre - Amritsar,Amritsar,Bathinda,Gastroenterology,4.7,74.2,37.5,88.06,64,767,24942
Punjab Medical Centre - Gurdaspur,Gurdaspur,Amritsar,General Surgery,4.7,74.2,25.0,88.06,44,768,25079
Maharaja Ranjit Singh Healthcare - Hoshiarpur,Hoshiarpur,Nawanshahr,Nephrology,4.7,74.2,37.5,88.06,51,769,25216
Mata Kaushalya Hospital - Bathinda,Bathinda,Bathinda,Neurology,4.7,74.2,31.25,88.06,57,770,25353
Guru Nanak Hospital - Faridkot,Faridkot,Jalandhar,Cardiology,4.8,69.5,25.0,88.05,53,771,25490
Apex Multispeciality Hospital - Amritsar,Amritsar,Mohali,General Medicine,4.8,69.5,25.0,88.05,41,772,25627
Shaheed Bhagat Singh Hospital - Bathinda,Bathinda,Kapurthala,General Surgery,4.8,69.5,25.0,88.05,37,773,25764
Shivalik Hospital - Malerkotla,Malerkotla,Rupnagar,Nephrology,4.8,69.5,18.75,88.05,44,774,25901
Prime Care Healthcare - Fazilka,Fazilka,Jalandhar,Ophthalmology,4.8,69.5,25.0,88.05,39,775,26038
Apex Hospital - Ferozepur,Ferozepur,Phagwara,Cardiology,4.7,74.1,37.5,88.03,61,776,26175
City Care Medical Centre - SAS Nagar,SAS Nagar,Phagwara,Gastroenterology,4.7,74.1,25.0,88.03,67,777,26312
Guru Nanak Multispeciality Hospital - Malerkotla,Malerkotla,Ludhiana,Gastroenterology,4.7,74.1,25.0,88.03,66,778,26449
Lifeline Medical Centre - Sangrur,Sangrur,Khanna,Nephrology,4.7,74.1,31.25,88.03,52,779,26586
Apex Multispeciality Hospital - Pathankot,Pathankot,Hoshiarpur,Oncology,4.7,74.1,31.25,88.03,50,780,26723
Mata Kaushalya Hospital - Ludhiana,Ludhiana,Sangrur,Oncology,4.7,74.1,18.75,88.03,49,781,26860
Sunrise Healthcare - Muktsar,Muktsar,Bathinda,Cardiology,4.8,69.4,25.0,88.02,54,782,26997
Shaheed Bhagat Singh Hospital - Nawanshahr,Nawanshahr,Nawanshahr,ENT,4.8,69.4,18.75,88.02,39,783,27134
City Care Multispeciality Hospital - Mansa,Mansa,Abohar,Gastroenterology,4.8,69.4,25.0,88.02,57,784,27271
Shivalik Healthcare - Hoshiarpur,Hoshiarpur,Khanna,Ophthalmology,4.8,69.4,25.0,88.02,40,785,27408
Shaheed Bhagat Singh Healthcare - Malerkotla,Malerkotla,Phagwara,General Surgery,4.7,74.0,25.0,88.0,45,786,27545
City Care Medical Centre - Mansa,Mansa,Barnala,Ophthalmology,4.7,74.0,43.75,88.0,45,787,27682
Healing Touch Multispeciality Hospital - Faridkot,Faridkot,Firozpur,ENT,4.8,69.3,18.75,87.99,40,788,27819
Shaheed Bhagat Singh Medical Centre - Faridkot,Faridkot,Phagwara,General Surgery,4.7,73.9,37.5,87.97,46,789,27956
City Care Hospital - SAS Nagar,SAS Nagar,Gurdaspur,General Surgery,4.8,69.2,25.0,87.96,38,790,28093
Punjab Multispeciality Hospital - Amritsar,Amritsar,Sangrur,Cardiology,4.7,73.8,25.0,87.94,62,791,28230
Healing Touch Medical Centre - Nawanshahr,Nawanshahr,Jalandhar,Dermatology,4.7,73.8,37.5,87.94,58,792,28367
City Care Multispeciality Hospital - Kapurthala,Kapurthala,Abohar,ENT,4.7,73.8,37.5,87.94,58,793,28504
Sunrise Healthcare - Moga,Moga,Ludhiana,ENT,4.7,73.8,37.5,87.94,57,794,28641
Maharaja Ranjit Singh Hospital - Barnala,Barnala,Muktsar,Gastroenterology,4.7,73.8,31.25,87.94,68,795,28778
Lifeline Medical Centre - Moga,Moga,Bathinda,Gynecology,4.7,73.8,43.75,87.94,50,796,28915
Sewa Healthcare - Malerkotla,Malerkotla,Malerkotla,Gynecology,4.7,73.8,37.5,87.94,49,797,29052
Shivalik Multispeciality Hospital - Muktsar,Muktsar,Muktsar,Pediatrics,4.7,73.8,37.5,87.94,50,798,29189
Mata Kaushalya Hospital - Muktsar,Muktsar,Patiala,Urology,4.7,73.8,43.75,87.94,69,799,29326
Shaheed Bhagat Singh Healthcare - Amritsar,Amritsar,Ludhiana,Gynecology,4.8,69.1,12.5,87.93,43,800,29463
Prime Care Healthcare - SAS Nagar,SAS Nagar,Amritsar,Neurology,4.8,69.1,25.0,87.93,46,801,29600
Prime Care Medical Centre - Amritsar,Amritsar,Malerkotla,Pulmonology,4.8,69.1,18.75,87.93,48,802,29737
Medicare Medical Centre - Tarn Taran,Tarn Taran,Rajpura,Urology,4.8,69.1,25.0,87.93,61,803,29874
Sunrise Hospital - Fatehgarh Sahib,Fatehgarh Sahib,Mansa,Oncology,4.7,73.7,37.5,87.91,51,804,30011
Guru Nanak Multispeciality Hospital - Fazilka,Fazilka,Nawanshahr,Pediatrics,4.7,73.7,31.25,87.91,51,805,30148
Mata Kaushalya Multispeciality Hospital - Mansa,Mansa,Nawanshahr,Pulmonology,4.7,73.7,31.25,87.91,57,806,30285
Sunrise Multispeciality Hospital - Malerkotla,Malerkotla,Patiala,Oncology,4.8,69.0,25.0,87.9,46,807,30422
Apex Hospital - Jalandhar,Jalandhar,Abohar,Nephrology,4.6,78.3,43.75,87.89,81,808,30559
Sunrise Healthcare - Sangrur,Sangrur,Firozpur,Cardiology,4.7,73.6,25.0,87.88,63,809,30696
Guru Nanak Multispeciality Hospital - Bathinda,Bathinda,Hoshiarpur,General Medicine,4.7,73.6,43.75,87.88,55,810,30833
Maharaja Ranjit Singh Medical Centre - Faridkot,Faridkot,Mohali,General Medicine,4.7,73.6,31.25,87.88,56,811,30970
Guru Nanak Hospital - Tarn Taran,Tarn Taran,Khanna,Nephrology,4.7,73.6,37.5,87.88,53,812,31107
Maharaja Ranjit Singh Hospital - Ferozepur,Ferozepur,Rupnagar,Nephrology,4.7,73.6,37.5,87.88,54,813,31244
Medicare Multispeciality Hospital - Malerkotla,Malerkotla,Moga,Neurology,4.7,73.6,37.5,87.88,58,814,31381
Sunrise Hospital - Jalandhar,Jalandhar,Khanna,Orthopedics,4.7,73.6,31.25,87.88,54,815,31518
Mata Kaushalya Healthcare - Mansa,Mansa,Mansa,Urology,4.7,73.6,43.75,87.88,70,816,31655
Shivalik Healthcare - Tarn Taran,Tarn Taran,Rupnagar,Urology,4.7,73.6,37.5,87.88,71,817,31792
Lifeline Hospital - Malerkotla,Malerkotla,Gurdaspur,Pediatrics,4.8,68.9,18.75,87.87,39,818,31929
Prime Care Multispeciality Hospital - Fatehgarh Sahib,Fatehgarh Sahib,Mohali,Gastroenterology,4.7,73.5,37.5,87.85,69,819,32066
Prime Care Multispeciality Hospital - Ludhiana,Ludhiana,Abohar,Pediatrics,4.7,73.5,43.75,87.85,52,820,32203
Fortune Medical Centre - Kapurthala,Kapurthala,Muktsar,Pulmonology,4.7,73.5,31.25,87.85,58,821,32340
Maharaja Ranjit Singh Medical Centre - Sangrur,Sangrur,Mansa,Dermatology,4.8,68.8,18.75,87.84,48,822,32477
Maharaja Ranjit Singh Multispeciality Hospital - Ludhiana,Ludhiana,Mohali,Dermatology,4.8,68.8,18.75,87.84,47,823,32614
Shivalik Multispeciality Hospital - Patiala,Patiala,Kapurthala,General Surgery,4.8,68.8,18.75,87.84,39,824,32751
Medicare Multispeciality Hospital - Rupnagar,Rupnagar,Rajpura,Cardiology,4.7,73.4,43.75,87.82,64,825,32888
Fortune Hospital - Muktsar,Muktsar,Nawanshahr,Dermatology,4.7,73.4,37.5,87.82,59,826,33025
Medicare Multispeciality Hospital - Fazilka,Fazilka,Muktsar,Gastroenterology,4.7,73.4,25.0,87.82,70,827,33162
Shivalik Multispeciality Hospital - Sangrur,Sangrur,Barnala,Gynecology,4.7,73.4,25.0,87.82,51,828,33299
Guru Nanak Healthcare - Tarn Taran,Tarn Taran,Rupnagar,Neurology,4.7,73.4,31.25,87.82,59,829,33436
Shivalik Healthcare - Fazilka,Fazilka,Nawanshahr,Oncology,4.7,73.4,37.5,87.82,52,830,33573
Healing Touch Medical Centre - Pathankot,Pathankot,Barnala,Ophthalmology,4.7,73.4,37.5,87.82,46,831,33710
Mata Kaushalya Medical Centre - Sangrur,Sangrur,Moga,Pediatrics,4.7,73.4,25.0,87.82,53,832,33847
Sewa Multispeciality Hospital - Mansa,Mansa,Kapurthala,Urology,4.7,73.4,31.25,87.82,72,833,33984
Guru Nanak Medical Centre - SAS Nagar,SAS Nagar,Jalandhar,General Medicine,4.8,68.7,12.5,87.81,43,834,34121
Punjab Multispeciality Hospital - Nawanshahr,Nawanshahr,Kapurthala,General Medicine,4.8,68.7,18.75,87.81,42,835,34258
Prime Care Medical Centre - Kapurthala,Kapurthala,Nawanshahr,Pediatrics,4.7,73.3,43.75,87.79,54,836,34395
Sewa Medical Centre - Jalandhar,Jalandhar,Phagwara,Pediatrics,4.7,73.3,37.5,87.79,55,837,34532
Healing Touch Medical Centre - Jalandhar,Jalandhar,Abohar,Pulmonology,4.7,73.3,31.25,87.79,59,838,34669
Guru Nanak Hospital - Fazilka,Fazilka,Amritsar,Urology,4.7,73.3,31.25,87.79,73,839,34806
Fortune Healthcare - Ferozepur,Ferozepur,Muktsar,Neurology,4.6,77.9,43.75,87.77,85,840,34943
Maharaja Ranjit Singh Hospital - Sangrur,Sangrur,Mohali,Pediatrics,4.6,77.9,43.75,87.77,76,841,35080
Fortune Hospital - Muktsar,Muktsar,Patiala,ENT,4.7,73.2,31.25,87.76,60,842,35217
Guru Nanak Medical Centre - Moga,Moga,Jalandhar,ENT,4.7,73.2,43.75,87.76,59,843,35354
Guru Nanak Multispeciality Hospital - Nawanshahr,Nawanshahr,Muktsar,ENT,4.7,73.2,37.5,87.76,62,844,35491
Sunrise Healthcare - SAS Nagar,SAS Nagar,Moga,ENT,4.7,73.2,31.25,87.76,61,845,35628
Healing Touch Multispeciality Hospital - Fatehgarh Sahib,Fatehgarh Sahib,Hoshiarpur,Gastroenterology,4.7,73.2,43.75,87.76,71,846,35765
Shivalik Medical Centre - Hoshiarpur,Hoshiarpur,Amritsar,General Medicine,4.7,73.2,31.25,87.76,57,847,35902
Healing Touch Healthcare - Mansa,Mansa,Kapurthala,Oncology,4.7,73.2,43.75,87.76,53,848,36039
Healing Touch Medical Centre - Mansa,Mansa,Amritsar,Ophthalmology,4.7,73.2,37.5,87.76,48,849,36176
Prime Care Hospital - SAS Nagar,SAS Nagar,Moga,Ophthalmology,4.7,73.2,31.25,87.76,47,850,36313
Shivalik Healthcare - Bathinda,Bathinda,Malerkotla,General Medicine,4.8,68.5,12.5,87.75,44,851,36450
Shivalik Medical Centre - Rupnagar,Rupnagar,Abohar,Gynecology,4.8,68.5,18.75,87.75,44,852,36587
Shivalik Medical Centre - Jalandhar,Jalandhar,Rajpura,Neurology,4.8,68.5,18.75,87.75,47,853,36724
Mata Kaushalya Multispeciality Hospital - SAS Nagar,SAS Nagar,Muktsar,Oncology,4.8,68.5,18.75,87.75,47,854,36861
Shaheed Bhagat Singh Healthcare - Jalandhar,Jalandhar,Barnala,Cardiology,4.7,73.1,37.5,87.73,65,855,36998
Sewa Medical Centre - Bathinda,Bathinda,Pathankot,Nephrology,4.7,73.1,43.75,87.73,55,856,37135
Maharaja Ranjit Singh Hospital - Ludhiana,Ludhiana,Nawanshahr,Gynecology,4.6,77.7,43.75,87.71,78,857,37272
Shivalik Multispeciality Hospital - Pathankot,Pathankot,Rupnagar,Cardiology,4.7,73.0,37.5,87.7,66,858,37409
Healing Touch Multispeciality Hospital - Moga,Moga,Amritsar,General Medicine,4.7,73.0,37.5,87.7,58,859,37546
Healing Touch Healthcare - Tarn Taran,Tarn Taran,Rupnagar,General Surgery,4.7,73.0,37.5,87.7,47,860,37683
Mata Kaushalya Medical Centre - Ludhiana,Ludhiana,Rupnagar,Nephrology,4.7,73.0,31.25,87.7,56,861,37820
Shivalik Hospital - Ferozepur,Ferozepur,Hoshiarpur,Neurology,4.7,73.0,31.25,87.7,60,862,37957
City Care Healthcare - Tarn Taran,Tarn Taran,Moga,Pediatrics,4.7,73.0,37.5,87.7,57,863,38094
Sunrise Medical Centre - Kapurthala,Kapurthala,Mohali,Pediatrics,4.7,73.0,37.5,87.7,56,864,38231
Shaheed Bhagat Singh Medical Centre - Gurdaspur,Gurdaspur,Phagwara,Urology,4.7,73.0,25.0,87.7,74,865,38368
Shivalik Multispeciality Hospital - Pathankot,Pathankot,Nawanshahr,Neurology,4.8,68.3,18.75,87.69,48,866,38505
Lifeline Hospital - Tarn Taran,Tarn Taran,Rajpura,ENT,4.7,72.9,37.5,87.67,64,867,38642
Shaheed Bhagat Singh Hospital - Jalandhar,Jalandhar,Mohali,ENT,4.7,72.9,31.25,87.67,63,868,38779
Punjab Multispeciality Hospital - Gurdaspur,Gurdaspur,Pathankot,Gastroenterology,4.7,72.9,31.25,87.67,72,869,38916
Punjab Multispeciality Hospital - Jalandhar,Jalandhar,Phagwara,General Surgery,4.7,72.9,43.75,87.67,48,870,39053
Shivalik Multispeciality Hospital - Kapurthala,Kapurthala,Kapurthala,Ophthalmology,4.7,72.9,37.5,87.67,49,871,39190
Sunrise Medical Centre - Bathinda,Bathinda,Mohali,Pediatrics,4.7,72.9,43.75,87.67,58,872,39327
Shaheed Bhagat Singh Healthcare - Amritsar,Amritsar,Jalandhar,Pulmonology,4.7,72.9,31.25,87.67,60,873,39464
Sunrise Hospital - Bathinda,Bathinda,Sangrur,ENT,4.8,68.2,18.75,87.66,41,874,39601
Healing Touch Medical Centre - Patiala,Patiala,Barnala,Gynecology,4.7,72.8,31.25,87.64,53,875,39738
Punjab Healthcare - SAS Nagar,SAS Nagar,Nawanshahr,Gynecology,4.7,72.8,43.75,87.64,52,876,39875
City Care Healthcare - Pathankot,Pathankot,Barnala,Oncology,4.7,72.8,37.5,87.64,54,877,40012
Maharaja Ranjit Singh Hospital - Fatehgarh Sahib,Fatehgarh Sahib,Mansa,Orthopedics,4.7,72.8,31.25,87.64,55,878,40149
Punjab Hospital - Bathinda,Bathinda,Mohali,Dermatology,4.8,68.1,18.75,87.63,49,879,40286
Mata Kaushalya Hospital - Kapurthala,Kapurthala,Hoshiarpur,Gastroenterology,4.7,72.7,31.25,87.61,73,880,40423
Healing Touch Hospital - Nawanshahr,Nawanshahr,Abohar,Ophthalmology,4.7,72.7,37.5,87.61,50,881,40560
Sewa Multispeciality Hospital - Muktsar,Muktsar,Nawanshahr,Orthopedics,4.7,72.7,25.0,87.61,56,882,40697
Shivalik Healthcare - Amritsar,Amritsar,Gurdaspur,ENT,4.7,72.6,37.5,87.58,65,883,40834
Guru Nanak Healthcare - Mansa,Mansa,Gurdaspur,Gastroenterology,4.7,72.6,25.0,87.58,74,884,40971
Fortune Medical Centre - Gurdaspur,Gurdaspur,Nawanshahr,General Medicine,4.7,72.6,37.5,87.58,59,885,41108
Guru Nanak Hospital - Muktsar,Muktsar,Hoshiarpur,Gynecology,4.7,72.6,37.5,87.58,54,886,41245
Lifeline Healthcare - Ferozepur,Ferozepur,Rupnagar,Oncology,4.7,72.6,43.75,87.58,55,887,41382
Fortune Multispeciality Hospital - Sangrur,Sangrur,Abohar,Pediatrics,4.7,72.6,31.25,87.58,59,888,41519
Mata Kaushalya Hospital - Tarn Taran,Tarn Taran,Sangrur,Pediatrics,4.7,72.6,31.25,87.58,60,889,41656
City Care Multispeciality Hospital - Kapurthala,Kapurthala,Khanna,Pulmonology,4.7,72.6,31.25,87.58,61,890,41793
Healing Touch Healthcare - Nawanshahr,Nawanshahr,Gurdaspur,Neurology,4.8,67.9,12.5,87.57,49,891,41930
Fortune Hospital - SAS Nagar,SAS Nagar,Nawanshahr,General Medicine,4.7,72.5,37.5,87.55,60,892,42067
Lifeline Multispeciality Hospital - Faridkot,Faridkot,Nawanshahr,Neurology,4.7,72.5,43.75,87.55,61,893,42204
Guru Nanak Healthcare - Gurdaspur,Gurdaspur,Rupnagar,Oncology,4.7,72.5,31.25,87.55,56,894,42341
Maharaja Ranjit Singh Medical Centre - Tarn Taran,Tarn Taran,Pathankot,Pediatrics,4.7,72.5,37.5,87.55,61,895,42478
City Care Multispeciality Hospital - Barnala,Barnala,Malerkotla,Pulmonology,4.7,72.5,43.75,87.55,63,896,42615
Sewa Multispeciality Hospital - Mansa,Mansa,Mansa,Pulmonology,4.7,72.5,37.5,87.55,62,897,42752
Guru Nanak Multispeciality Hospital - Patiala,Patiala,Phagwara,ENT,4.7,72.4,31.25,87.52,66,898,42889
Prime Care Medical Centre - Jalandhar,Jalandhar,Rupnagar,General Medicine,4.7,72.4,31.25,87.52,61,899,43026
Maharaja Ranjit Singh Hospital - SAS Nagar,SAS Nagar,Amritsar,Gynecology,4.7,72.4,31.25,87.52,55,900,43163
Lifeline Healthcare - Sangrur,Sangrur,Gurdaspur,Neurology,4.7,72.4,31.25,87.52,62,901,43300
Lifeline Hospital - Sangrur,Sangrur,Patiala,Oncology,4.7,72.4,37.5,87.52,57,902,43437
Shaheed Bhagat Singh Healthcare - Mansa,Mansa,Sangrur,Orthopedics,4.7,72.4,37.5,87.52,57,903,43574
Apex Healthcare - Muktsar,Muktsar,Rajpura,Dermatology,4.8,67.7,18.75,87.51,50,904,43711
Shivalik Healthcare - Moga,Moga,Abohar,Pulmonology,4.8,67.7,12.5,87.51,49,905,43848
Guru Nanak Healthcare - Tarn Taran,Tarn Taran,Muktsar,Pediatrics,4.6,77.0,37.5,87.5,77,906,43985
Mata Kaushalya Healthcare - Ferozepur,Ferozepur,Patiala,General Surgery,4.7,72.3,31.25,87.49,49,907,44122
Maharaja Ranjit Singh Medical Centre - Faridkot,Faridkot,Moga,Gynecology,4.7,72.3,31.25,87.49,57,908,44259
Sunrise Multispeciality Hospital - Fazilka,Fazilka,Mohali,Gynecology,4.7,72.3,25.0,87.49,56,909,44396
Shivalik Hospital - Kapurthala,Kapurthala,Phagwara,Neurology,4.7,72.3,37.5,87.49,63,910,44533
Guru Nanak Multispeciality Hospital - Barnala,Barnala,Nawanshahr,Urology,4.7,72.3,18.75,87.49,76,911,44670
Punjab Medical Centre - Rupnagar,Rupnagar,Hoshiarpur,Urology,4.7,72.3,31.25,87.49,75,912,44807
Mata Kaushalya Hospital - Ludhiana,Ludhiana,Barnala,General Medicine,4.8,67.6,18.75,87.48,45,913,44944
Medicare Medical Centre - Patiala,Patiala,Moga,Gastroenterology,4.6,76.9,43.75,87.47,93,914,45081
City Care Hospital - Moga,Moga,Ludhiana,ENT,4.7,72.2,25.0,87.46,67,915,45218
Fortune Healthcare - Mansa,Mansa,Jalandhar,General Medicine,4.7,72.2,37.5,87.46,62,916,45355
Shivalik Healthcare - Ludhiana,Ludhiana,Abohar,Neurology,4.7,72.2,25.0,87.46,64,917,45492
City Care Medical Centre - Kapurthala,Kapurthala,Rajpura,Pediatrics,4.7,72.2,37.5,87.46,62,918,45629
Shaheed Bhagat Singh Medical Centre - Gurdaspur,Gurdaspur,Bathinda,General Medicine,4.8,67.5,18.75,87.45,46,919,45766
Shaheed Bhagat Singh Hospital - Ferozepur,Ferozepur,Bathinda,Ophthalmology,4.6,76.8,50.0,87.44,64,920,45903
Punjab Hospital - Gurdaspur,Gurdaspur,Barnala,Dermatology,4.7,72.1,25.0,87.43,60,921,46040
Mata Kaushalya Hospital - Barnala,Barnala,Muktsar,Neurology,4.7,72.1,25.0,87.43,66,922,46177
Sewa Multispeciality Hospital - Fatehgarh Sahib,Fatehgarh Sahib,Khanna,Neurology,4.7,72.1,25.0,87.43,65,923,46314
Guru Nanak Healthcare - Tarn Taran,Tarn Taran,Barnala,Orthopedics,4.7,72.1,37.5,87.43,58,924,46451
Prime Care Healthcare - Barnala,Barnala,Gurdaspur,Nephrology,4.8,67.4,12.5,87.42,45,925,46588
Shivalik Medical Centre - Jalandhar,Jalandhar,Ludhiana,Nephrology,4.6,76.7,37.5,87.41,82,926,46725
Fortune Hospital - Moga,Moga,Sangrur,Cardiology,4.7,72.0,31.25,87.4,67,927,46862
Guru Nanak Healthcare - Patiala,Patiala,Muktsar,Dermatology,4.7,72.0,31.25,87.4,61,928,46999
Lifeline Hospital - Ferozepur,Ferozepur,Malerkotla,Gastroenterology,4.7,72.0,31.25,87.4,75,929,47136
Sewa Multispeciality Hospital - Amritsar,Amritsar,Ludhiana,General Medicine,4.7,72.0,31.25,87.4,63,930,47273
Guru Nanak Multispeciality Hospital - Pathankot,Pathankot,Patiala,General Surgery,4.7,72.0,37.5,87.4,50,931,47410
Lifeline Medical Centre - Tarn Taran,Tarn Taran,Hoshiarpur,Neurology,4.7,72.0,31.25,87.4,67,932,47547
Prime Care Healthcare - Nawanshahr,Nawanshahr,Pathankot,Oncology,4.7,72.0,31.25,87.4,58,933,47684
Mata Kaushalya Healthcare - Amritsar,Amritsar,Bathinda,Orthopedics,4.7,72.0,37.5,87.4,59,934,47821
Healing Touch Medical Centre - Rupnagar,Rupnagar,Gurdaspur,Neurology,4.8,67.3,12.5,87.39,50,935,47958
Lifeline Medical Centre - Bathinda,Bathinda,Khanna,Gynecology,4.6,76.6,43.75,87.38,79,936,48095
Shaheed Bhagat Singh Multispeciality Hospital - Rupnagar,Rupnagar,Patiala,Dermatology,4.7,71.9,31.25,87.37,62,937,48232
Sunrise Hospital - Faridkot,Faridkot,Rupnagar,Dermatology,4.7,71.9,31.25,87.37,63,938,48369
Medicare Medical Centre - Moga,Moga,Firozpur,General Surgery,4.7,71.9,37.5,87.37,51,939,48506
Medicare Multispeciality Hospital - Barnala,Barnala,Rupnagar,Gynecology,4.7,71.9,31.25,87.37,58,940,48643
Prime Care Multispeciality Hospital - Faridkot,Faridkot,Bathinda,Nephrology,4.7,71.9,37.5,87.37,57,941,48780
Shivalik Healthcare - Tarn Taran,Tarn Taran,Rajpura,Neurology,4.8,67.2,12.5,87.36,51,942,48917
Guru Nanak Multispeciality Hospital - Hoshiarpur,Hoshiarpur,Pathankot,Dermatology,4.7,71.8,25.0,87.34,64,943,49054
Apex Healthcare - Rupnagar,Rupnagar,Barnala,Cardiology,4.7,71.7,31.25,87.31,68,944,49191
Prime Care Hospital - Barnala,Barnala,Pathankot,Dermatology,4.7,71.7,25.0,87.31,66,945,49328
Shivalik Multispeciality Hospital - Hoshiarpur,Hoshiarpur,Kapurthala,Dermatology,4.7,71.7,31.25,87.31,65,946,49465
Sunrise Multispeciality Hospital - Ferozepur,Ferozepur,Bathinda,Gastroenterology,4.7,71.7,25.0,87.31,76,947,49602
Healing Touch Hospital - Malerkotla,Malerkotla,Jalandhar,General Surgery,4.7,71.7,25.0,87.31,53,948,49739
Punjab Medical Centre - Mansa,Mansa,Jalandhar,General Surgery,4.7,71.7,31.25,87.31,52,949,49876
Guru Nanak Multispeciality Hospital - Jalandhar,Jalandhar,Barnala,Gynecology,4.7,71.7,25.0,87.31,60,950,50013
Shaheed Bhagat Singh Medical Centre - Fatehgarh Sahib,Fatehgarh Sahib,Ludhiana,Gynecology,4.7,71.7,31.25,87.31,59,951,50150
Healing Touch Hospital - Amritsar,Amritsar,Patiala,Gynecology,4.6,76.3,37.5,87.29,80,952,50287
Apex Medical Centre - Kapurthala,Kapurthala,Mohali,ENT,4.7,71.6,31.25,87.28,68,953,50424
Maharaja Ranjit Singh Hospital - Bathinda,Bathinda,Nawanshahr,General Medicine,4.7,71.6,25.0,87.28,65,954,50561
Sunrise Multispeciality Hospital - Kapurthala,Kapurthala,Rupnagar,General Medicine,4.7,71.6,25.0,87.28,64,955,50698
Sewa Healthcare - Barnala,Barnala,Patiala,Neurology,4.7,71.6,25.0,87.28,68,956,50835
Maharaja Ranjit Singh Healthcare - Faridkot,Faridkot,Sangrur,Oncology,4.7,71.6,31.25,87.28,59,957,50972
Guru Nanak Medical Centre - Hoshiarpur,Hoshiarpur,Sangrur,Ophthalmology,4.7,71.6,37.5,87.28,51,958,51109
City Care Medical Centre - Tarn Taran,Tarn Taran,Khanna,Pediatrics,4.7,71.6,25.0,87.28,63,959,51246
Fortune Healthcare - Patiala,Patiala,Gurdaspur,General Medicine,4.6,76.2,37.5,87.26,83,960,51383
Apex Multispeciality Hospital - Malerkotla,Malerkotla,Phagwara,ENT,4.7,71.5,37.5,87.25,70,961,51520
Shaheed Bhagat Singh Healthcare - Faridkot,Faridkot,Jalandhar,ENT,4.7,71.5,25.0,87.25,69,962,51657
Apex Hospital - Pathankot,Pathankot,Rajpura,General Surgery,4.7,71.5,25.0,87.25,54,963,51794
Lifeline Multispeciality Hospital - Sangrur,Sangrur,Patiala,Nephrology,4.7,71.5,37.5,87.25,58,964,51931
Maharaja Ranjit Singh Healthcare - Hoshiarpur,Hoshiarpur,Amritsar,Nephrology,4.7,71.5,37.5,87.25,59,965,52068
Apex Multispeciality Hospital - Moga,Moga,Rupnagar,Urology,4.7,71.5,25.0,87.25,77,966,52205
Shivalik Multispeciality Hospital - Tarn Taran,Tarn Taran,Amritsar,Oncology,4.6,76.1,50.0,87.23,68,967,52342
Healing Touch Medical Centre - SAS Nagar,SAS Nagar,Mohali,Urology,4.6,76.1,43.75,87.23,89,968,52479
Lifeline Multispeciality Hospital - Patiala,Patiala,Moga,Cardiology,4.7,71.4,37.5,87.22,69,969,52616
Sunrise Multispeciality Hospital - Moga,Moga,Rajpura,ENT,4.7,71.4,37.5,87.22,71,970,52753
Mata Kaushalya Healthcare - Sangrur,Sangrur,Gurdaspur,General Surgery,4.7,71.4,25.0,87.22,56,971,52890
Prime Care Medical Centre - Hoshiarpur,Hoshiarpur,Gurdaspur,General Surgery,4.7,71.4,31.25,87.22,55,972,53027
Healing Touch Hospital - Mansa,Mansa,Pathankot,Gynecology,4.7,71.4,37.5,87.22,61,973,53164
Maharaja Ranjit Singh Medical Centre - Patiala,Patiala,Sangrur,Nephrology,4.7,71.4,37.5,87.22,60,974,53301
Apex Medical Centre - Rupnagar,Rupnagar,Moga,Oncology,4.7,71.4,37.5,87.22,60,975,53438
Mata Kaushalya Healthcare - Ludhiana,Ludhiana,Hoshiarpur,Ophthalmology,4.7,71.4,37.5,87.22,52,976,53575
Shaheed Bhagat Singh Medical Centre - Ludhiana,Ludhiana,Bathinda,Ophthalmology,4.7,71.4,37.5,87.22,53,977,53712
Punjab Multispeciality Hospital - Bathinda,Bathinda,Rajpura,Orthopedics,4.7,71.4,31.25,87.22,60,978,53849
Mata Kaushalya Multispeciality Hospital - Ludhiana,Ludhiana,Firozpur,Pediatrics,4.7,71.4,37.5,87.22,64,979,53986
Shaheed Bhagat Singh Healthcare - Ferozepur,Ferozepur,Abohar,Pulmonology,4.7,71.4,25.0,87.22,64,980,54123
City Care Medical Centre - Nawanshahr,Nawanshahr,Rajpura,Urology,4.7,71.4,25.0,87.22,78,981,54260
Mata Kaushalya Healthcare - Hoshiarpur,Hoshiarpur,Rupnagar,Oncology,4.6,76.0,31.25,87.2,69,982,54397
Punjab Healthcare - SAS Nagar,SAS Nagar,Mohali,ENT,4.7,71.3,31.25,87.19,72,983,54534
Guru Nanak Medical Centre - Gurdaspur,Gurdaspur,Phagwara,Gastroenterology,4.7,71.3,25.0,87.19,78,984,54671
Shaheed Bhagat Singh Multispeciality Hospital - Patiala,Patiala,Pathankot,Gastroenterology,4.7,71.3,18.75,87.19,77,985,54808
Shaheed Bhagat Singh Healthcare - Barnala,Barnala,Malerkotla,General Medicine,4.7,71.3,31.25,87.19,66,986,54945
Healing Touch Hospital - Ferozepur,Ferozepur,Jalandhar,Nephrology,4.7,71.3,25.0,87.19,61,987,55082
Shaheed Bhagat Singh Hospital - Mansa,Mansa,Nawanshahr,Nephrology,4.7,71.3,31.25,87.19,62,988,55219
Apex Medical Centre - Patiala,Patiala,Gurdaspur,Neurology,4.7,71.3,37.5,87.19,69,989,55356
Punjab Hospital - SAS Nagar,SAS Nagar,Abohar,Ophthalmology,4.7,71.3,31.25,87.19,54,990,55493
City Care Hospital - Fatehgarh Sahib,Fatehgarh Sahib,Barnala,Urology,4.7,71.3,31.25,87.19,79,991,55630
Lifeline Healthcare - Moga,Moga,Pathankot,Urology,4.7,71.3,31.25,87.19,80,992,55767
Maharaja Ranjit Singh Multispeciality Hospital - Rupnagar,Rupnagar,Firozpur,Cardiology,4.8,66.6,12.5,87.18,55,993,55904
Healing Touch Hospital - Moga,Moga,Muktsar,Cardiology,4.7,71.2,37.5,87.16,70,994,56041
Lifeline Hospital - Tarn Taran,Tarn Taran,Barnala,Dermatology,4.7,71.2,25.0,87.16,67,995,56178
Mata Kaushalya Medical Centre - Amritsar,Amritsar,Mohali,Gynecology,4.7,71.2,37.5,87.16,62,996,56315
Maharaja Ranjit Singh Multispeciality Hospital - Nawanshahr,Nawanshahr,Sangrur,Nephrology,4.7,71.2,25.0,87.16,63,997,56452
Prime Care Multispeciality Hospital - Pathankot,Pathankot,Bathinda,Neurology,4.7,71.2,37.5,87.16,70,998,56589
Apex Healthcare - Fazilka,Fazilka,Ludhiana,Pediatrics,4.7,71.2,18.75,87.16,65,999,56726
Guru Nanak Medical Centre - Tarn Taran,Tarn Taran,Gurdaspur,Dermatology,4.6,75.8,37.5,87.14,85,1000,56863
Sunrise Healthcare - Moga,Moga,Jalandhar,ENT,4.6,75.8,43.75,87.14,89,1001,57000
Punjab Hospital - Mansa,Mansa,Ludhiana,Cardiology,4.7,71.1,25.0,87.13,71,1002,57137
Punjab Medical Centre - Bathinda,Bathinda,Abohar,Cardiology,4.7,71.1,31.25,87.13,72,1003,57274
Shaheed Bhagat Singh Hospital - Patiala,Patiala,Mansa,Cardiology,4.7,71.1,37.5,87.13,73,1004,57411
Fortune Healthcare - Mansa,Mansa,Muktsar,ENT,4.7,71.1,25.0,87.13,73,1005,57548
Maharaja Ranjit Singh Healthcare - Barnala,Barnala,Mansa,ENT,4.7,71.1,31.25,87.13,74,1006,57685
Apex Healthcare - Gurdaspur,Gurdaspur,Firozpur,General Medicine,4.7,71.1,31.25,87.13,67,1007,57822
Healing Touch Medical Centre - Rupnagar,Rupnagar,Phagwara,Nephrology,4.7,71.1,37.5,87.13,64,1008,57959
Mata Kaushalya Medical Centre - Hoshiarpur,Hoshiarpur,Ludhiana,Nephrology,4.7,71.1,31.25,87.13,65,1009,58096
Sewa Multispeciality Hospital - Gurdaspur,Gurdaspur,Jalandhar,Neurology,4.7,71.1,31.25,87.13,71,1010,58233
Healing Touch Healthcare - Malerkotla,Malerkotla,Rupnagar,Pediatrics,4.7,71.1,25.0,87.13,66,1011,58370
Shaheed Bhagat Singh Healthcare - Pathankot,Pathankot,Hoshiarpur,Gynecology,4.6,75.7,37.5,87.11,81,1012,58507
Medicare Healthcare - Moga,Moga,Amritsar,ENT,4.7,71.0,31.25,87.1,75,1013,58644
Shaheed Bhagat Singh Healthcare - Mansa,Mansa,Khanna,ENT,4.7,71.0,31.25,87.1,76,1014,58781
Sewa Healthcare - Bathinda,Bathinda,Muktsar,General Surgery,4.7,71.0,37.5,87.1,57,1015,58918
Fortune Healthcare - Mansa,Mansa,Firozpur,Neurology,4.7,71.0,25.0,87.1,72,1016,59055
Sewa Hospital - Pathankot,Pathankot,Nawanshahr,Pediatrics,4.7,71.0,25.0,87.1,67,1017,59192
Sewa Multispeciality Hospital - Kapurthala,Kapurthala,Moga,Pediatrics,4.8,66.3,12.5,87.09,40,1018,59329
Punjab Hospital - Faridkot,Faridkot,Gurdaspur,Cardiology,4.6,75.6,43.75,87.08,86,1019,59466
Apex Hospital - Rupnagar,Rupnagar,Pathankot,General Surgery,4.6,75.6,43.75,87.08,71,1020,59603
Maharaja Ranjit Singh Medical Centre - Pathankot,Pathankot,Rupnagar,Dermatology,4.7,70.9,31.25,87.07,69,1021,59740
Sewa Healthcare - Sangrur,Sangrur,Patiala,Dermatology,4.7,70.9,31.25,87.07,68,1022,59877
Apex Medical Centre - Ferozepur,Ferozepur,Malerkotla,ENT,4.7,70.9,31.25,87.07,77,1023,60014
Maharaja Ranjit Singh Hospital - Pathankot,Pathankot,Mansa,Gastroenterology,4.7,70.9,18.75,87.07,80,1024,60151
Shaheed Bhagat Singh Medical Centre - Moga,Moga,Firozpur,Gastroenterology,4.7,70.9,25.0,87.07,79,1025,60288
Maharaja Ranjit Singh Medical Centre - Tarn Taran,Tarn Taran,Ludhiana,General Medicine,4.7,70.9,31.25,87.07,69,1026,60425
Sewa Multispeciality Hospital - Malerkotla,Malerkotla,Bathinda,General Medicine,4.7,70.9,18.75,87.07,68,1027,60562
Punjab Hospital - Faridkot,Faridkot,Firozpur,Oncology,4.7,70.9,31.25,87.07,61,1028,60699
Lifeline Medical Centre - SAS Nagar,SAS Nagar,Firozpur,General Surgery,4.6,75.5,43.75,87.05,72,1029,60836
Sunrise Hospital - Patiala,Patiala,Malerkotla,Pediatrics,4.6,75.5,43.75,87.05,78,1030,60973
Mata Kaushalya Multispeciality Hospital - Mansa,Mansa,Patiala,Dermatology,4.7,70.8,25.0,87.04,70,1031,61110
Lifeline Medical Centre - Fatehgarh Sahib,Fatehgarh Sahib,Muktsar,Gastroenterology,4.7,70.8,25.0,87.04,81,1032,61247
City Care Hospital - Jalandhar,Jalandhar,Mansa,General Surgery,4.7,70.8,31.25,87.04,58,1033,61384
Apex Healthcare - Patiala,Patiala,Rajpura,Nephrology,4.7,70.8,25.0,87.04,66,1034,61521
Mata Kaushalya Healthcare - Moga,Moga,Nawanshahr,Orthopedics,4.7,70.8,18.75,87.04,61,1035,61658
Fortune Medical Centre - Jalandhar,Jalandhar,Amritsar,Pediatrics,4.7,70.8,31.25,87.04,68,1036,61795
Lifeline Medical Centre - Nawanshahr,Nawanshahr,Ludhiana,Pulmonology,4.7,70.8,25.0,87.04,66,1037,61932
Sewa Hospital - Sangrur,Sangrur,Amritsar,Pulmonology,4.7,70.8,31.25,87.04,65,1038,62069
Prime Care Healthcare - Gurdaspur,Gurdaspur,Kapurthala,Pediatrics,4.8,66.1,6.25,87.03,41,1039,62206
Maharaja Ranjit Singh Healthcare - Ludhiana,Ludhiana,Bathinda,Dermatology,4.7,70.7,25.0,87.01,71,1040,62343
City Care Healthcare - Jalandhar,Jalandhar,Amritsar,General Medicine,4.7,70.7,25.0,87.01,70,1041,62480
Sewa Multispeciality Hospital - Rupnagar,Rupnagar,Patiala,General Surgery,4.7,70.7,31.25,87.01,59,1042,62617
Healing Touch Multispeciality Hospital - Ferozepur,Ferozepur,Muktsar,Gynecology,4.7,70.7,31.25,87.01,63,1043,62754
Shaheed Bhagat Singh Multispeciality Hospital - Mansa,Mansa,Nawanshahr,Nephrology,4.7,70.7,25.0,87.01,67,1044,62891
City Care Medical Centre - Fatehgarh Sahib,Fatehgarh Sahib,Gurdaspur,Neurology,4.7,70.7,25.0,87.01,73,1045,63028
City Care Hospital - Rupnagar,Rupnagar,Moga,Urology,4.7,70.7,31.25,87.01,81,1046,63165
Punjab Hospital - Moga,Moga,Kapurthala,General Medicine,4.6,75.3,43.75,86.99,84,1047,63302
Prime Care Medical Centre - Faridkot,Faridkot,Rajpura,Orthopedics,4.6,75.3,37.5,86.99,74,1048,63439
Guru Nanak Hospital - Ferozepur,Ferozepur,Phagwara,Urology,4.6,75.3,37.5,86.99,90,1049,63576
Shivalik Multispeciality Hospital - Jalandhar,Jalandhar,Bathinda,Dermatology,4.7,70.6,31.25,86.98,72,1050,63713
Maharaja Ranjit Singh Medical Centre - Gurdaspur,Gurdaspur,Nawanshahr,Gynecology,4.7,70.6,25.0,86.98,64,1051,63850
Healing Touch Medical Centre - Fazilka,Fazilka,Rupnagar,Neurology,4.7,70.6,18.75,86.98,76,1052,63987
Mata Kaushalya Healthcare - Jalandhar,Jalandhar,Hoshiarpur,Neurology,4.7,70.6,18.75,86.98,75,1053,64124
Medicare Hospital - Moga,Moga,Abohar,Neurology,4.7,70.6,31.25,86.98,74,1054,64261
Guru Nanak Hospital - Bathinda,Bathinda,Khanna,Ophthalmology,4.7,70.6,31.25,86.98,55,1055,64398
Guru Nanak Hospital - Hoshiarpur,Hoshiarpur,Khanna,Pulmonology,4.7,70.6,31.25,86.98,68,1056,64535
Shivalik Healthcare - Hoshiarpur,Hoshiarpur,Pathankot,Pulmonology,4.7,70.6,31.25,86.98,67,1057,64672
Prime Care Hospital - Moga,Moga,Pathankot,Cardiology,4.6,75.2,43.75,86.96,87,1058,64809
Shaheed Bhagat Singh Medical Centre - Malerkotla,Malerkotla,Firozpur,Gastroenterology,4.6,75.2,50.0,86.96,94,1059,64946
Guru Nanak Healthcare - Patiala,Patiala,Hoshiarpur,Ophthalmology,4.6,75.2,37.5,86.96,65,1060,65083
Healing Touch Medical Centre - Fatehgarh Sahib,Fatehgarh Sahib,Gurdaspur,Cardiology,4.7,70.5,25.0,86.95,74,1061,65220
Apex Healthcare - Mansa,Mansa,Moga,Gastroenterology,4.7,70.5,31.25,86.95,83,1062,65357
Medicare Medical Centre - Malerkotla,Malerkotla,Bathinda,Gastroenterology,4.7,70.5,25.0,86.95,82,1063,65494
Fortune Hospital - Hoshiarpur,Hoshiarpur,Mansa,Orthopedics,4.7,70.5,25.0,86.95,62,1064,65631
Shaheed Bhagat Singh Healthcare - Ferozepur,Ferozepur,Phagwara,Pediatrics,4.7,70.5,31.25,86.95,69,1065,65768
Shivalik Hospital - Fazilka,Fazilka,Phagwara,Cardiology,4.7,70.4,25.0,86.92,75,1066,65905
Healing Touch Medical Centre - Bathinda,Bathinda,Ludhiana,ENT,4.7,70.4,25.0,86.92,78,1067,66042
Maharaja Ranjit Singh Multispeciality Hospital - Patiala,Patiala,Rupnagar,General Medicine,4.7,70.4,25.0,86.92,72,1068,66179
Shaheed Bhagat Singh Medical Centre - Patiala,Patiala,Abohar,General Medicine,4.7,70.4,31.25,86.92,71,1069,66316
Punjab Multispeciality Hospital - Kapurthala,Kapurthala,Rajpura,General Surgery,4.7,70.4,25.0,86.92,60,1070,66453
Punjab Healthcare - Gurdaspur,Gurdaspur,Muktsar,Gynecology,4.7,70.4,31.25,86.92,66,1071,66590
Sewa Hospital - Jalandhar,Jalandhar,Gurdaspur,Gynecology,4.7,70.4,25.0,86.92,65,1072,66727
Mata Kaushalya Medical Centre - Ludhiana,Ludhiana,Barnala,Orthopedics,4.7,70.4,31.25,86.92,63,1073,66864
Guru Nanak Medical Centre - Ludhiana,Ludhiana,Moga,Pediatrics,4.7,70.4,25.0,86.92,70,1074,67001
Lifeline Hospital - Nawanshahr,Nawanshahr,Patiala,Pediatrics,4.7,70.4,31.25,86.92,71,1075,67138
Sewa Hospital - Muktsar,Muktsar,Malerkotla,Urology,4.6,75.0,50.0,86.9,91,1076,67275
Maharaja Ranjit Singh Medical Centre - Jalandhar,Jalandhar,Barnala,Cardiology,4.7,70.3,31.25,86.89,77,1077,67412
Shaheed Bhagat Singh Healthcare - Fatehgarh Sahib,Fatehgarh Sahib,Barnala,Cardiology,4.7,70.3,25.0,86.89,76,1078,67549
Lifeline Medical Centre - Ferozepur,Ferozepur,Abohar,Dermatology,4.7,70.3,31.25,86.89,73,1079,67686
Apex Multispeciality Hospital - Fazilka,Fazilka,Phagwara,ENT,4.7,70.3,25.0,86.89,79,1080,67823
Prime Care Healthcare - Moga,Moga,Moga,General Medicine,4.7,70.3,31.25,86.89,73,1081,67960
Fortune Hospital - Ludhiana,Ludhiana,Mohali,General Surgery,4.7,70.3,31.25,86.89,61,1082,68097
Prime Care Healthcare - Muktsar,Muktsar,Muktsar,Gynecology,4.7,70.3,31.25,86.89,67,1083,68234
Shaheed Bhagat Singh Hospital - Malerkotla,Malerkotla,Kapurthala,Nephrology,4.7,70.3,31.25,86.89,68,1084,68371
Shaheed Bhagat Singh Multispeciality Hospital - Ferozepur,Ferozepur,Pathankot,Neurology,4.7,70.3,25.0,86.89,77,1085,68508
Guru Nanak Hospital - Pathankot,Pathankot,Amritsar,Oncology,4.7,70.3,31.25,86.89,62,1086,68645
Shaheed Bhagat Singh Healthcare - Malerkotla,Malerkotla,Malerkotla,Orthopedics,4.7,70.3,31.25,86.89,64,1087,68782
Healing Touch Hospital - Fazilka,Fazilka,Khanna,Gastroenterology,4.6,74.9,37.5,86.87,95,1088,68919
Fortune Hospital - Mansa,Mansa,Barnala,General Medicine,4.6,74.9,31.25,86.87,85,1089,69056
Maharaja Ranjit Singh Healthcare - Jalandhar,Jalandhar,Gurdaspur,Neurology,4.6,74.9,43.75,86.87,86,1090,69193
Mata Kaushalya Healthcare - Ferozepur,Ferozepur,Khanna,Urology,4.6,74.9,37.5,86.87,92,1091,69330
Fortune Multispeciality Hospital - Muktsar,Muktsar,Patiala,Cardiology,4.7,70.2,31.25,86.86,79,1092,69467
Lifeline Multispeciality Hospital - Fazilka,Fazilka,Barnala,Cardiology,4.7,70.2,25.0,86.86,78,1093,69604
Maharaja Ranjit Singh Multispeciality Hospital - Jalandhar,Jalandhar,Patiala,Dermatology,4.7,70.2,31.25,86.86,74,1094,69741
Shaheed Bhagat Singh Multispeciality Hospital - Kapurthala,Kapurthala,Kapurthala,Nephrology,4.7,70.2,25.0,86.86,69,1095,69878
Medicare Medical Centre - Amritsar,Amritsar,Pathankot,Pulmonology,4.7,70.2,25.0,86.86,69,1096,70015
Healing Touch Healthcare - SAS Nagar,SAS Nagar,Jalandhar,Urology,4.7,70.2,25.0,86.86,82,1097,70152
Guru Nanak Multispeciality Hospital - Ludhiana,Ludhiana,Mohali,Oncology,4.6,74.8,37.5,86.84,70,1098,70289
Guru Nanak Multispeciality Hospital - Muktsar,Muktsar,Firozpur,Pulmonology,4.6,74.8,37.5,86.84,82,1099,70426
City Care Multispeciality Hospital - Pathankot,Pathankot,Mohali,ENT,4.7,70.1,25.0,86.83,80,1100,70563
Medicare Medical Centre - Mansa,Mansa,Kapurthala,Gastroenterology,4.7,70.1,31.25,86.83,84,1101,70700
Maharaja Ranjit Singh Hospital - Hoshiarpur,Hoshiarpur,Rajpura,General Surgery,4.7,70.1,31.25,86.83,63,1102,70837
Shaheed Bhagat Singh Healthcare - Fatehgarh Sahib,Fatehgarh Sahib,Khanna,General Surgery,4.7,70.1,31.25,86.83,62,1103,70974
Fortune Hospital - Pathankot,Pathankot,Mohali,Nephrology,4.7,70.1,31.25,86.83,70,1104,71111
Fortune Hospital - Jalandhar,Jalandhar,Phagwara,Orthopedics,4.7,70.1,31.25,86.83,65,1105,71248
Healing Touch Hospital - Barnala,Barnala,Rajpura,Pulmonology,4.7,70.1,31.25,86.83,70,1106,71385
Maharaja Ranjit Singh Medical Centre - Gurdaspur,Gurdaspur,Rajpura,Urology,4.7,70.1,25.0,86.83,83,1107,71522
Apex Healthcare - Gurdaspur,Gurdaspur,Hoshiarpur,Gastroenterology,4.6,74.7,37.5,86.81,96,1108,71659
Prime Care Hospital - Nawanshahr,Nawanshahr,Rajpura,General Surgery,4.6,74.7,31.25,86.81,73,1109,71796
Lifeline Medical Centre - Ludhiana,Ludhiana,Patiala,Neurology,4.6,74.7,31.25,86.81,87,1110,71933
Shivalik Medical Centre - Muktsar,Muktsar,Moga,ENT,4.7,70.0,25.0,86.8,81,1111,72070
Prime Care Healthcare - Sangrur,Sangrur,Phagwara,Ophthalmology,4.7,70.0,18.75,86.8,56,1112,72207
Punjab Multispeciality Hospital - Faridkot,Faridkot,Khanna,Pulmonology,4.7,70.0,31.25,86.8,71,1113,72344
Prime Care Hospital - Fatehgarh Sahib,Fatehgarh Sahib,Moga,Gastroenterology,4.6,74.6,37.5,86.78,97,1114,72481
Apex Medical Centre - Muktsar,Muktsar,Rajpura,Pulmonology,4.6,74.6,37.5,86.78,83,1115,72618
Fortune Healthcare - Fazilka,Fazilka,Jalandhar,ENT,4.7,69.9,25.0,86.77,82,1116,72755
Healing Touch Medical Centre - Gurdaspur,Gurdaspur,Malerkotla,ENT,4.7,69.9,31.25,86.77,83,1117,72892
Guru Nanak Healthcare - Fazilka,Fazilka,Kapurthala,General Medicine,4.7,69.9,25.0,86.77,74,1118,73029
Sunrise Hospital - Moga,Moga,Jalandhar,Nephrology,4.7,69.9,31.25,86.77,71,1119,73166
Mata Kaushalya Hospital - Amritsar,Amritsar,Gurdaspur,Pulmonology,4.7,69.9,18.75,86.77,72,1120,73303
Healing Touch Multispeciality Hospital - Gurdaspur,Gurdaspur,Amritsar,General Medicine,4.6,74.5,31.25,86.75,87,1121,73440
Mata Kaushalya Medical Centre - Patiala,Patiala,Ludhiana,General Medicine,4.6,74.5,37.5,86.75,88,1122,73577
Sunrise Hospital - Ludhiana,Ludhiana,Patiala,General Medicine,4.6,74.5,43.75,86.75,86,1123,73714
Mata Kaushalya Medical Centre - Fatehgarh Sahib,Fatehgarh Sahib,Khanna,General Medicine,4.7,69.8,25.0,86.74,75,1124,73851
Shivalik Healthcare - Amritsar,Amritsar,Patiala,General Medicine,4.7,69.8,25.0,86.74,76,1125,73988
Mata Kaushalya Healthcare - Ferozepur,Ferozepur,Mohali,General Surgery,4.7,69.8,31.25,86.74,64,1126,74125
Sewa Medical Centre - Mansa,Mansa,Amritsar,Nephrology,4.7,69.8,31.25,86.74,72,1127,74262
City Care Medical Centre - Patiala,Patiala,Hoshiarpur,Orthopedics,4.7,69.8,25.0,86.74,66,1128,74399
Guru Nanak Healthcare - Patiala,Patiala,Khanna,Orthopedics,4.7,69.8,31.25,86.74,68,1129,74536
Lifeline Healthcare - Sangrur,Sangrur,Sangrur,Orthopedics,4.7,69.8,31.25,86.74,67,1130,74673
Sunrise Medical Centre - Barnala,Barnala,Malerkotla,Orthopedics,4.7,69.8,31.25,86.74,69,1131,74810
Shivalik Medical Centre - Fatehgarh Sahib,Fatehgarh Sahib,Bathinda,Urology,4.7,69.8,18.75,86.74,84,1132,74947
Fortune Hospital - Hoshiarpur,Hoshiarpur,Barnala,Dermatology,4.6,74.4,31.25,86.72,87,1133,75084
Punjab Hospital - Moga,Moga,Bathinda,Dermatology,4.6,74.4,37.5,86.72,86,1134,75221
Lifeline Multispeciality Hospital - Kapurthala,Kapurthala,Khanna,Dermatology,4.7,69.7,31.25,86.71,75,1135,75358
Fortune Medical Centre - SAS Nagar,SAS Nagar,Nawanshahr,Gastroenterology,4.7,69.7,31.25,86.71,85,1136,75495
Healing Touch Medical Centre - Nawanshahr,Nawanshahr,Ludhiana,Ophthalmology,4.7,69.7,18.75,86.71,57,1137,75632
Maharaja Ranjit Singh Healthcare - Barnala,Barnala,Abohar,Pulmonology,4.7,69.7,31.25,86.71,73,1138,75769
Lifeline Medical Centre - Tarn Taran,Tarn Taran,Rupnagar,Cardiology,4.6,74.3,43.75,86.69,88,1139,75906
Shivalik Hospital - Hoshiarpur,Hoshiarpur,Khanna,General Medicine,4.6,74.3,43.75,86.69,89,1140,76043
Apex Medical Centre - Sangrur,Sangrur,Sangrur,Neurology,4.6,74.3,37.5,86.69,88,1141,76180
Sewa Medical Centre - Kapurthala,Kapurthala,Mansa,Urology,4.6,74.3,37.5,86.69,93,1142,76317
Shaheed Bhagat Singh Medical Centre - Hoshiarpur,Hoshiarpur,Sangrur,General Medicine,4.7,69.6,25.0,86.68,77,1143,76454
Healing Touch Hospital - Barnala,Barnala,Barnala,General Surgery,4.7,69.6,25.0,86.68,65,1144,76591
Fortune Medical Centre - Gurdaspur,Gurdaspur,Phagwara,Gynecology,4.7,69.6,31.25,86.68,68,1145,76728
Apex Hospital - Bathinda,Bathinda,Mohali,Neurology,4.7,69.6,31.25,86.68,78,1146,76865
Apex Multispeciality Hospital - Faridkot,Faridkot,Moga,Oncology,4.7,69.6,25.0,86.68,63,1147,77002
Apex Multispeciality Hospital - SAS Nagar,SAS Nagar,Barnala,Gastroenterology,4.6,74.2,50.0,86.66,98,1148,77139
Prime Care Healthcare - Rupnagar,Rupnagar,Rupnagar,Gynecology,4.6,74.2,43.75,86.66,82,1149,77276
Shaheed Bhagat Singh Multispeciality Hospital - Kapurthala,Kapurthala,Patiala,Nephrology,4.6,74.2,31.25,86.66,83,1150,77413
Punjab Hospital - Muktsar,Muktsar,Pathankot,Oncology,4.6,74.2,31.25,86.66,71,1151,77550
Fortune Hospital - Gurdaspur,Gurdaspur,Rajpura,Dermatology,4.7,69.5,25.0,86.65,76,1152,77687
Fortune Multispeciality Hospital - Hoshiarpur,Hoshiarpur,Bathinda,ENT,4.7,69.5,31.25,86.65,84,1153,77824
Apex Medical Centre - Malerkotla,Malerkotla,Amritsar,Gastroenterology,4.7,69.5,18.75,86.65,86,1154,77961
Guru Nanak Medical Centre - SAS Nagar,SAS Nagar,Firozpur,General Medicine,4.7,69.5,18.75,86.65,78,1155,78098
Lifeline Hospital - Sangrur,Sangrur,Gurdaspur,Neurology,4.7,69.5,31.25,86.65,79,1156,78235
Sewa Hospital - Muktsar,Muktsar,Barnala,Pulmonology,4.7,69.5,25.0,86.65,74,1157,78372
Punjab Multispeciality Hospital - Moga,Moga,Jalandhar,Urology,4.7,69.5,31.25,86.65,85,1158,78509
Medicare Medical Centre - Mansa,Mansa,Muktsar,Gastroenterology,4.6,74.1,37.5,86.63,99,1159,78646
Medicare Multispeciality Hospital - Faridkot,Faridkot,Jalandhar,General Surgery,4.6,74.1,37.5,86.63,74,1160,78783
City Care Hospital - Rupnagar,Rupnagar,Ludhiana,Orthopedics,4.6,74.1,31.25,86.63,75,1161,78920
Guru Nanak Multispeciality Hospital - Muktsar,Muktsar,Sangrur,Cardiology,4.7,69.4,31.25,86.62,80,1162,79057
Punjab Multispeciality Hospital - Bathinda,Bathinda,Khanna,Gastroenterology,4.7,69.4,31.25,86.62,87,1163,79194
Shivalik Hospital - Bathinda,Bathinda,Rajpura,Nephrology,4.7,69.4,25.0,86.62,73,1164,79331
Fortune Hospital - Patiala,Patiala,Khanna,Neurology,4.7,69.4,25.0,86.62,80,1165,79468
City Care Medical Centre - Hoshiarpur,Hoshiarpur,Pathankot,Cardiology,4.6,74.0,37.5,86.6,89,1166,79605
Shaheed Bhagat Singh Multispeciality Hospital - Moga,Moga,Khanna,Dermatology,4.6,74.0,43.75,86.6,88,1167,79742
Shivalik Medical Centre - Fazilka,Fazilka,Jalandhar,General Surgery,4.6,74.0,37.5,86.6,75,1168,79879
City Care Multispeciality Hospital - Faridkot,Faridkot,Rajpura,ENT,4.7,69.3,18.75,86.59,85,1169,80016
Punjab Multispeciality Hospital - Faridkot,Faridkot,Ludhiana,Urology,4.7,69.3,25.0,86.59,86,1170,80153
Guru Nanak Hospital - Kapurthala,Kapurthala,Phagwara,Cardiology,4.6,73.9,31.25,86.57,90,1171,80290
Prime Care Hospital - Malerkotla,Malerkotla,Rajpura,Gynecology,4.6,73.9,37.5,86.57,83,1172,80427
Guru Nanak Hospital - Patiala,Patiala,Kapurthala,Oncology,4.6,73.9,37.5,86.57,72,1173,80564
Medicare Multispeciality Hospital - SAS Nagar,SAS Nagar,Bathinda,Pediatrics,4.6,73.9,43.75,86.57,79,1174,80701
Healing Touch Multispeciality Hospital - Fatehgarh Sahib,Fatehgarh Sahib,Barnala,Pulmonology,4.6,73.9,37.5,86.57,84,1175,80838
Shaheed Bhagat Singh Hospital - Moga,Moga,Jalandhar,Nephrology,4.7,69.2,18.75,86.56,74,1176,80975
Maharaja Ranjit Singh Hospital - Bathinda,Bathinda,Abohar,Urology,4.7,69.2,18.75,86.56,87,1177,81112
Shivalik Multispeciality Hospital - Malerkotla,Malerkotla,Sangrur,Gastroenterology,4.6,73.8,37.5,86.54,100,1178,81249
Shaheed Bhagat Singh Healthcare - Bathinda,Bathinda,Malerkotla,General Surgery,4.6,73.8,43.75,86.54,76,1179,81386
Sewa Multispeciality Hospital - Jalandhar,Jalandhar,Phagwara,Gynecology,4.6,73.8,43.75,86.54,84,1180,81523
Shivalik Hospital - Kapurthala,Kapurthala,Rupnagar,Dermatology,4.7,69.1,25.0,86.53,77,1181,81660
Lifeline Healthcare - Ludhiana,Ludhiana,Hoshiarpur,Gynecology,4.7,69.1,18.75,86.53,69,1182,81797
Lifeline Hospital - Kapurthala,Kapurthala,Phagwara,Oncology,4.7,69.1,25.0,86.53,64,1183,81934
Apex Hospital - Tarn Taran,Tarn Taran,Khanna,Orthopedics,4.7,69.1,25.0,86.53,70,1184,82071
Apex Hospital - Patiala,Patiala,Ludhiana,Cardiology,4.6,73.7,43.75,86.51,91,1185,82208
Lifeline Medical Centre - Jalandhar,Jalandhar,Barnala,Orthopedics,4.6,73.7,37.5,86.51,76,1186,82345
Guru Nanak Hospital - Sangrur,Sangrur,Mansa,Gynecology,4.7,69.0,25.0,86.5,70,1187,82482
Punjab Hospital - Pathankot,Pathankot,Phagwara,Nephrology,4.7,69.0,18.75,86.5,75,1188,82619
City Care Hospital - Hoshiarpur,Hoshiarpur,Patiala,Pediatrics,4.7,69.0,25.0,86.5,72,1189,82756
City Care Multispeciality Hospital - Fazilka,Fazilka,Kapurthala,Pulmonology,4.7,69.0,25.0,86.5,75,1190,82893
Apex Multispeciality Hospital - Sangrur,Sangrur,Barnala,Nephrology,4.6,73.6,43.75,86.48,84,1191,83030
Punjab Healthcare - Faridkot,Faridkot,Gurdaspur,Neurology,4.6,73.6,37.5,86.48,89,1192,83167
Shivalik Hospital - Sangrur,Sangrur,Pathankot,Oncology,4.6,73.6,50.0,86.48,73,1193,83304
Medicare Medical Centre - Rupnagar,Rupnagar,Muktsar,Ophthalmology,4.6,73.6,37.5,86.48,66,1194,83441
Shaheed Bhagat Singh Medical Centre - Fatehgarh Sahib,Fatehgarh Sahib,Bathinda,General Surgery,4.7,68.9,18.75,86.47,66,1195,83578
Medicare Medical Centre - Bathinda,Bathinda,Muktsar,Gynecology,4.7,68.9,25.0,86.47,71,1196,83715
Prime Care Healthcare - Muktsar,Muktsar,Jalandhar,Nephrology,4.7,68.9,18.75,86.47,76,1197,83852
Sewa Healthcare - Rupnagar,Rupnagar,Patiala,Nephrology,4.7,68.9,12.5,86.47,77,1198,83989
Shaheed Bhagat Singh Medical Centre - SAS Nagar,SAS Nagar,Barnala,Gynecology,4.6,73.5,37.5,86.45,85,1199,84126
Maharaja Ranjit Singh Medical Centre - Fazilka,Fazilka,Rajpura,Nephrology,4.6,73.5,37.5,86.45,85,1200,84263
Sunrise Medical Centre - Jalandhar,Jalandhar,Gurdaspur,Ophthalmology,4.6,73.5,37.5,86.45,67,1201,84400
Shaheed Bhagat Singh Multispeciality Hospital - Tarn Taran,Tarn Taran,Mohali,Pediatrics,4.6,73.5,31.25,86.45,80,1202,84537
Prime Care Hospital - Ludhiana,Ludhiana,Hoshiarpur,Pulmonology,4.6,73.5,43.75,86.45,85,1203,84674
Punjab Medical Centre - Kapurthala,Kapurthala,Bathinda,Urology,4.6,73.5,37.5,86.45,94,1204,84811
Shivalik Hospital - Jalandhar,Jalandhar,Amritsar,Cardiology,4.7,68.8,25.0,86.44,81,1205,84948
Prime Care Multispeciality Hospital - Patiala,Patiala,Abohar,Dermatology,4.7,68.8,25.0,86.44,78,1206,85085
Lifeline Multispeciality Hospital - Amritsar,Amritsar,Kapurthala,Oncology,4.7,68.8,18.75,86.44,65,1207,85222
Guru Nanak Healthcare - Barnala,Barnala,Rajpura,Ophthalmology,4.7,68.8,25.0,86.44,58,1208,85359
Lifeline Hospital - Sangrur,Sangrur,Phagwara,Pediatrics,4.7,68.8,25.0,86.44,73,1209,85496
Shaheed Bhagat Singh Healthcare - Sangrur,Sangrur,Mansa,Pulmonology,4.7,68.8,12.5,86.44,76,1210,85633
Sunrise Hospital - Gurdaspur,Gurdaspur,Rajpura,Gynecology,4.5,78.1,43.75,86.43,120,1211,85770
Lifeline Medical Centre - Moga,Moga,Abohar,Gastroenterology,4.6,73.4,43.75,86.42,101,1212,85907
City Care Medical Centre - Jalandhar,Jalandhar,Mansa,General Medicine,4.6,73.4,25.0,86.42,90,1213,86044
Mata Kaushalya Medical Centre - Gurdaspur,Gurdaspur,Pathankot,General Medicine,4.6,73.4,43.75,86.42,91,1214,86181
Prime Care Medical Centre - Sangrur,Sangrur,Khanna,Neurology,4.6,73.4,37.5,86.42,90,1215,86318
Shivalik Hospital - Ludhiana,Ludhiana,Hoshiarpur,Urology,4.6,73.4,31.25,86.42,95,1216,86455
Healing Touch Multispeciality Hospital - Ferozepur,Ferozepur,Kapurthala,Cardiology,4.7,68.7,25.0,86.41,82,1217,86592
Punjab Hospital - Mansa,Mansa,Firozpur,Nephrology,4.7,68.7,18.75,86.41,78,1218,86729
Lifeline Medical Centre - Hoshiarpur,Hoshiarpur,Abohar,Pulmonology,4.7,68.7,18.75,86.41,77,1219,86866
Guru Nanak Multispeciality Hospital - Tarn Taran,Tarn Taran,Barnala,Nephrology,4.6,73.3,31.25,86.39,86,1220,87003
Punjab Medical Centre - Barnala,Barnala,Abohar,Pediatrics,4.7,68.6,18.75,86.38,74,1221,87140
City Care Healthcare - Gurdaspur,Gurdaspur,Hoshiarpur,Cardiology,4.6,73.2,43.75,86.36,92,1222,87277
Prime Care Healthcare - Nawanshahr,Nawanshahr,Hoshiarpur,ENT,4.6,73.2,37.5,86.36,90,1223,87414
Medicare Hospital - Hoshiarpur,Hoshiarpur,Rajpura,Neurology,4.6,73.2,31.25,86.36,91,1224,87551
Apex Multispeciality Hospital - Gurdaspur,Gurdaspur,Muktsar,Ophthalmology,4.6,73.2,37.5,86.36,68,1225,87688
Prime Care Medical Centre - Ludhiana,Ludhiana,Muktsar,Dermatology,4.7,68.5,12.5,86.35,79,1226,87825
Maharaja Ranjit Singh Multispeciality Hospital - Pathankot,Pathankot,Khanna,Nephrology,4.7,68.5,18.75,86.35,79,1227,87962
Maharaja Ranjit Singh Healthcare - Mansa,Mansa,Muktsar,Pediatrics,4.7,68.5,25.0,86.35,75,1228,88099
Guru Nanak Medical Centre - Muktsar,Muktsar,Muktsar,Dermatology,4.6,73.1,37.5,86.33,89,1229,88236
Medicare Multispeciality Hospital - SAS Nagar,SAS Nagar,Firozpur,General Medicine,4.6,73.1,31.25,86.33,92,1230,88373
Shivalik Multispeciality Hospital - SAS Nagar,SAS Nagar,Amritsar,Oncology,4.6,73.1,25.0,86.33,74,1231,88510
Medicare Healthcare - Faridkot,Faridkot,Jalandhar,Pediatrics,4.6,73.1,37.5,86.33,81,1232,88647
Shivalik Medical Centre - Bathinda,Bathinda,Nawanshahr,Pediatrics,4.6,73.1,43.75,86.33,82,1233,88784
Lifeline Multispeciality Hospital - Ferozepur,Ferozepur,Kapurthala,Ophthalmology,4.7,68.4,18.75,86.32,59,1234,88921
Sunrise Hospital - Fazilka,Fazilka,Abohar,ENT,4.6,73.0,37.5,86.3,91,1235,89058
Prime Care Healthcare - Jalandhar,Jalandhar,Malerkotla,General Medicine,4.6,73.0,43.75,86.3,93,1236,89195
Healing Touch Medical Centre - SAS Nagar,SAS Nagar,Khanna,Neurology,4.6,73.0,37.5,86.3,92,1237,89332
Shivalik Medical Centre - Ferozepur,Ferozepur,Amritsar,Oncology,4.6,73.0,37.5,86.3,75,1238,89469
Mata Kaushalya Multispeciality Hospital - Sangrur,Sangrur,Malerkotla,Ophthalmology,4.6,73.0,31.25,86.3,69,1239,89606
Shaheed Bhagat Singh Healthcare - Ferozepur,Ferozepur,Kapurthala,Orthopedics,4.6,73.0,31.25,86.3,77,1240,89743
Apex Medical Centre - Sangrur,Sangrur,Sangrur,ENT,4.7,68.3,25.0,86.29,86,1241,89880
Prime Care Healthcare - Faridkot,Faridkot,Kapurthala,Gynecology,4.7,68.3,18.75,86.29,72,1242,90017
Guru Nanak Healthcare - Gurdaspur,Gurdaspur,Ludhiana,Neurology,4.7,68.3,18.75,86.29,81,1243,90154
Sunrise Medical Centre - Nawanshahr,Nawanshahr,Abohar,Ophthalmology,4.7,68.3,18.75,86.29,60,1244,90291
Prime Care Multispeciality Hospital - Tarn Taran,Tarn Taran,Firozpur,ENT,4.6,72.9,31.25,86.27,92,1245,90428
Shaheed Bhagat Singh Multispeciality Hospital - SAS Nagar,SAS Nagar,Patiala,General Medicine,4.6,72.9,31.25,86.27,94,1246,90565
Lifeline Multispeciality Hospital - Muktsar,Muktsar,Mansa,Oncology,4.6,72.9,37.5,86.27,76,1247,90702
Shivalik Multispeciality Hospital - SAS Nagar,SAS Nagar,Amritsar,Dermatology,4.7,68.2,18.75,86.26,80,1248,90839
Lifeline Hospital - Amritsar,Amritsar,Pathankot,Gastroenterology,4.7,68.2,25.0,86.26,88,1249,90976
Mata Kaushalya Healthcare - Mansa,Mansa,Amritsar,Gynecology,4.7,68.2,18.75,86.26,73,1250,91113
Guru Nanak Medical Centre - Amritsar,Amritsar,Rupnagar,Gastroenterology,4.6,72.8,31.25,86.24,103,1251,91250
Shivalik Healthcare - Fazilka,Fazilka,Kapurthala,Gastroenterology,4.6,72.8,37.5,86.24,102,1252,91387
Sewa Multispeciality Hospital - Moga,Moga,Firozpur,Pediatrics,4.6,72.8,37.5,86.24,83,1253,91524
Shivalik Multispeciality Hospital - Nawanshahr,Nawanshahr,Kapurthala,Dermatology,4.7,68.1,18.75,86.23,81,1254,91661
Prime Care Medical Centre - Patiala,Patiala,Mohali,General Medicine,4.7,68.1,25.0,86.23,79,1255,91798
Healing Touch Multispeciality Hospital - Malerkotla,Malerkotla,Mohali,General Surgery,4.7,68.1,18.75,86.23,67,1256,91935
Maharaja Ranjit Singh Multispeciality Hospital - Patiala,Patiala,Malerkotla,Gynecology,4.7,68.1,18.75,86.23,74,1257,92072
Sewa Multispeciality Hospital - Pathankot,Pathankot,Mohali,Neurology,4.7,68.1,25.0,86.23,82,1258,92209
Guru Nanak Healthcare - Fatehgarh Sahib,Fatehgarh Sahib,Rajpura,Orthopedics,4.7,68.1,18.75,86.23,71,1259,92346
Shaheed Bhagat Singh Hospital - Mansa,Mansa,Phagwara,Orthopedics,4.7,68.1,18.75,86.23,72,1260,92483
Healing Touch Healthcare - Tarn Taran,Tarn Taran,Rupnagar,Pulmonology,4.7,68.1,25.0,86.23,78,1261,92620
Apex Healthcare - Hoshiarpur,Hoshiarpur,Sangrur,Gastroenterology,4.6,72.7,31.25,86.21,104,1262,92757
Maharaja Ranjit Singh Healthcare - Bathinda,Bathinda,Gurdaspur,Neurology,4.6,72.7,37.5,86.21,93,1263,92894
Prime Care Medical Centre - Rupnagar,Rupnagar,Barnala,Oncology,4.6,72.7,37.5,86.21,77,1264,93031
Sewa Medical Centre - Malerkotla,Malerkotla,Moga,Ophthalmology,4.6,72.7,37.5,86.21,70,1265,93168
Medicare Medical Centre - Kapurthala,Kapurthala,Abohar,ENT,4.7,68.0,25.0,86.2,87,1266,93305
Punjab Multispeciality Hospital - Barnala,Barnala,Nawanshahr,Gynecology,4.7,68.0,18.75,86.2,75,1267,93442
Sewa Healthcare - Moga,Moga,Rajpura,Ophthalmology,4.7,68.0,25.0,86.2,61,1268,93579
Apex Healthcare - Rupnagar,Rupnagar,Hoshiarpur,Cardiology,4.6,72.6,37.5,86.18,93,1269,93716
Punjab Medical Centre - Moga,Moga,Abohar,General Surgery,4.6,72.6,43.75,86.18,77,1270,93853
City Care Healthcare - Kapurthala,Kapurthala,Jalandhar,Neurology,4.6,72.6,37.5,86.18,94,1271,93990
Medicare Multispeciality Hospital - Gurdaspur,Gurdaspur,Phagwara,Ophthalmology,4.6,72.6,31.25,86.18,71,1272,94127
Maharaja Ranjit Singh Medical Centre - Gurdaspur,Gurdaspur,Ludhiana,Pediatrics,4.6,72.6,31.25,86.18,84,1273,94264
Mata Kaushalya Hospital - Faridkot,Faridkot,Nawanshahr,Pediatrics,4.6,72.6,25.0,86.18,85,1274,94401
Medicare Hospital - Fatehgarh Sahib,Fatehgarh Sahib,Moga,Dermatology,4.7,67.9,18.75,86.17,82,1275,94538
Sunrise Multispeciality Hospital - Ludhiana,Ludhiana,Ludhiana,ENT,4.7,67.9,25.0,86.17,88,1276,94675
Guru Nanak Healthcare - Kapurthala,Kapurthala,Ludhiana,General Medicine,4.7,67.9,25.0,86.17,80,1277,94812
Sunrise Hospital - Rupnagar,Rupnagar,Nawanshahr,Cardiology,4.6,72.5,37.5,86.15,94,1278,94949
Lifeline Hospital - Muktsar,Muktsar,Abohar,General Surgery,4.6,72.5,43.75,86.15,78,1279,95086
Sewa Multispeciality Hospital - Rupnagar,Rupnagar,Gurdaspur,Gynecology,4.6,72.5,43.75,86.15,86,1280,95223
City Care Hospital - Sangrur,Sangrur,Amritsar,Cardiology,4.7,67.8,25.0,86.14,83,1281,95360
Guru Nanak Healthcare - Bathinda,Bathinda,Moga,Gastroenterology,4.7,67.8,25.0,86.14,89,1282,95497
Shivalik Hospital - Ferozepur,Ferozepur,Hoshiarpur,Gastroenterology,4.7,67.8,18.75,86.14,90,1283,95634
Prime Care Healthcare - Bathinda,Bathinda,Amritsar,Orthopedics,4.7,67.8,18.75,86.14,73,1284,95771
Mata Kaushalya Medical Centre - Fatehgarh Sahib,Fatehgarh Sahib,Malerkotla,Pulmonology,4.7,67.8,18.75,86.14,79,1285,95908
Sewa Healthcare - Bathinda,Bathinda,Bathinda,Gastroenterology,4.5,77.1,43.75,86.13,122,1286,96045
Medicare Multispeciality Hospital - Gurdaspur,Gurdaspur,Nawanshahr,Urology,4.6,72.4,37.5,86.12,96,1287,96182
Shaheed Bhagat Singh Healthcare - Fatehgarh Sahib,Fatehgarh Sahib,Moga,General Medicine,4.7,67.7,18.75,86.11,81,1288,96319
Shivalik Healthcare - Fazilka,Fazilka,Amritsar,Urology,4.7,67.7,18.75,86.11,88,1289,96456
Guru Nanak Multispeciality Hospital - Mansa,Mansa,Kapurthala,Cardiology,4.6,72.3,37.5,86.09,96,1290,96593
Medicare Hospital - Fazilka,Fazilka,Pathankot,Cardiology,4.6,72.3,31.25,86.09,95,1291,96730
Medicare Healthcare - Gurdaspur,Gurdaspur,Mohali,Gastroenterology,4.6,72.3,43.75,86.09,105,1292,96867
Apex Medical Centre - Rupnagar,Rupnagar,Nawanshahr,General Medicine,4.6,72.3,37.5,86.09,95,1293,97004
Medicare Multispeciality Hospital - Moga,Moga,Malerkotla,General Medicine,4.6,72.3,37.5,86.09,96,1294,97141
Mata Kaushalya Hospital - Amritsar,Amritsar,Patiala,Gynecology,4.6,72.3,37.5,86.09,87,1295,97278
Guru Nanak Hospital - Nawanshahr,Nawanshahr,Muktsar,Orthopedics,4.6,72.3,31.25,86.09,78,1296,97415
Punjab Medical Centre - Rupnagar,Rupnagar,Rupnagar,Dermatology,4.6,72.2,43.75,86.06,90,1297,97552
Apex Hospital - Sangrur,Sangrur,Sangrur,ENT,4.6,72.2,37.5,86.06,93,1298,97689
Fortune Medical Centre - Nawanshahr,Nawanshahr,Firozpur,Gastroenterology,4.6,72.2,31.25,86.06,106,1299,97826
Fortune Healthcare - Patiala,Patiala,Patiala,Pediatrics,4.6,72.2,43.75,86.06,86,1300,97963
City Care Medical Centre - Bathinda,Bathinda,Moga,General Surgery,4.7,67.5,12.5,86.05,68,1301,98100
Sewa Medical Centre - Ferozepur,Ferozepur,Patiala,Neurology,4.7,67.5,18.75,86.05,83,1302,98237
Prime Care Medical Centre - Hoshiarpur,Hoshiarpur,Firozpur,Cardiology,4.6,72.1,37.5,86.03,97,1303,98374
Shaheed Bhagat Singh Hospital - Muktsar,Muktsar,Kapurthala,Dermatology,4.6,72.1,43.75,86.03,91,1304,98511
Lifeline Medical Centre - Gurdaspur,Gurdaspur,Bathinda,Gynecology,4.6,72.1,43.75,86.03,89,1305,98648
Mata Kaushalya Healthcare - Gurdaspur,Gurdaspur,Barnala,Gynecology,4.6,72.1,31.25,86.03,88,1306,98785
City Care Healthcare - Pathankot,Pathankot,Mansa,Neurology,4.6,72.1,43.75,86.03,95,1307,98922
Lifeline Medical Centre - Moga,Moga,Mohali,Oncology,4.6,72.1,37.5,86.03,78,1308,99059
Maharaja Ranjit Singh Multispeciality Hospital - Faridkot,Faridkot,Ludhiana,Orthopedics,4.6,72.1,31.25,86.03,79,1309,99196
City Care Multispeciality Hospital - Bathinda,Bathinda,Mohali,Pediatrics,4.6,72.1,37.5,86.03,87,1310,99333
Mata Kaushalya Multispeciality Hospital - Fazilka,Fazilka,Rajpura,Cardiology,4.7,67.4,18.75,86.02,84,1311,99470
Punjab Hospital - Hoshiarpur,Hoshiarpur,Sangrur,Dermatology,4.7,67.4,18.75,86.02,83,1312,99607
Sewa Medical Centre - Patiala,Patiala,Mohali,General Surgery,4.6,72.0,31.25,86.0,79,1313,99744
Apex Multispeciality Hospital - Hoshiarpur,Hoshiarpur,Barnala,Gynecology,4.6,72.0,37.5,86.0,90,1314,99881
Shivalik Medical Centre - Rupnagar,Rupnagar,Kapurthala,Nephrology,4.6,72.0,37.5,86.0,87,1315,10018
Guru Nanak Multispeciality Hospital - Rupnagar,Rupnagar,Nawanshahr,Pediatrics,4.6,72.0,25.0,86.0,89,1316,10155
Mata Kaushalya Healthcare - Hoshiarpur,Hoshiarpur,Bathinda,Pediatrics,4.6,72.0,31.25,86.0,88,1317,10292
Fortune Hospital - SAS Nagar,SAS Nagar,Rupnagar,Urology,4.6,72.0,43.75,86.0,97,1318,10429
Prime Care Hospital - Barnala,Barnala,Mansa,Dermatology,4.6,71.9,37.5,85.97,92,1319,10566
Fortune Medical Centre - Malerkotla,Malerkotla,Rupnagar,Gastroenterology,4.6,71.9,43.75,85.97,107,1320,10703
Sewa Hospital - Sangrur,Sangrur,Moga,General Medicine,4.6,71.9,25.0,85.97,97,1321,10840
Guru Nanak Hospital - Ludhiana,Ludhiana,Rajpura,Gynecology,4.6,71.9,37.5,85.97,91,1322,10977
Mata Kaushalya Medical Centre - Pathankot,Pathankot,Bathinda,Gynecology,4.6,71.9,31.25,85.97,92,1323,11114
Prime Care Healthcare - Mansa,Mansa,Nawanshahr,Nephrology,4.6,71.9,31.25,85.97,88,1324,11251
Sunrise Multispeciality Hospital - Fazilka,Fazilka,Sangrur,Nephrology,4.6,71.9,31.25,85.97,89,1325,11388
Medicare Hospital - Pathankot,Pathankot,Rupnagar,Orthopedics,4.6,71.9,37.5,85.97,80,1326,11525
City Care Medical Centre - Malerkotla,Malerkotla,Mohali,Pediatrics,4.6,71.9,31.25,85.97,90,1327,11662
Lifeline Medical Centre - SAS Nagar,SAS Nagar,Malerkotla,Neurology,4.7,67.2,18.75,85.96,84,1328,11799
Apex Healthcare - Kapurthala,Kapurthala,Pathankot,Cardiology,4.6,71.8,37.5,85.94,99,1329,11936
Sewa Medical Centre - Gurdaspur,Gurdaspur,Abohar,Cardiology,4.6,71.8,37.5,85.94,98,1330,12073
Maharaja Ranjit Singh Medical Centre - Ferozepur,Ferozepur,Mansa,Gastroenterology,4.6,71.8,37.5,85.94,108,1331,12210
Lifeline Medical Centre - Barnala,Barnala,Rajpura,Nephrology,4.6,71.8,37.5,85.94,90,1332,12347
Sewa Medical Centre - Tarn Taran,Tarn Taran,Nawanshahr,Pediatrics,4.6,71.8,31.25,85.94,91,1333,12484
Guru Nanak Multispeciality Hospital - SAS Nagar,SAS Nagar,Mohali,Oncology,4.7,67.1,18.75,85.93,66,1334,12621
Mata Kaushalya Multispeciality Hospital - Nawanshahr,Nawanshahr,Jalandhar,Neurology,4.5,76.4,50.0,85.92,115,1335,12758
Fortune Medical Centre - Fatehgarh Sahib,Fatehgarh Sahib,Khanna,Cardiology,4.6,71.7,37.5,85.91,100,1336,12895
Sewa Healthcare - Mansa,Mansa,Nawanshahr,Nephrology,4.6,71.7,31.25,85.91,91,1337,13032
Sunrise Multispeciality Hospital - Muktsar,Muktsar,Pathankot,Ophthalmology,4.6,71.7,31.25,85.91,72,1338,13169
Sunrise Hospital - Bathinda,Bathinda,Abohar,Orthopedics,4.6,71.7,37.5,85.91,81,1339,13306
Punjab Healthcare - Mansa,Mansa,Kapurthala,Pediatrics,4.6,71.7,25.0,85.91,92,1340,13443
Prime Care Healthcare - Moga,Moga,Amritsar,General Medicine,4.7,67.0,12.5,85.9,82,1341,13580
Prime Care Medical Centre - Muktsar,Muktsar,Phagwara,General Surgery,4.7,67.0,18.75,85.9,69,1342,13717
Mata Kaushalya Hospital - Tarn Taran,Tarn Taran,Nawanshahr,General Medicine,4.5,76.3,43.75,85.89,116,1343,13854
Punjab Hospital - Gurdaspur,Gurdaspur,Patiala,Cardiology,4.6,71.6,37.5,85.88,101,1344,13991
Shaheed Bhagat Singh Hospital - Ludhiana,Ludhiana,Phagwara,ENT,4.6,71.6,37.5,85.88,94,1345,14128
Prime Care Healthcare - SAS Nagar,SAS Nagar,Phagwara,Gynecology,4.6,71.6,31.25,85.88,93,1346,14265
Healing Touch Healthcare - Pathankot,Pathankot,Pathankot,Nephrology,4.6,71.6,37.5,85.88,94,1347,14402
Shaheed Bhagat Singh Healthcare - Gurdaspur,Gurdaspur,Patiala,Nephrology,4.6,71.6,25.0,85.88,92,1348,14539
Sunrise Medical Centre - Nawanshahr,Nawanshahr,Barnala,Nephrology,4.6,71.6,43.75,85.88,93,1349,14676
Sunrise Hospital - Mansa,Mansa,Barnala,Ophthalmology,4.6,71.6,37.5,85.88,73,1350,14813
Lifeline Healthcare - Ludhiana,Ludhiana,Abohar,General Surgery,4.7,66.9,12.5,85.87,70,1351,14950
Apex Multispeciality Hospital - Mansa,Mansa,Firozpur,Gynecology,4.7,66.9,18.75,85.87,76,1352,15087
Sewa Healthcare - Nawanshahr,Nawanshahr,Mansa,Ophthalmology,4.7,66.9,12.5,85.87,62,1353,15224
Prime Care Hospital - Gurdaspur,Gurdaspur,Pathankot,General Surgery,4.6,71.5,37.5,85.85,80,1354,15361
Shaheed Bhagat Singh Healthcare - Malerkotla,Malerkotla,Ludhiana,Nephrology,4.6,71.5,31.25,85.85,95,1355,15498
Shivalik Multispeciality Hospital - Tarn Taran,Tarn Taran,Jalandhar,Oncology,4.6,71.5,25.0,85.85,79,1356,15635
Maharaja Ranjit Singh Medical Centre - Pathankot,Pathankot,Rupnagar,Pediatrics,4.6,71.5,37.5,85.85,93,1357,15772
Lifeline Medical Centre - Ferozepur,Ferozepur,Mansa,Urology,4.6,71.5,43.75,85.85,98,1358,15909
Shaheed Bhagat Singh Healthcare - Gurdaspur,Gurdaspur,Phagwara,Pulmonology,4.7,66.8,12.5,85.84,80,1359,16046
Medicare Hospital - Gurdaspur,Gurdaspur,Gurdaspur,Dermatology,4.6,71.4,31.25,85.82,93,1360,16183
Shivalik Hospital - Fazilka,Fazilka,Rupnagar,Dermatology,4.6,71.4,31.25,85.82,94,1361,16320
Fortune Medical Centre - Kapurthala,Kapurthala,Firozpur,ENT,4.6,71.4,37.5,85.82,95,1362,16457
Punjab Multispeciality Hospital - Muktsar,Muktsar,Abohar,Ophthalmology,4.6,71.4,31.25,85.82,74,1363,16594
Medicare Healthcare - Jalandhar,Jalandhar,Sangrur,General Medicine,4.6,71.3,43.75,85.79,98,1364,16731
Mata Kaushalya Healthcare - Bathinda,Bathinda,Bathinda,General Surgery,4.6,71.3,37.5,85.79,81,1365,16868
Maharaja Ranjit Singh Multispeciality Hospital - Gurdaspur,Gurdaspur,Mansa,Orthopedics,4.6,71.3,31.25,85.79,82,1366,17005
City Care Multispeciality Hospital - Fazilka,Fazilka,Bathinda,Pediatrics,4.6,71.3,31.25,85.79,94,1367,17142
Mata Kaushalya Healthcare - Mansa,Mansa,Bathinda,Pulmonology,4.6,71.3,25.0,85.79,86,1368,17279
Apex Healthcare - SAS Nagar,SAS Nagar,Phagwara,Neurology,4.5,75.9,43.75,85.77,116,1369,17416
Maharaja Ranjit Singh Multispeciality Hospital - Ludhiana,Ludhiana,Khanna,Dermatology,4.6,71.2,31.25,85.76,96,1370,17553
Medicare Hospital - Fatehgarh Sahib,Fatehgarh Sahib,Rajpura,Dermatology,4.6,71.2,31.25,85.76,97,1371,17690
Sewa Healthcare - Faridkot,Faridkot,Muktsar,Dermatology,4.6,71.2,31.25,85.76,95,1372,17827
Punjab Healthcare - Malerkotla,Malerkotla,Mohali,General Surgery,4.6,71.2,43.75,85.76,82,1373,17964
Prime Care Hospital - Ferozepur,Ferozepur,Amritsar,Gynecology,4.6,71.2,31.25,85.76,95,1374,18101
Shivalik Multispeciality Hospital - Mansa,Mansa,Mansa,Gynecology,4.6,71.2,31.25,85.76,94,1375,18238
Prime Care Multispeciality Hospital - Kapurthala,Kapurthala,Mansa,Neurology,4.6,71.2,37.5,85.76,96,1376,18375
Mata Kaushalya Healthcare - Bathinda,Bathinda,Mansa,Pulmonology,4.6,71.2,25.0,85.76,87,1377,18512
City Care Hospital - Rupnagar,Rupnagar,Jalandhar,Urology,4.6,71.2,25.0,85.76,99,1378,18649
Lifeline Hospital - Gurdaspur,Gurdaspur,Nawanshahr,Gastroenterology,4.7,66.5,18.75,85.75,91,1379,18786
Punjab Healthcare - Ludhiana,Ludhiana,Phagwara,Ophthalmology,4.7,66.5,12.5,85.75,63,1380,18923
Shivalik Medical Centre - Barnala,Barnala,Abohar,Nephrology,4.5,75.8,50.0,85.74,120,1381,19060
Lifeline Hospital - Barnala,Barnala,Phagwara,Pediatrics,4.5,75.8,37.5,85.74,106,1382,19197
Guru Nanak Medical Centre - Fatehgarh Sahib,Fatehgarh Sahib,Khanna,ENT,4.6,71.1,43.75,85.73,96,1383,19334
Maharaja Ranjit Singh Healthcare - Kapurthala,Kapurthala,Hoshiarpur,General Surgery,4.6,71.1,31.25,85.73,83,1384,19471
Fortune Multispeciality Hospital - Tarn Taran,Tarn Taran,Abohar,Nephrology,4.6,71.1,31.25,85.73,96,1385,19608
Lifeline Hospital - Rupnagar,Rupnagar,Phagwara,Nephrology,4.6,71.1,31.25,85.73,97,1386,19745
Sunrise Healthcare - Sangrur,Sangrur,Rajpura,Orthopedics,4.6,71.1,25.0,85.73,83,1387,19882
Medicare Healthcare - Mansa,Mansa,Abohar,Cardiology,4.6,71.0,37.5,85.7,102,1388,20019
Punjab Hospital - Tarn Taran,Tarn Taran,Malerkotla,Cardiology,4.6,71.0,31.25,85.7,104,1389,20156
Shivalik Hospital - Sangrur,Sangrur,Muktsar,Cardiology,4.6,71.0,37.5,85.7,103,1390,20293
Sunrise Healthcare - Hoshiarpur,Hoshiarpur,Mansa,Dermatology,4.6,71.0,31.25,85.7,98,1391,20430
Fortune Healthcare - Ferozepur,Ferozepur,Muktsar,Gynecology,4.6,71.0,25.0,85.7,96,1392,20567
Lifeline Multispeciality Hospital - Fazilka,Fazilka,Abohar,Gynecology,4.6,71.0,18.75,85.7,97,1393,20704
Mata Kaushalya Medical Centre - Patiala,Patiala,Sangrur,Nephrology,4.6,71.0,37.5,85.7,98,1394,20841
Punjab Medical Centre - Bathinda,Bathinda,Pathankot,Nephrology,4.6,71.0,37.5,85.7,99,1395,20978
Shivalik Hospital - Muktsar,Muktsar,Sangrur,Orthopedics,4.6,71.0,31.25,85.7,84,1396,21115
Fortune Multispeciality Hospital - Nawanshahr,Nawanshahr,Moga,Cardiology,4.6,70.9,31.25,85.67,105,1397,21252
Shivalik Hospital - Faridkot,Faridkot,Mansa,ENT,4.6,70.9,31.25,85.67,97,1398,21389
Apex Hospital - Amritsar,Amritsar,Ludhiana,General Medicine,4.6,70.9,31.25,85.67,100,1399,21526
Healing Touch Multispeciality Hospital - Sangrur,Sangrur,Rajpura,General Medicine,4.6,70.9,31.25,85.67,99,1400,21663
Healing Touch Multispeciality Hospital - Patiala,Patiala,Nawanshahr,Oncology,4.6,70.9,31.25,85.67,80,1401,21800
Prime Care Healthcare - Nawanshahr,Nawanshahr,Rupnagar,Ophthalmology,4.6,70.9,31.25,85.67,75,1402,21937
City Care Healthcare - Ferozepur,Ferozepur,Kapurthala,Orthopedics,4.6,70.9,37.5,85.67,85,1403,22074
Sunrise Hospital - Kapurthala,Kapurthala,Moga,Cardiology,4.6,70.8,31.25,85.64,106,1404,22211
Sunrise Healthcare - Patiala,Patiala,Rajpura,Nephrology,4.6,70.8,31.25,85.64,100,1405,22348
Lifeline Healthcare - Bathinda,Bathinda,Kapurthala,Neurology,4.6,70.8,31.25,85.64,98,1406,22485
Sewa Healthcare - Ferozepur,Ferozepur,Phagwara,Neurology,4.6,70.8,37.5,85.64,97,1407,22622
Prime Care Medical Centre - Ludhiana,Ludhiana,Kapurthala,Oncology,4.6,70.8,25.0,85.64,81,1408,22759
Fortune Medical Centre - Bathinda,Bathinda,Nawanshahr,Orthopedics,4.6,70.8,37.5,85.64,88,1409,22896
Healing Touch Hospital - Rupnagar,Rupnagar,Malerkotla,Orthopedics,4.6,70.8,31.25,85.64,86,1410,23033
Shivalik Healthcare - SAS Nagar,SAS Nagar,Mohali,Orthopedics,4.6,70.8,37.5,85.64,87,1411,23170
Shivalik Multispeciality Hospital - Barnala,Barnala,Barnala,Dermatology,4.7,66.1,6.25,85.63,84,1412,23307
Punjab Healthcare - Tarn Taran,Tarn Taran,Amritsar,Pediatrics,4.5,75.4,50.0,85.62,107,1413,23444
City Care Multispeciality Hospital - Fatehgarh Sahib,Fatehgarh Sahib,Muktsar,Dermatology,4.6,70.7,31.25,85.61,99,1414,23581
Guru Nanak Hospital - Gurdaspur,Gurdaspur,Gurdaspur,ENT,4.6,70.7,25.0,85.61,98,1415,23718
Punjab Multispeciality Hospital - Sangrur,Sangrur,Hoshiarpur,Gastroenterology,4.6,70.7,37.5,85.61,109,1416,23855
Apex Hospital - Kapurthala,Kapurthala,Pathankot,General Medicine,4.6,70.7,31.25,85.61,101,1417,23992
Punjab Medical Centre - Fatehgarh Sahib,Fatehgarh Sahib,Sangrur,General Surgery,4.6,70.7,37.5,85.61,84,1418,24129
Healing Touch Medical Centre - Malerkotla,Malerkotla,Bathinda,Gynecology,4.6,70.7,31.25,85.61,99,1419,24266
Shaheed Bhagat Singh Healthcare - Tarn Taran,Tarn Taran,Sangrur,Gynecology,4.6,70.7,37.5,85.61,98,1420,24403
Sunrise Hospital - Bathinda,Bathinda,Nawanshahr,Oncology,4.6,70.7,25.0,85.61,82,1421,24540
Fortune Hospital - Malerkotla,Malerkotla,Bathinda,Ophthalmology,4.6,70.7,37.5,85.61,76,1422,24677
Mata Kaushalya Healthcare - Jalandhar,Jalandhar,Firozpur,Ophthalmology,4.6,70.7,31.25,85.61,77,1423,24814
City Care Medical Centre - Malerkotla,Malerkotla,Sangrur,Dermatology,4.6,70.6,31.25,85.58,100,1424,24951
Punjab Medical Centre - Faridkot,Faridkot,Khanna,ENT,4.6,70.6,37.5,85.58,99,1425,25088
Healing Touch Hospital - Muktsar,Muktsar,Pathankot,Nephrology,4.6,70.6,31.25,85.58,101,1426,25225
Lifeline Medical Centre - Faridkot,Faridkot,Phagwara,Nephrology,4.6,70.6,37.5,85.58,102,1427,25362
Sunrise Multispeciality Hospital - Kapurthala,Kapurthala,Amritsar,Nephrology,4.6,70.6,37.5,85.58,103,1428,25499
Healing Touch Multispeciality Hospital - Rupnagar,Rupnagar,Abohar,Neurology,4.6,70.6,31.25,85.58,99,1429,25636
Guru Nanak Hospital - Fatehgarh Sahib,Fatehgarh Sahib,Khanna,Ophthalmology,4.6,70.6,25.0,85.58,78,1430,25773
Punjab Multispeciality Hospital - Muktsar,Muktsar,Abohar,Ophthalmology,4.6,70.6,25.0,85.58,79,1431,25910
Fortune Multispeciality Hospital - Mansa,Mansa,Mohali,Orthopedics,4.6,70.6,25.0,85.58,89,1432,26047
Prime Care Healthcare - SAS Nagar,SAS Nagar,Rupnagar,Pulmonology,4.6,70.6,31.25,85.58,88,1433,26184
Punjab Hospital - Ferozepur,Ferozepur,Patiala,Urology,4.6,70.6,37.5,85.58,100,1434,26321
Sewa Healthcare - Fatehgarh Sahib,Fatehgarh Sahib,Bathinda,Neurology,4.5,75.2,37.5,85.56,117,1435,26458
Medicare Multispeciality Hospital - Malerkotla,Malerkotla,Rupnagar,Cardiology,4.6,70.5,37.5,85.55,107,1436,26595
Mata Kaushalya Multispeciality Hospital - Ludhiana,Ludhiana,Hoshiarpur,Dermatology,4.6,70.5,37.5,85.55,101,1437,26732
Shaheed Bhagat Singh Healthcare - Jalandhar,Jalandhar,Sangrur,Dermatology,4.6,70.5,31.25,85.55,102,1438,26869
Fortune Multispeciality Hospital - Gurdaspur,Gurdaspur,Phagwara,ENT,4.6,70.5,25.0,85.55,100,1439,27006
Medicare Healthcare - Bathinda,Bathinda,Gurdaspur,Gynecology,4.6,70.5,37.5,85.55,101,1440,27143
Punjab Hospital - Bathinda,Bathinda,Gurdaspur,Gynecology,4.6,70.5,31.25,85.55,100,1441,27280
Punjab Healthcare - Fatehgarh Sahib,Fatehgarh Sahib,Nawanshahr,Pulmonology,4.6,70.5,37.5,85.55,89,1442,27417
City Care Healthcare - Patiala,Patiala,Jalandhar,General Surgery,4.5,75.1,37.5,85.53,102,1443,27554
Shaheed Bhagat Singh Hospital - Patiala,Patiala,Hoshiarpur,Gynecology,4.5,75.1,37.5,85.53,121,1444,27691
Punjab Medical Centre - Amritsar,Amritsar,Muktsar,Urology,4.5,75.1,43.75,85.53,114,1445,27828
Prime Care Multispeciality Hospital - Pathankot,Pathankot,Pathankot,Cardiology,4.6,70.4,37.5,85.52,108,1446,27965
Sewa Multispeciality Hospital - Malerkotla,Malerkotla,Patiala,ENT,4.6,70.4,31.25,85.52,101,1447,28102
Healing Touch Multispeciality Hospital - Tarn Taran,Tarn Taran,Patiala,Neurology,4.6,70.4,25.0,85.52,100,1448,28239
Fortune Multispeciality Hospital - Muktsar,Muktsar,Bathinda,Oncology,4.6,70.4,18.75,85.52,83,1449,28376
Medicare Healthcare - Sangrur,Sangrur,Sangrur,Ophthalmology,4.6,70.4,37.5,85.52,80,1450,28513
Sewa Medical Centre - Fazilka,Fazilka,Phagwara,Orthopedics,4.6,70.4,25.0,85.52,90,1451,28650
Prime Care Multispeciality Hospital - Ferozepur,Ferozepur,Moga,Pediatrics,4.6,70.4,31.25,85.52,95,1452,28787
Healing Touch Hospital - Faridkot,Faridkot,Khanna,Pulmonology,4.6,70.4,31.25,85.52,90,1453,28924
Mata Kaushalya Hospital - Tarn Taran,Tarn Taran,Barnala,Cardiology,4.7,65.7,12.5,85.51,85,1454,29061
Shivalik Medical Centre - Amritsar,Amritsar,Mansa,Pulmonology,4.7,65.7,12.5,85.51,81,1455,29198
Mata Kaushalya Healthcare - Faridkot,Faridkot,Patiala,Neurology,4.5,75.0,50.0,85.5,118,1456,29335
City Care Medical Centre - Malerkotla,Malerkotla,Bathinda,Cardiology,4.6,70.3,25.0,85.49,109,1457,29472
Maharaja Ranjit Singh Multispeciality Hospital - Tarn Taran,Tarn Taran,Mohali,Dermatology,4.6,70.3,37.5,85.49,103,1458,29609
Sunrise Healthcare - Hoshiarpur,Hoshiarpur,Pathankot,ENT,4.6,70.3,37.5,85.49,102,1459,29746
Apex Medical Centre - Hoshiarpur,Hoshiarpur,Barnala,Gastroenterology,4.6,70.3,25.0,85.49,110,1460,29883
Lifeline Hospital - Amritsar,Amritsar,Moga,Gynecology,4.6,70.3,37.5,85.49,102,1461,30020
Medicare Multispeciality Hospital - Amritsar,Amritsar,Mohali,Nephrology,4.6,70.3,37.5,85.49,104,1462,30157
Prime Care Healthcare - Moga,Moga,Gurdaspur,Ophthalmology,4.6,70.3,37.5,85.49,81,1463,30294
Guru Nanak Multispeciality Hospital - Pathankot,Pathankot,Mansa,Orthopedics,4.6,70.3,37.5,85.49,91,1464,30431
Shaheed Bhagat Singh Hospital - Mansa,Mansa,Pathankot,Pediatrics,4.6,70.3,31.25,85.49,96,1465,30568
City Care Healthcare - Pathankot,Pathankot,Malerkotla,Pulmonology,4.6,70.3,31.25,85.49,91,1466,30705
Shivalik Multispeciality Hospital - SAS Nagar,SAS Nagar,Moga,Nephrology,4.7,65.6,12.5,85.48,80,1467,30842
Apex Hospital - Ludhiana,Ludhiana,Jalandhar,General Surgery,4.5,74.9,37.5,85.47,103,1468,30979
Shaheed Bhagat Singh Hospital - Amritsar,Amritsar,Moga,Cardiology,4.6,70.2,31.25,85.46,110,1469,31116
Shivalik Hospital - Pathankot,Pathankot,Rajpura,Cardiology,4.6,70.2,31.25,85.46,111,1470,31253
Healing Touch Healthcare - Sangrur,Sangrur,Ludhiana,Gastroenterology,4.6,70.2,31.25,85.46,111,1471,31390
Guru Nanak Multispeciality Hospital - Sangrur,Sangrur,Moga,General Surgery,4.6,70.2,37.5,85.46,85,1472,31527
Lifeline Healthcare - Malerkotla,Malerkotla,Gurdaspur,Ophthalmology,4.6,70.2,37.5,85.46,83,1473,31664
Shivalik Medical Centre - Barnala,Barnala,Firozpur,Ophthalmology,4.6,70.2,31.25,85.46,82,1474,31801
Mata Kaushalya Medical Centre - Malerkotla,Malerkotla,Amritsar,Pulmonology,4.6,70.2,31.25,85.46,92,1475,31938
Sewa Multispeciality Hospital - SAS Nagar,SAS Nagar,Malerkotla,Urology,4.6,70.2,37.5,85.46,101,1476,32075
Prime Care Healthcare - Malerkotla,Malerkotla,Mansa,Dermatology,4.6,70.1,31.25,85.43,104,1477,32212
Medicare Medical Centre - Mansa,Mansa,Malerkotla,ENT,4.6,70.1,37.5,85.43,103,1478,32349
City Care Hospital - Pathankot,Pathankot,Pathankot,General Medicine,4.6,70.1,37.5,85.43,102,1479,32486
Lifeline Medical Centre - Mansa,Mansa,Moga,Gynecology,4.6,70.1,31.25,85.43,103,1480,32623
Apex Medical Centre - Malerkotla,Malerkotla,Nawanshahr,Nephrology,4.6,70.1,18.75,85.43,105,1481,32760
Sewa Hospital - Bathinda,Bathinda,Phagwara,Nephrology,4.6,70.1,37.5,85.43,106,1482,32897
Medicare Medical Centre - SAS Nagar,SAS Nagar,Amritsar,Urology,4.5,74.7,43.75,85.41,115,1483,33034
Healing Touch Medical Centre - Moga,Moga,Abohar,Cardiology,4.6,70.0,25.0,85.4,112,1484,33171
Apex Medical Centre - Tarn Taran,Tarn Taran,Amritsar,ENT,4.6,70.0,25.0,85.4,105,1485,33308
City Care Multispeciality Hospital - Faridkot,Faridkot,Patiala,ENT,4.6,70.0,31.25,85.4,104,1486,33445
Shaheed Bhagat Singh Healthcare - Moga,Moga,Sangrur,Gastroenterology,4.6,70.0,31.25,85.4,112,1487,33582
Fortune Medical Centre - Kapurthala,Kapurthala,Rajpura,General Surgery,4.6,70.0,37.5,85.4,86,1488,33719
Shivalik Multispeciality Hospital - Fazilka,Fazilka,Mansa,Nephrology,4.6,70.0,25.0,85.4,107,1489,33856
Prime Care Multispeciality Hospital - Barnala,Barnala,Nawanshahr,Neurology,4.6,70.0,31.25,85.4,101,1490,33993
Healing Touch Medical Centre - SAS Nagar,SAS Nagar,Mohali,Orthopedics,4.6,70.0,37.5,85.4,92,1491,34130
Punjab Medical Centre - Patiala,Patiala,Khanna,Urology,4.6,70.0,37.5,85.4,102,1492,34267
Punjab Healthcare - Gurdaspur,Gurdaspur,Jalandhar,Cardiology,4.6,69.9,31.25,85.37,113,1493,34404
Punjab Hospital - Ludhiana,Ludhiana,Rajpura,ENT,4.6,69.9,31.25,85.37,106,1494,34541
Guru Nanak Healthcare - Fazilka,Fazilka,Malerkotla,General Medicine,4.6,69.9,37.5,85.37,103,1495,34678
Maharaja Ranjit Singh Hospital - Ferozepur,Ferozepur,Ludhiana,Gynecology,4.6,69.9,37.5,85.37,104,1496,34815
Fortune Medical Centre - Kapurthala,Kapurthala,Sangrur,Oncology,4.6,69.9,25.0,85.37,84,1497,34952
Guru Nanak Medical Centre - Ludhiana,Ludhiana,Khanna,Oncology,4.6,69.9,25.0,85.37,85,1498,35089
Apex Hospital - Gurdaspur,Gurdaspur,Bathinda,Pediatrics,4.6,69.9,25.0,85.37,97,1499,35226
City Care Hospital - Tarn Taran,Tarn Taran,Mohali,Pulmonology,4.6,69.9,25.0,85.37,93,1500,35363
Maharaja Ranjit Singh Healthcare - Jalandhar,Jalandhar,Patiala,Dermatology,4.6,69.8,31.25,85.34,105,1501,35500
Lifeline Healthcare - Ferozepur,Ferozepur,Phagwara,ENT,4.6,69.8,25.0,85.34,107,1502,35637
Lifeline Hospital - Ludhiana,Ludhiana,Ludhiana,Neurology,4.6,69.8,37.5,85.34,102,1503,35774
Lifeline Healthcare - Ludhiana,Ludhiana,Jalandhar,Orthopedics,4.6,69.8,18.75,85.34,94,1504,35911
Punjab Multispeciality Hospital - Malerkotla,Malerkotla,Barnala,Orthopedics,4.6,69.8,37.5,85.34,93,1505,36048
City Care Medical Centre - Pathankot,Pathankot,Kapurthala,Pediatrics,4.6,69.8,37.5,85.34,98,1506,36185
Healing Touch Hospital - Kapurthala,Kapurthala,Amritsar,Orthopedics,4.5,74.4,37.5,85.32,106,1507,36322
Sunrise Healthcare - Tarn Taran,Tarn Taran,Sangrur,Orthopedics,4.5,74.4,37.5,85.32,107,1508,36459
Mata Kaushalya Multispeciality Hospital - Kapurthala,Kapurthala,Moga,Cardiology,4.6,69.7,31.25,85.31,114,1509,36596
Medicare Hospital - Nawanshahr,Nawanshahr,Mansa,Cardiology,4.6,69.7,25.0,85.31,116,1510,36733
Medicare Medical Centre - Jalandhar,Jalandhar,Patiala,Cardiology,4.6,69.7,25.0,85.31,115,1511,36870
Guru Nanak Multispeciality Hospital - Moga,Moga,Abohar,Dermatology,4.6,69.7,25.0,85.31,106,1512,37007
Medicare Hospital - Amritsar,Amritsar,Bathinda,ENT,4.6,69.7,25.0,85.31,108,1513,37144
Medicare Hospital - Kapurthala,Kapurthala,Sangrur,ENT,4.6,69.7,18.75,85.31,109,1514,37281
Medicare Hospital - Fatehgarh Sahib,Fatehgarh Sahib,Sangrur,General Medicine,4.6,69.7,25.0,85.31,105,1515,37418
Medicare Hospital - Mansa,Mansa,Pathankot,General Medicine,4.6,69.7,18.75,85.31,104,1516,37555
Mata Kaushalya Multispeciality Hospital - Sangrur,Sangrur,Patiala,General Surgery,4.6,69.7,25.0,85.31,88,1517,37692
Medicare Healthcare - Ludhiana,Ludhiana,Sangrur,General Surgery,4.6,69.7,31.25,85.31,87,1518,37829
Medicare Medical Centre - Hoshiarpur,Hoshiarpur,Pathankot,General Surgery,4.6,69.7,37.5,85.31,89,1519,37966
Apex Healthcare - Pathankot,Pathankot,Rajpura,Nephrology,4.6,69.7,37.5,85.31,109,1520,38103
Shivalik Healthcare - Fatehgarh Sahib,Fatehgarh Sahib,Ludhiana,Nephrology,4.6,69.7,37.5,85.31,108,1521,38240
Shaheed Bhagat Singh Medical Centre - Barnala,Barnala,Nawanshahr,Ophthalmology,4.6,69.7,18.75,85.31,84,1522,38377
Healing Touch Medical Centre - Patiala,Patiala,Abohar,Orthopedics,4.6,69.7,25.0,85.31,96,1523,38514
Punjab Hospital - Barnala,Barnala,Malerkotla,Orthopedics,4.6,69.7,25.0,85.31,95,1524,38651
Maharaja Ranjit Singh Healthcare - Sangrur,Sangrur,Mansa,Gastroenterology,4.7,65.0,6.25,85.3,92,1525,38788
Shivalik Medical Centre - Kapurthala,Kapurthala,Firozpur,General Surgery,4.5,74.3,43.75,85.29,104,1526,38925
Apex Healthcare - Tarn Taran,Tarn Taran,Khanna,Cardiology,4.6,69.6,25.0,85.28,117,1527,39062
Fortune Healthcare - Rupnagar,Rupnagar,Malerkotla,Gastroenterology,4.6,69.6,25.0,85.28,113,1528,39199
Lifeline Multispeciality Hospital - Amritsar,Amritsar,Nawanshahr,Neurology,4.6,69.6,37.5,85.28,103,1529,39336
Sunrise Hospital - Tarn Taran,Tarn Taran,Mansa,Ophthalmology,4.6,69.6,37.5,85.28,85,1530,39473
Prime Care Healthcare - Muktsar,Muktsar,Ludhiana,Pulmonology,4.6,69.6,18.75,85.28,94,1531,39610
Prime Care Medical Centre - Tarn Taran,Tarn Taran,Malerkotla,Pulmonology,4.6,69.6,31.25,85.28,95,1532,39747
Prime Care Hospital - SAS Nagar,SAS Nagar,Phagwara,ENT,4.6,69.5,18.75,85.25,110,1533,39884
Medicare Multispeciality Hospital - Tarn Taran,Tarn Taran,Amritsar,Gynecology,4.6,69.5,31.25,85.25,105,1534,40021
Lifeline Healthcare - Pathankot,Pathankot,Rajpura,Neurology,4.6,69.5,31.25,85.25,104,1535,40158
Shaheed Bhagat Singh Healthcare - Rupnagar,Rupnagar,Mansa,Ophthalmology,4.6,69.5,31.25,85.25,86,1536,40295
Maharaja Ranjit Singh Multispeciality Hospital - Sangrur,Sangrur,Kapurthala,Orthopedics,4.6,69.5,37.5,85.25,97,1537,40432
Shaheed Bhagat Singh Medical Centre - Moga,Moga,Phagwara,Pulmonology,4.6,69.5,25.0,85.25,96,1538,40569
Lifeline Multispeciality Hospital - Tarn Taran,Tarn Taran,Patiala,Oncology,4.7,64.8,12.5,85.24,67,1539,40706
Maharaja Ranjit Singh Healthcare - Tarn Taran,Tarn Taran,Mohali,Nephrology,4.5,74.1,37.5,85.23,121,1540,40843
Prime Care Multispeciality Hospital - Ludhiana,Ludhiana,Phagwara,Cardiology,4.6,69.4,31.25,85.22,118,1541,40980
Sewa Healthcare - Faridkot,Faridkot,Firozpur,ENT,4.6,69.4,25.0,85.22,111,1542,41117
Mata Kaushalya Healthcare - Mansa,Mansa,Kapurthala,Orthopedics,4.6,69.4,25.0,85.22,98,1543,41254
Medicare Multispeciality Hospital - Muktsar,Muktsar,Gurdaspur,Pulmonology,4.6,69.4,31.25,85.22,97,1544,41391
Guru Nanak Healthcare - Ludhiana,Ludhiana,Barnala,Urology,4.6,69.4,31.25,85.22,103,1545,41528
Guru Nanak Medical Centre - Sangrur,Sangrur,Jalandhar,Urology,4.6,69.4,31.25,85.22,104,1546,41665
Sewa Healthcare - Patiala,Patiala,Phagwara,Urology,4.6,69.4,25.0,85.22,105,1547,41802
Medicare Healthcare - Faridkot,Faridkot,Kapurthala,Dermatology,4.5,74.0,37.5,85.2,116,1548,41939
Shivalik Hospital - Jalandhar,Jalandhar,Rajpura,Neurology,4.5,74.0,43.75,85.2,119,1549,42076
Sunrise Healthcare - Fatehgarh Sahib,Fatehgarh Sahib,Pathankot,Urology,4.5,74.0,37.5,85.2,116,1550,42213
Healing Touch Healthcare - Ferozepur,Ferozepur,Muktsar,Cardiology,4.6,69.3,25.0,85.19,120,1551,42350
Prime Care Hospital - Faridkot,Faridkot,Amritsar,Cardiology,4.6,69.3,31.25,85.19,119,1552,42487
Maharaja Ranjit Singh Multispeciality Hospital - Hoshiarpur,Hoshiarpur,Patiala,Dermatology,4.6,69.3,25.0,85.19,107,1553,42624
Prime Care Hospital - Amritsar,Amritsar,Mansa,ENT,4.6,69.3,31.25,85.19,112,1554,42761
Mata Kaushalya Healthcare - Fazilka,Fazilka,Hoshiarpur,Gastroenterology,4.6,69.3,25.0,85.19,114,1555,42898
Healing Touch Healthcare - Barnala,Barnala,Moga,General Medicine,4.6,69.3,31.25,85.19,106,1556,43035
Healing Touch Hospital - Bathinda,Bathinda,Firozpur,Orthopedics,4.6,69.3,31.25,85.19,99,1557,43172
Medicare Healthcare - Barnala,Barnala,Firozpur,General Medicine,4.5,73.9,37.5,85.17,117,1558,43309
Shaheed Bhagat Singh Medical Centre - Ludhiana,Ludhiana,Nawanshahr,ENT,4.6,69.2,31.25,85.16,113,1559,43446
Medicare Medical Centre - Barnala,Barnala,Pathankot,Gynecology,4.6,69.2,31.25,85.16,106,1560,43583
Shivalik Hospital - Sangrur,Sangrur,Hoshiarpur,Neurology,4.6,69.2,18.75,85.16,105,1561,43720
Medicare Healthcare - Bathinda,Bathinda,Rupnagar,Oncology,4.6,69.2,31.25,85.16,86,1562,43857
Prime Care Medical Centre - Fatehgarh Sahib,Fatehgarh Sahib,Muktsar,Pediatrics,4.6,69.2,18.75,85.16,99,1563,43994
Maharaja Ranjit Singh Medical Centre - Gurdaspur,Gurdaspur,Abohar,Orthopedics,4.5,73.8,37.5,85.14,108,1564,44131
Sunrise Multispeciality Hospital - Nawanshahr,Nawanshahr,Amritsar,Pulmonology,4.5,73.8,50.0,85.14,105,1565,44268
Lifeline Healthcare - Kapurthala,Kapurthala,Khanna,Cardiology,4.6,69.1,31.25,85.13,121,1566,44405
City Care Multispeciality Hospital - Ferozepur,Ferozepur,Gurdaspur,Gynecology,4.6,69.1,25.0,85.13,107,1567,44542
Healing Touch Healthcare - Pathankot,Pathankot,Khanna,Nephrology,4.6,69.1,25.0,85.13,110,1568,44679
Medicare Multispeciality Hospital - Kapurthala,Kapurthala,Mansa,Ophthalmology,4.6,69.1,25.0,85.13,87,1569,44816
Shaheed Bhagat Singh Hospital - Gurdaspur,Gurdaspur,Moga,Urology,4.6,69.1,31.25,85.13,106,1570,44953
City Care Healthcare - Gurdaspur,Gurdaspur,Patiala,Nephrology,4.5,73.7,37.5,85.11,122,1571,45090
Fortune Hospital - Kapurthala,Kapurthala,Barnala,Gastroenterology,4.6,69.0,31.25,85.1,115,1572,45227
Shivalik Hospital - Mansa,Mansa,Patiala,General Medicine,4.6,69.0,31.25,85.1,107,1573,45364
Maharaja Ranjit Singh Multispeciality Hospital - Sangrur,Sangrur,Rajpura,Gynecology,4.6,69.0,25.0,85.1,108,1574,45501
Sunrise Hospital - Jalandhar,Jalandhar,Rupnagar,Oncology,4.6,69.0,25.0,85.1,87,1575,45638
Punjab Multispeciality Hospital - Fatehgarh Sahib,Fatehgarh Sahib,Phagwara,Ophthalmology,4.6,69.0,31.25,85.1,88,1576,45775
Punjab Healthcare - Pathankot,Pathankot,Firozpur,Gynecology,4.7,64.3,6.25,85.09,77,1577,45912
Lifeline Healthcare - Malerkotla,Malerkotla,Rajpura,Dermatology,4.5,73.6,43.75,85.08,117,1578,46049
Shivalik Healthcare - Mansa,Mansa,Hoshiarpur,General Medicine,4.5,73.6,37.5,85.08,118,1579,46186
Punjab Medical Centre - Fatehgarh Sahib,Fatehgarh Sahib,Mohali,Neurology,4.5,73.6,43.75,85.08,120,1580,46323
City Care Healthcare - Tarn Taran,Tarn Taran,Rupnagar,Oncology,4.5,73.6,43.75,85.08,97,1581,46460
Medicare Hospital - Nawanshahr,Nawanshahr,Amritsar,Oncology,4.5,73.6,43.75,85.08,98,1582,46597
Apex Hospital - Kapurthala,Kapurthala,Moga,Dermatology,4.6,68.9,25.0,85.07,108,1583,46734
Fortune Hospital - Ferozepur,Ferozepur,Jalandhar,General Medicine,4.6,68.9,18.75,85.07,108,1584,46871
Mata Kaushalya Hospital - Faridkot,Faridkot,Khanna,Neurology,4.6,68.9,31.25,85.07,106,1585,47008
Sewa Multispeciality Hospital - Tarn Taran,Tarn Taran,Khanna,Ophthalmology,4.6,68.9,31.25,85.07,89,1586,47145
Mata Kaushalya Hospital - Sangrur,Sangrur,Firozpur,Neurology,4.5,73.5,31.25,85.05,121,1587,47282
Guru Nanak Healthcare - Patiala,Patiala,Abohar,Orthopedics,4.5,73.5,50.0,85.05,109,1588,47419
Maharaja Ranjit Singh Multispeciality Hospital - Bathinda,Bathinda,Kapurthala,ENT,4.6,68.8,31.25,85.04,114,1589,47556
Mata Kaushalya Medical Centre - Jalandhar,Jalandhar,Malerkotla,Gynecology,4.6,68.8,18.75,85.04,110,1590,47693
Medicare Multispeciality Hospital - Fatehgarh Sahib,Fatehgarh Sahib,Pathankot,Gynecology,4.6,68.8,31.25,85.04,109,1591,47830
City Care Medical Centre - Faridkot,Faridkot,Nawanshahr,Oncology,4.6,68.8,31.25,85.04,88,1592,47967
Sewa Healthcare - Moga,Moga,Jalandhar,Ophthalmology,4.6,68.8,31.25,85.04,90,1593,48104
Sewa Multispeciality Hospital - SAS Nagar,SAS Nagar,Mohali,General Medicine,4.5,73.4,37.5,85.02,119,1594,48241
Sewa Multispeciality Hospital - SAS Nagar,SAS Nagar,Bathinda,Gynecology,4.6,68.7,25.0,85.01,111,1595,48378
Apex Multispeciality Hospital - Sangrur,Sangrur,Rupnagar,Oncology,4.6,68.7,18.75,85.01,89,1596,48515
Punjab Hospital - Ludhiana,Ludhiana,Phagwara,Oncology,4.6,68.7,31.25,85.01,90,1597,48652
Guru Nanak Hospital - Sangrur,Sangrur,Moga,Orthopedics,4.6,68.7,25.0,85.01,100,1598,48789
Prime Care Healthcare - Mansa,Mansa,Rupnagar,Oncology,4.5,73.3,43.75,84.99,99,1599,48926
City Care Multispeciality Hospital - Bathinda,Bathinda,Khanna,Cardiology,4.6,68.6,25.0,84.98,122,1600,49063
Sewa Medical Centre - Tarn Taran,Tarn Taran,Firozpur,Gastroenterology,4.6,68.6,25.0,84.98,116,1601,49200
Sunrise Medical Centre - Hoshiarpur,Hoshiarpur,Rupnagar,General Medicine,4.6,68.6,31.25,84.98,109,1602,49337
Guru Nanak Healthcare - Fatehgarh Sahib,Fatehgarh Sahib,Mansa,Pediatrics,4.6,68.6,18.75,84.98,100,1603,49474
Medicare Multispeciality Hospital - Amritsar,Amritsar,Mansa,Urology,4.6,68.6,31.25,84.98,107,1604,49611
Medicare Multispeciality Hospital - Bathinda,Bathinda,Khanna,ENT,4.5,73.2,43.75,84.96,120,1605,49748
Maharaja Ranjit Singh Healthcare - Sangrur,Sangrur,Nawanshahr,Urology,4.5,73.2,37.5,84.96,117,1606,49885
Sewa Medical Centre - Barnala,Barnala,Rupnagar,General Medicine,4.6,68.5,25.0,84.95,110,1607,50022
Apex Healthcare - SAS Nagar,SAS Nagar,Sangrur,General Surgery,4.6,68.5,25.0,84.95,90,1608,50159
Apex Medical Centre - Barnala,Barnala,Mohali,Gynecology,4.6,68.5,31.25,84.95,112,1609,50296
Mata Kaushalya Medical Centre - Malerkotla,Malerkotla,Bathinda,Oncology,4.6,68.5,25.0,84.95,91,1610,50433
Shivalik Multispeciality Hospital - Sangrur,Sangrur,Gurdaspur,Ophthalmology,4.6,68.5,25.0,84.95,91,1611,50570
Maharaja Ranjit Singh Multispeciality Hospital - Gurdaspur,Gurdaspur,Malerkotla,Pediatrics,4.6,68.5,25.0,84.95,101,1612,50707
Shivalik Hospital - Fatehgarh Sahib,Fatehgarh Sahib,Kapurthala,Dermatology,4.5,73.1,31.25,84.93,118,1613,50844
Mata Kaushalya Medical Centre - Fazilka,Fazilka,Rajpura,Gynecology,4.5,73.1,37.5,84.93,122,1614,50981
Fortune Healthcare - Mansa,Mansa,Ludhiana,Neurology,4.5,73.1,37.5,84.93,122,1615,51118
Maharaja Ranjit Singh Multispeciality Hospital - Bathinda,Bathinda,Mohali,Pediatrics,4.5,73.1,43.75,84.93,108,1616,51255
Shaheed Bhagat Singh Healthcare - Ferozepur,Ferozepur,Muktsar,Pediatrics,4.5,73.1,37.5,84.93,109,1617,51392
Guru Nanak Healthcare - Malerkotla,Malerkotla,Nawanshahr,Dermatology,4.6,68.4,18.75,84.92,109,1618,51529
Sunrise Hospital - Fazilka,Fazilka,Kapurthala,Dermatology,4.6,68.4,25.0,84.92,110,1619,51666
Medicare Multispeciality Hospital - Gurdaspur,Gurdaspur,Moga,Nephrology,4.6,68.4,25.0,84.92,111,1620,51803
Sewa Multispeciality Hospital - Moga,Moga,Malerkotla,Neurology,4.6,68.4,18.75,84.92,107,1621,51940
Medicare Medical Centre - Fatehgarh Sahib,Fatehgarh Sahib,Amritsar,Ophthalmology,4.6,68.4,25.0,84.92,92,1622,52077
City Care Hospital - Gurdaspur,Gurdaspur,Jalandhar,Pediatrics,4.6,68.4,31.25,84.92,102,1623,52214
Lifeline Medical Centre - Sangrur,Sangrur,Gurdaspur,Dermatology,4.5,73.0,43.75,84.9,119,1624,52351
Sewa Multispeciality Hospital - Malerkotla,Malerkotla,Mansa,Gastroenterology,4.5,73.0,37.5,84.9,123,1625,52488
Lifeline Healthcare - Hoshiarpur,Hoshiarpur,Muktsar,General Surgery,4.5,73.0,37.5,84.9,105,1626,52625
Shaheed Bhagat Singh Hospital - Malerkotla,Malerkotla,Rajpura,Orthopedics,4.5,73.0,43.75,84.9,110,1627,52762
Prime Care Healthcare - Faridkot,Faridkot,Barnala,Cardiology,4.6,68.3,25.0,84.89,124,1628,52899
Sunrise Multispeciality Hospital - Fazilka,Fazilka,Jalandhar,Cardiology,4.6,68.3,18.75,84.89,123,1629,53036
Lifeline Medical Centre - Fazilka,Fazilka,Jalandhar,General Surgery,4.6,68.3,31.25,84.89,91,1630,53173
Healing Touch Medical Centre - Ludhiana,Ludhiana,Khanna,Nephrology,4.6,68.3,25.0,84.89,112,1631,53310
Lifeline Healthcare - Fazilka,Fazilka,Malerkotla,Ophthalmology,4.6,68.3,25.0,84.89,93,1632,53447
Shivalik Healthcare - Pathankot,Pathankot,Abohar,Pediatrics,4.6,68.3,18.75,84.89,103,1633,53584
Punjab Hospital - Hoshiarpur,Hoshiarpur,Ludhiana,Pulmonology,4.6,68.3,18.75,84.89,98,1634,53721
Shaheed Bhagat Singh Medical Centre - Nawanshahr,Nawanshahr,Phagwara,Cardiology,4.4,77.6,50.0,84.88,163,1635,53858
Sewa Hospital - Ferozepur,Ferozepur,Barnala,ENT,4.5,72.9,31.25,84.87,121,1636,53995
Guru Nanak Multispeciality Hospital - Gurdaspur,Gurdaspur,Gurdaspur,Nephrology,4.5,72.9,37.5,84.87,123,1637,54132
Fortune Medical Centre - Ludhiana,Ludhiana,Barnala,Pulmonology,4.5,72.9,37.5,84.87,106,1638,54269
Mata Kaushalya Multispeciality Hospital - Bathinda,Bathinda,Firozpur,ENT,4.6,68.2,25.0,84.86,115,1639,54406
Fortune Hospital - Rupnagar,Rupnagar,Nawanshahr,Gastroenterology,4.6,68.2,25.0,84.86,117,1640,54543
Maharaja Ranjit Singh Hospital - Fazilka,Fazilka,Rupnagar,General Surgery,4.6,68.2,31.25,84.86,92,1641,54680
Medicare Multispeciality Hospital - Faridkot,Faridkot,Mansa,General Surgery,4.6,68.2,31.25,84.86,93,1642,54817
Prime Care Medical Centre - Fatehgarh Sahib,Fatehgarh Sahib,Hoshiarpur,Nephrology,4.6,68.2,31.25,84.86,113,1643,54954
Shivalik Multispeciality Hospital - Hoshiarpur,Hoshiarpur,Bathinda,Pulmonology,4.6,68.2,18.75,84.86,99,1644,55091
Maharaja Ranjit Singh Healthcare - Ludhiana,Ludhiana,Sangrur,Gastroenterology,4.5,72.8,43.75,84.84,124,1645,55228
Mata Kaushalya Medical Centre - Sangrur,Sangrur,Nawanshahr,Pediatrics,4.5,72.8,31.25,84.84,110,1646,55365
Shaheed Bhagat Singh Healthcare - Sangrur,Sangrur,Hoshiarpur,Nephrology,4.6,68.1,18.75,84.83,114,1647,55502
City Care Multispeciality Hospital - Ferozepur,Ferozepur,Malerkotla,Oncology,4.6,68.1,25.0,84.83,92,1648,55639
Maharaja Ranjit Singh Medical Centre - Ludhiana,Ludhiana,Jalandhar,Urology,4.6,68.1,18.75,84.83,109,1649,55776
Punjab Hospital - Ferozepur,Ferozepur,Malerkotla,Urology,4.6,68.1,31.25,84.83,110,1650,55913
Punjab Multispeciality Hospital - Fatehgarh Sahib,Fatehgarh Sahib,Moga,Urology,4.6,68.1,25.0,84.83,108,1651,56050
Shivalik Hospital - Kapurthala,Kapurthala,Nawanshahr,Gastroenterology,4.5,72.7,37.5,84.81,125,1652,56187
Punjab Medical Centre - Fazilka,Fazilka,Nawanshahr,Dermatology,4.6,68.0,18.75,84.8,111,1653,56324
Medicare Healthcare - Jalandhar,Jalandhar,Rupnagar,General Medicine,4.6,68.0,18.75,84.8,111,1654,56461
Mata Kaushalya Multispeciality Hospital - Nawanshahr,Nawanshahr,Phagwara,Cardiology,4.5,72.6,37.5,84.78,127,1655,56598
Prime Care Healthcare - Malerkotla,Malerkotla,Amritsar,Nephrology,4.5,72.6,37.5,84.78,124,1656,56735
City Care Medical Centre - SAS Nagar,SAS Nagar,Mohali,Neurology,4.5,72.6,31.25,84.78,123,1657,56872
Guru Nanak Medical Centre - SAS Nagar,SAS Nagar,Amritsar,Pediatrics,4.5,72.6,37.5,84.78,111,1658,57009
Punjab Healthcare - Nawanshahr,Nawanshahr,Sangrur,Urology,4.5,72.6,37.5,84.78,118,1659,57146
Fortune Healthcare - Gurdaspur,Gurdaspur,Barnala,Cardiology,4.6,67.9,25.0,84.77,125,1660,57283
Mata Kaushalya Hospital - Ludhiana,Ludhiana,Bathinda,General Medicine,4.6,67.9,18.75,84.77,112,1661,57420
Medicare Hospital - SAS Nagar,SAS Nagar,Mohali,General Surgery,4.6,67.9,25.0,84.77,94,1662,57557
Shivalik Medical Centre - Amritsar,Amritsar,Moga,Neurology,4.6,67.9,18.75,84.77,108,1663,57694
Maharaja Ranjit Singh Multispeciality Hospital - Moga,Moga,Mansa,Pediatrics,4.6,67.9,25.0,84.77,104,1664,57831
Shivalik Multispeciality Hospital - Barnala,Barnala,Ludhiana,ENT,4.5,72.5,31.25,84.75,122,1665,57968
City Care Hospital - Faridkot,Faridkot,Jalandhar,Nephrology,4.5,72.5,31.25,84.75,125,1666,58105
Prime Care Medical Centre - Sangrur,Sangrur,Firozpur,Neurology,4.5,72.5,31.25,84.75,124,1667,58242
Mata Kaushalya Medical Centre - Faridkot,Faridkot,Bathinda,Oncology,4.5,72.5,31.25,84.75,100,1668,58379
Maharaja Ranjit Singh Healthcare - Malerkotla,Malerkotla,Jalandhar,Pulmonology,4.5,72.5,31.25,84.75,107,1669,58516
Lifeline Multispeciality Hospital - Pathankot,Pathankot,Kapurthala,ENT,4.6,67.8,25.0,84.74,116,1670,58653
Fortune Healthcare - Nawanshahr,Nawanshahr,Bathinda,Orthopedics,4.6,67.8,25.0,84.74,101,1671,58790
Sunrise Multispeciality Hospital - Malerkotla,Malerkotla,Sangrur,ENT,4.5,72.4,43.75,84.72,123,1672,58927
Medicare Medical Centre - Moga,Moga,Muktsar,Nephrology,4.5,72.4,37.5,84.72,126,1673,59064
Punjab Hospital - Hoshiarpur,Hoshiarpur,Bathinda,Pediatrics,4.5,72.4,37.5,84.72,112,1674,59201
Fortune Healthcare - Ludhiana,Ludhiana,Phagwara,Gastroenterology,4.6,67.7,25.0,84.71,119,1675,59338
Lifeline Hospital - Gurdaspur,Gurdaspur,Phagwara,Gastroenterology,4.6,67.7,25.0,84.71,118,1676,59475
City Care Healthcare - Pathankot,Pathankot,Ludhiana,Neurology,4.6,67.7,25.0,84.71,109,1677,59612
Sewa Healthcare - Pathankot,Pathankot,Ludhiana,Oncology,4.6,67.7,25.0,84.71,93,1678,59749
Shivalik Healthcare - Hoshiarpur,Hoshiarpur,Moga,Ophthalmology,4.6,67.7,25.0,84.71,94,1679,59886
Maharaja Ranjit Singh Multispeciality Hospital - Pathankot,Pathankot,Moga,Urology,4.6,67.7,25.0,84.71,111,1680,60023
City Care Multispeciality Hospital - Pathankot,Pathankot,Moga,Cardiology,4.5,72.3,37.5,84.69,128,1681,60160
Fortune Hospital - Gurdaspur,Gurdaspur,Malerkotla,Dermatology,4.5,72.3,37.5,84.69,120,1682,60297
Sewa Medical Centre - Ludhiana,Ludhiana,Moga,Gynecology,4.5,72.3,31.25,84.69,123,1683,60434
Medicare Healthcare - Sangrur,Sangrur,Patiala,Neurology,4.5,72.3,37.5,84.69,125,1684,60571
Mata Kaushalya Hospital - Pathankot,Pathankot,Gurdaspur,Urology,4.5,72.3,43.75,84.69,119,1685,60708
Shivalik Hospital - Gurdaspur,Gurdaspur,Bathinda,Urology,4.5,72.3,37.5,84.69,120,1686,60845
Fortune Medical Centre - Patiala,Patiala,Bathinda,Gastroenterology,4.6,67.6,25.0,84.68,120,1687,60982
Healing Touch Multispeciality Hospital - Fatehgarh Sahib,Fatehgarh Sahib,Sangrur,General Medicine,4.5,72.2,31.25,84.66,120,1688,61119
Prime Care Medical Centre - Rupnagar,Rupnagar,Gurdaspur,Nephrology,4.5,72.2,37.5,84.66,127,1689,61256
Healing Touch Healthcare - Rupnagar,Rupnagar,Ludhiana,Orthopedics,4.5,72.2,37.5,84.66,111,1690,61393
Mata Kaushalya Healthcare - Rupnagar,Rupnagar,Pathankot,Pediatrics,4.5,72.2,25.0,84.66,113,1691,61530
Medicare Healthcare - Fazilka,Fazilka,Malerkotla,Dermatology,4.6,67.5,18.75,84.65,112,1692,61667
Shivalik Hospital - Kapurthala,Kapurthala,Abohar,ENT,4.6,67.5,25.0,84.65,117,1693,61804
Punjab Healthcare - Tarn Taran,Tarn Taran,Muktsar,General Surgery,4.6,67.5,18.75,84.65,95,1694,61941
Sunrise Hospital - Amritsar,Amritsar,Gurdaspur,General Surgery,4.6,67.5,18.75,84.65,96,1695,62078
Fortune Multispeciality Hospital - Patiala,Patiala,Nawanshahr,Nephrology,4.6,67.5,25.0,84.65,115,1696,62215
Lifeline Multispeciality Hospital - Ferozepur,Ferozepur,Ludhiana,ENT,4.5,72.1,43.75,84.63,124,1697,62352
Sunrise Healthcare - Faridkot,Faridkot,Kapurthala,General Medicine,4.5,72.1,25.0,84.63,121,1698,62489
Fortune Healthcare - Muktsar,Muktsar,Jalandhar,Nephrology,4.5,72.1,31.25,84.63,128,1699,62626
Lifeline Multispeciality Hospital - Patiala,Patiala,Ludhiana,Nephrology,4.5,72.1,43.75,84.63,129,1700,62763
Fortune Medical Centre - Muktsar,Muktsar,Jalandhar,General Surgery,4.6,67.4,18.75,84.62,97,1701,62900
Medicare Multispeciality Hospital - Sangrur,Sangrur,Kapurthala,Gynecology,4.6,67.4,25.0,84.62,113,1702,63037
Sewa Medical Centre - Patiala,Patiala,Malerkotla,Gynecology,4.6,67.4,25.0,84.62,114,1703,63174
Sewa Hospital - Mansa,Mansa,Malerkotla,Neurology,4.6,67.4,25.0,84.62,110,1704,63311
Lifeline Multispeciality Hospital - Patiala,Patiala,Khanna,Cardiology,4.5,72.0,37.5,84.6,129,1705,63448
Punjab Medical Centre - Rupnagar,Rupnagar,Gurdaspur,Cardiology,4.5,72.0,25.0,84.6,130,1706,63585
City Care Multispeciality Hospital - Jalandhar,Jalandhar,Phagwara,ENT,4.5,72.0,50.0,84.6,125,1707,63722
Guru Nanak Medical Centre - SAS Nagar,SAS Nagar,Mansa,Gastroenterology,4.6,67.3,25.0,84.59,121,1708,63859
Fortune Healthcare - Gurdaspur,Gurdaspur,Patiala,Oncology,4.6,67.3,25.0,84.59,94,1709,63996
Prime Care Medical Centre - Kapurthala,Kapurthala,Hoshiarpur,Oncology,4.6,67.3,12.5,84.59,95,1710,64133
Medicare Medical Centre - Nawanshahr,Nawanshahr,Sangrur,Cardiology,4.5,71.9,37.5,84.57,131,1711,64270
Fortune Healthcare - Hoshiarpur,Hoshiarpur,Malerkotla,General Surgery,4.5,71.9,31.25,84.57,107,1712,64407
Shivalik Hospital - Nawanshahr,Nawanshahr,Barnala,General Surgery,4.5,71.9,37.5,84.57,106,1713,64544
Punjab Multispeciality Hospital - Pathankot,Pathankot,Pathankot,Orthopedics,4.5,71.9,31.25,84.57,112,1714,64681
Maharaja Ranjit Singh Healthcare - Barnala,Barnala,Mohali,Urology,4.6,67.2,25.0,84.56,112,1715,64818
Punjab Hospital - Nawanshahr,Nawanshahr,Patiala,Cardiology,4.5,71.8,37.5,84.54,132,1716,64955
Healing Touch Hospital - Gurdaspur,Gurdaspur,Rupnagar,Nephrology,4.5,71.8,43.75,84.54,130,1717,65092
Sunrise Healthcare - Malerkotla,Malerkotla,Hoshiarpur,Nephrology,4.5,71.8,43.75,84.54,131,1718,65229
Mata Kaushalya Hospital - Patiala,Patiala,Rajpura,Ophthalmology,4.5,71.8,31.25,84.54,99,1719,65366
Sunrise Medical Centre - Ludhiana,Ludhiana,Mansa,Pediatrics,4.5,71.8,37.5,84.54,114,1720,65503
Mata Kaushalya Medical Centre - Mansa,Mansa,Jalandhar,ENT,4.6,67.1,25.0,84.53,118,1721,65640
Fortune Healthcare - Faridkot,Faridkot,Jalandhar,Gynecology,4.6,67.1,18.75,84.53,115,1722,65777
Healing Touch Hospital - Hoshiarpur,Hoshiarpur,Mansa,Nephrology,4.6,67.1,25.0,84.53,116,1723,65914
Sunrise Healthcare - Moga,Moga,Firozpur,Neurology,4.6,67.1,25.0,84.53,111,1724,66051
Maharaja Ranjit Singh Medical Centre - Patiala,Patiala,Abohar,Orthopedics,4.6,67.1,18.75,84.53,102,1725,66188
Maharaja Ranjit Singh Hospital - Tarn Taran,Tarn Taran,Jalandhar,Pulmonology,4.6,67.1,18.75,84.53,100,1726,66325
Apex Medical Centre - Jalandhar,Jalandhar,Phagwara,Orthopedics,4.5,71.7,37.5,84.51,114,1727,66462
Shaheed Bhagat Singh Medical Centre - Sangrur,Sangrur,Amritsar,Orthopedics,4.5,71.7,37.5,84.51,113,1728,66599
Punjab Multispeciality Hospital - Ferozepur,Ferozepur,Khanna,Pediatrics,4.5,71.7,25.0,84.51,115,1729,66736
Apex Hospital - Gurdaspur,Gurdaspur,Ludhiana,Pulmonology,4.5,71.7,43.75,84.51,108,1730,66873
Shaheed Bhagat Singh Multispeciality Hospital - Faridkot,Faridkot,Amritsar,Dermatology,4.6,67.0,25.0,84.5,113,1731,67010
Guru Nanak Hospital - Nawanshahr,Nawanshahr,Abohar,Ophthalmology,4.6,67.0,25.0,84.5,95,1732,67147
Apex Medical Centre - Ferozepur,Ferozepur,Hoshiarpur,Ophthalmology,4.5,71.6,37.5,84.48,100,1733,67284
City Care Healthcare - Barnala,Barnala,Khanna,Pediatrics,4.5,71.6,43.75,84.48,116,1734,67421
Guru Nanak Multispeciality Hospital - Amritsar,Amritsar,Bathinda,Gynecology,4.6,66.9,12.5,84.47,116,1735,67558
Sewa Multispeciality Hospital - Faridkot,Faridkot,Patiala,Orthopedics,4.6,66.9,25.0,84.47,103,1736,67695
Mata Kaushalya Multispeciality Hospital - Malerkotla,Malerkotla,Barnala,Nephrology,4.5,71.5,37.5,84.45,132,1737,67832
Sunrise Healthcare - Jalandhar,Jalandhar,Bathinda,Neurology,4.5,71.5,37.5,84.45,126,1738,67969
Apex Multispeciality Hospital - Moga,Moga,Mohali,Orthopedics,4.6,66.8,18.75,84.44,104,1739,68106
Healing Touch Medical Centre - Rupnagar,Rupnagar,Ludhiana,Pediatrics,4.6,66.8,25.0,84.44,105,1740,68243
Shivalik Multispeciality Hospital - Hoshiarpur,Hoshiarpur,Pathankot,Gastroenterology,4.5,71.4,43.75,84.42,126,1741,68380
Fortune Hospital - SAS Nagar,SAS Nagar,Gurdaspur,General Medicine,4.5,71.4,31.25,84.42,122,1742,68517
Maharaja Ranjit Singh Healthcare - Nawanshahr,Nawanshahr,Sangrur,Gynecology,4.5,71.4,43.75,84.42,124,1743,68654
Prime Care Healthcare - Pathankot,Pathankot,Nawanshahr,General Surgery,4.6,66.7,25.0,84.41,98,1744,68791
Medicare Healthcare - Faridkot,Faridkot,Rupnagar,Nephrology,4.6,66.7,25.0,84.41,117,1745,68928
Fortune Multispeciality Hospital - Mansa,Mansa,Mansa,Cardiology,4.5,71.3,37.5,84.39,135,1746,69065
Sewa Multispeciality Hospital - Moga,Moga,Muktsar,Cardiology,4.5,71.3,31.25,84.39,134,1747,69202
Shivalik Medical Centre - Fazilka,Fazilka,Ludhiana,Cardiology,4.5,71.3,37.5,84.39,133,1748,69339
Sewa Medical Centre - Nawanshahr,Nawanshahr,Moga,Gynecology,4.5,71.3,37.5,84.39,125,1749,69476
Punjab Healthcare - SAS Nagar,SAS Nagar,Rupnagar,Neurology,4.5,71.3,31.25,84.39,127,1750,69613
Prime Care Healthcare - Mansa,Mansa,Pathankot,Pediatrics,4.5,71.3,37.5,84.39,117,1751,69750
Guru Nanak Healthcare - Amritsar,Amritsar,Mansa,Gynecology,4.6,66.6,25.0,84.38,117,1752,69887
Prime Care Medical Centre - Muktsar,Muktsar,Kapurthala,Gynecology,4.6,66.6,25.0,84.38,118,1753,70024
Mata Kaushalya Medical Centre - Amritsar,Amritsar,Rajpura,Pulmonology,4.6,66.6,18.75,84.38,101,1754,70161
Lifeline Healthcare - Gurdaspur,Gurdaspur,Mohali,Gastroenterology,4.5,71.2,37.5,84.36,127,1755,70298
Mata Kaushalya Medical Centre - Patiala,Patiala,Khanna,Gastroenterology,4.5,71.2,37.5,84.36,128,1756,70435
City Care Healthcare - Nawanshahr,Nawanshahr,Phagwara,Neurology,4.5,71.2,43.75,84.36,128,1757,70572
Apex Healthcare - Malerkotla,Malerkotla,Rupnagar,Oncology,4.5,71.2,25.0,84.36,101,1758,70709
Mata Kaushalya Multispeciality Hospital - Hoshiarpur,Hoshiarpur,Pathankot,Urology,4.5,71.2,37.5,84.36,121,1759,70846
Shivalik Hospital - Faridkot,Faridkot,Phagwara,ENT,4.6,66.5,25.0,84.35,119,1760,70983
Shaheed Bhagat Singh Multispeciality Hospital - Mansa,Mansa,Moga,Oncology,4.6,66.5,25.0,84.35,96,1761,71120
Prime Care Multispeciality Hospital - Tarn Taran,Tarn Taran,Jalandhar,Ophthalmology,4.6,66.5,25.0,84.35,96,1762,71257
Shivalik Healthcare - Pathankot,Pathankot,Abohar,Pulmonology,4.6,66.5,18.75,84.35,102,1763,71394
Guru Nanak Healthcare - Barnala,Barnala,Pathankot,Pediatrics,4.4,75.8,43.75,84.34,138,1764,71531
Apex Multispeciality Hospital - Malerkotla,Malerkotla,Ludhiana,ENT,4.5,71.1,31.25,84.33,126,1765,71668
Prime Care Healthcare - Gurdaspur,Gurdaspur,Jalandhar,Gastroenterology,4.5,71.1,43.75,84.33,129,1766,71805
Prime Care Medical Centre - SAS Nagar,SAS Nagar,Patiala,General Medicine,4.5,71.1,43.75,84.33,124,1767,71942
Sunrise Multispeciality Hospital - Malerkotla,Malerkotla,Abohar,General Medicine,4.5,71.1,43.75,84.33,123,1768,72079
Punjab Multispeciality Hospital - Kapurthala,Kapurthala,Rupnagar,General Surgery,4.5,71.1,43.75,84.33,108,1769,72216
Sunrise Hospital - Sangrur,Sangrur,Kapurthala,Nephrology,4.5,71.1,37.5,84.33,133,1770,72353
Mata Kaushalya Multispeciality Hospital - Muktsar,Muktsar,Muktsar,Ophthalmology,4.5,71.1,25.0,84.33,101,1771,72490
City Care Healthcare - SAS Nagar,SAS Nagar,Pathankot,Orthopedics,4.5,71.1,31.25,84.33,115,1772,72627
Lifeline Medical Centre - SAS Nagar,SAS Nagar,Jalandhar,Pulmonology,4.5,71.1,25.0,84.33,109,1773,72764
Maharaja Ranjit Singh Healthcare - Patiala,Patiala,Mansa,Urology,4.5,71.1,31.25,84.33,122,1774,72901
City Care Medical Centre - Sangrur,Sangrur,Barnala,Nephrology,4.6,66.4,25.0,84.32,118,1775,73038
Sunrise Medical Centre - Muktsar,Muktsar,Ludhiana,Ophthalmology,4.6,66.4,12.5,84.32,97,1776,73175
Lifeline Healthcare - Amritsar,Amritsar,Jalandhar,Pediatrics,4.4,75.7,43.75,84.31,139,1777,73312
Prime Care Hospital - Ferozepur,Ferozepur,Barnala,General Medicine,4.5,71.0,25.0,84.3,125,1778,73449
Healing Touch Healthcare - Malerkotla,Malerkotla,Rajpura,Nephrology,4.5,71.0,37.5,84.3,134,1779,73586
Shaheed Bhagat Singh Multispeciality Hospital - Jalandhar,Jalandhar,Rupnagar,Nephrology,4.5,71.0,43.75,84.3,135,1780,73723
Healing Touch Healthcare - SAS Nagar,SAS Nagar,Bathinda,Oncology,4.5,71.0,43.75,84.3,102,1781,73860
Mata Kaushalya Medical Centre - Ferozepur,Ferozepur,Sangrur,Urology,4.5,71.0,31.25,84.3,123,1782,73997
Sunrise Multispeciality Hospital - SAS Nagar,SAS Nagar,Amritsar,Neurology,4.5,70.9,43.75,84.27,129,1783,74134
Lifeline Healthcare - Barnala,Barnala,Firozpur,Pediatrics,4.5,70.9,31.25,84.27,118,1784,74271
Shaheed Bhagat Singh Multispeciality Hospital - Ferozepur,Ferozepur,Moga,Ophthalmology,4.6,66.2,18.75,84.26,98,1785,74408
Healing Touch Healthcare - Bathinda,Bathinda,Sangrur,Orthopedics,4.6,66.2,18.75,84.26,105,1786,74545
Shivalik Hospital - Jalandhar,Jalandhar,Muktsar,Dermatology,4.5,70.8,31.25,84.24,121,1787,74682
Punjab Hospital - Amritsar,Amritsar,Gurdaspur,General Surgery,4.5,70.8,31.25,84.24,109,1788,74819
City Care Multispeciality Hospital - Malerkotla,Malerkotla,Rajpura,Gynecology,4.5,70.8,37.5,84.24,126,1789,74956
Maharaja Ranjit Singh Healthcare - Bathinda,Bathinda,Bathinda,Neurology,4.5,70.8,25.0,84.24,130,1790,75093
Sewa Medical Centre - Muktsar,Muktsar,Rupnagar,Neurology,4.5,70.8,25.0,84.24,131,1791,75230
Guru Nanak Hospital - SAS Nagar,SAS Nagar,Malerkotla,Oncology,4.5,70.8,31.25,84.24,103,1792,75367
Sunrise Medical Centre - Bathinda,Bathinda,Rupnagar,Orthopedics,4.5,70.8,31.25,84.24,116,1793,75504
Sewa Medical Centre - Ferozepur,Ferozepur,Abohar,Neurology,4.6,66.1,18.75,84.23,112,1794,75641
Fortune Multispeciality Hospital - Tarn Taran,Tarn Taran,Rupnagar,Gastroenterology,4.5,70.7,18.75,84.21,131,1795,75778
Sunrise Hospital - Rupnagar,Rupnagar,Kapurthala,Gastroenterology,4.5,70.7,37.5,84.21,130,1796,75915
Shivalik Medical Centre - Faridkot,Faridkot,Hoshiarpur,General Medicine,4.5,70.7,37.5,84.21,126,1797,76052
City Care Medical Centre - Pathankot,Pathankot,Khanna,Neurology,4.5,70.7,43.75,84.21,132,1798,76189
Apex Hospital - Kapurthala,Kapurthala,Mohali,Orthopedics,4.5,70.7,37.5,84.21,117,1799,76326
Prime Care Medical Centre - Faridkot,Faridkot,Pathankot,Dermatology,4.6,66.0,18.75,84.2,114,1800,76463
Maharaja Ranjit Singh Hospital - Muktsar,Muktsar,Moga,Nephrology,4.6,66.0,18.75,84.2,119,1801,76600
Prime Care Medical Centre - Amritsar,Amritsar,Bathinda,Dermatology,4.4,75.3,50.0,84.19,149,1802,76737
Lifeline Healthcare - Muktsar,Muktsar,Patiala,Nephrology,4.4,75.3,37.5,84.19,165,1803,76874
Lifeline Medical Centre - SAS Nagar,SAS Nagar,Khanna,Cardiology,4.5,70.6,31.25,84.18,136,1804,77011
Guru Nanak Medical Centre - Malerkotla,Malerkotla,Rajpura,ENT,4.5,70.6,37.5,84.18,127,1805,77148
Sewa Healthcare - Sangrur,Sangrur,Hoshiarpur,Gynecology,4.5,70.6,25.0,84.18,127,1806,77285
Prime Care Hospital - Mansa,Mansa,Kapurthala,Neurology,4.5,70.6,31.25,84.18,133,1807,77422
Fortune Multispeciality Hospital - Nawanshahr,Nawanshahr,Mansa,Orthopedics,4.5,70.6,31.25,84.18,118,1808,77559
Sewa Medical Centre - Patiala,Patiala,Patiala,Urology,4.6,65.9,18.75,84.17,113,1809,77696
Mata Kaushalya Healthcare - Moga,Moga,Patiala,Dermatology,4.5,70.5,31.25,84.15,122,1810,77833
Shivalik Medical Centre - Nawanshahr,Nawanshahr,Jalandhar,ENT,4.5,70.5,31.25,84.15,128,1811,77970
City Care Hospital - Gurdaspur,Gurdaspur,Malerkotla,Gynecology,4.5,70.5,37.5,84.15,128,1812,78107
Shivalik Medical Centre - Rupnagar,Rupnagar,Bathinda,Nephrology,4.5,70.5,37.5,84.15,136,1813,78244
Sewa Multispeciality Hospital - SAS Nagar,SAS Nagar,Nawanshahr,Neurology,4.5,70.5,43.75,84.15,134,1814,78381
Punjab Hospital - Muktsar,Muktsar,Kapurthala,Oncology,4.5,70.5,31.25,84.15,104,1815,78518
Fortune Medical Centre - Hoshiarpur,Hoshiarpur,Jalandhar,Ophthalmology,4.5,70.5,31.25,84.15,102,1816,78655
Medicare Medical Centre - Bathinda,Bathinda,Amritsar,Pulmonology,4.6,65.8,18.75,84.14,103,1817,78792
Apex Hospital - Tarn Taran,Tarn Taran,Amritsar,Orthopedics,4.4,75.1,43.75,84.13,139,1818,78929
Sewa Multispeciality Hospital - Amritsar,Amritsar,Kapurthala,Gastroenterology,4.5,70.4,43.75,84.12,133,1819,79066
Shaheed Bhagat Singh Hospital - Tarn Taran,Tarn Taran,Rajpura,Gastroenterology,4.5,70.4,37.5,84.12,132,1820,79203
Apex Medical Centre - Amritsar,Amritsar,Pathankot,General Medicine,4.5,70.4,31.25,84.12,127,1821,79340
Fortune Multispeciality Hospital - Fazilka,Fazilka,Mansa,Oncology,4.5,70.4,31.25,84.12,105,1822,79477
Prime Care Medical Centre - Tarn Taran,Tarn Taran,Barnala,General Surgery,4.6,65.7,18.75,84.11,99,1823,79614
Sunrise Healthcare - Amritsar,Amritsar,Muktsar,Cardiology,4.5,70.3,37.5,84.09,137,1824,79751
Sunrise Medical Centre - Sangrur,Sangrur,Muktsar,Dermatology,4.5,70.3,37.5,84.09,123,1825,79888
Prime Care Multispeciality Hospital - Faridkot,Faridkot,Patiala,Gastroenterology,4.5,70.3,37.5,84.09,134,1826,80025
Fortune Multispeciality Hospital - Pathankot,Pathankot,Bathinda,General Surgery,4.5,70.3,31.25,84.09,111,1827,80162
Guru Nanak Multispeciality Hospital - Malerkotla,Malerkotla,Moga,General Surgery,4.5,70.3,31.25,84.09,110,1828,80299
City Care Multispeciality Hospital - Hoshiarpur,Hoshiarpur,Patiala,Neurology,4.5,70.3,37.5,84.09,135,1829,80436
Healing Touch Multispeciality Hospital - Sangrur,Sangrur,Ludhiana,Urology,4.5,70.3,37.5,84.09,124,1830,80573
Punjab Hospital - Tarn Taran,Tarn Taran,Moga,Dermatology,4.6,65.6,18.75,84.08,115,1831,80710
Lifeline Hospital - SAS Nagar,SAS Nagar,Kapurthala,Neurology,4.6,65.6,12.5,84.08,113,1832,80847
City Care Medical Centre - Pathankot,Pathankot,Muktsar,Cardiology,4.5,70.2,31.25,84.06,138,1833,80984
Apex Healthcare - Muktsar,Muktsar,Hoshiarpur,Dermatology,4.5,70.2,37.5,84.06,124,1834,81121
City Care Multispeciality Hospital - Sangrur,Sangrur,Amritsar,ENT,4.5,70.2,31.25,84.06,129,1835,81258
Apex Medical Centre - Hoshiarpur,Hoshiarpur,Hoshiarpur,Gastroenterology,4.5,70.2,25.0,84.06,135,1836,81395
Healing Touch Healthcare - Nawanshahr,Nawanshahr,Rupnagar,General Medicine,4.5,70.2,37.5,84.06,128,1837,81532
Sewa Medical Centre - Pathankot,Pathankot,Barnala,General Medicine,4.5,70.2,25.0,84.06,129,1838,81669
Guru Nanak Hospital - Ludhiana,Ludhiana,Barnala,Ophthalmology,4.5,70.2,31.25,84.06,103,1839,81806
Shivalik Hospital - Faridkot,Faridkot,Firozpur,Orthopedics,4.5,70.2,31.25,84.06,119,1840,81943
Shaheed Bhagat Singh Medical Centre - Sangrur,Sangrur,Patiala,Neurology,4.6,65.5,18.75,84.05,114,1841,82080
Apex Healthcare - Kapurthala,Kapurthala,Khanna,Cardiology,4.5,70.1,43.75,84.03,139,1842,82217
Shivalik Healthcare - Nawanshahr,Nawanshahr,Pathankot,ENT,4.5,70.1,37.5,84.03,130,1843,82354
Medicare Multispeciality Hospital - SAS Nagar,SAS Nagar,Mansa,Gastroenterology,4.5,70.1,37.5,84.03,136,1844,82491
Healing Touch Medical Centre - Sangrur,Sangrur,Phagwara,General Surgery,4.5,70.1,31.25,84.03,112,1845,82628
Apex Multispeciality Hospital - Rupnagar,Rupnagar,Patiala,Oncology,4.5,70.1,31.25,84.03,106,1846,82765
Apex Healthcare - Tarn Taran,Tarn Taran,Khanna,Urology,4.5,70.1,37.5,84.03,125,1847,82902
Shivalik Multispeciality Hospital - Moga,Moga,Phagwara,Dermatology,4.4,74.7,43.75,84.01,150,1848,83039
Shaheed Bhagat Singh Healthcare - Rupnagar,Rupnagar,Hoshiarpur,Dermatology,4.5,70.0,25.0,84.0,125,1849,83176
Mata Kaushalya Hospital - Mansa,Mansa,Jalandhar,ENT,4.5,70.0,25.0,84.0,131,1850,83313
Maharaja Ranjit Singh Multispeciality Hospital - Fatehgarh Sahib,Fatehgarh Sahib,Hoshiarpur,General Surgery,4.5,70.0,43.75,84.0,113,1851,83450
Mata Kaushalya Healthcare - Bathinda,Bathinda,Phagwara,Gynecology,4.5,70.0,31.25,84.0,129,1852,83587
Healing Touch Multispeciality Hospital - Fazilka,Fazilka,Patiala,Nephrology,4.5,70.0,31.25,84.0,137,1853,83724
Guru Nanak Medical Centre - Mansa,Mansa,Rupnagar,Pediatrics,4.5,70.0,31.25,84.0,119,1854,83861
Mata Kaushalya Healthcare - Kapurthala,Kapurthala,Malerkotla,Urology,4.5,70.0,31.25,84.0,128,1855,83998
Sewa Healthcare - Sangrur,Sangrur,Gurdaspur,Urology,4.5,70.0,31.25,84.0,127,1856,84135
Shaheed Bhagat Singh Medical Centre - Kapurthala,Kapurthala,Rajpura,Urology,4.5,70.0,25.0,84.0,126,1857,84272
Lifeline Hospital - Ludhiana,Ludhiana,Rajpura,Cardiology,4.5,69.9,37.5,83.97,140,1858,84409
Shaheed Bhagat Singh Multispeciality Hospital - Amritsar,Amritsar,Mansa,Cardiology,4.5,69.9,37.5,83.97,141,1859,84546
Sewa Hospital - Muktsar,Muktsar,Rajpura,Dermatology,4.5,69.9,37.5,83.97,126,1860,84683
Apex Multispeciality Hospital - Jalandhar,Jalandhar,Mohali,ENT,4.5,69.9,37.5,83.97,133,1861,84820
Sunrise Healthcare - Nawanshahr,Nawanshahr,Patiala,ENT,4.5,69.9,43.75,83.97,132,1862,84957
Fortune Medical Centre - Moga,Moga,Mohali,Gastroenterology,4.5,69.9,31.25,83.97,137,1863,85094
Shivalik Medical Centre - Moga,Moga,Ludhiana,General Surgery,4.5,69.9,37.5,83.97,114,1864,85231
Apex Healthcare - Hoshiarpur,Hoshiarpur,Muktsar,Nephrology,4.5,69.9,37.5,83.97,138,1865,85368
Apex Multispeciality Hospital - Fazilka,Fazilka,Rupnagar,Nephrology,4.5,69.9,43.75,83.97,139,1866,85505
Healing Touch Healthcare - Patiala,Patiala,Ludhiana,Urology,4.5,69.9,31.25,83.97,129,1867,85642
Apex Medical Centre - Gurdaspur,Gurdaspur,Hoshiarpur,General Medicine,4.6,65.2,12.5,83.96,113,1868,85779
Maharaja Ranjit Singh Healthcare - Malerkotla,Malerkotla,Malerkotla,General Medicine,4.6,65.2,18.75,83.96,114,1869,85916
Punjab Hospital - Amritsar,Amritsar,Firozpur,General Surgery,4.6,65.2,18.75,83.96,100,1870,86053
Medicare Healthcare - Mansa,Mansa,Mansa,Neurology,4.4,74.5,50.0,83.95,154,1871,86190
City Care Medical Centre - Gurdaspur,Gurdaspur,Pathankot,Cardiology,4.5,69.8,31.25,83.94,142,1872,86327
Fortune Healthcare - Jalandhar,Jalandhar,Jalandhar,Cardiology,4.5,69.8,31.25,83.94,144,1873,86464
Guru Nanak Multispeciality Hospital - Gurdaspur,Gurdaspur,Jalandhar,Cardiology,4.5,69.8,31.25,83.94,143,1874,86601
Shivalik Healthcare - Malerkotla,Malerkotla,Rupnagar,Dermatology,4.5,69.8,25.0,83.94,127,1875,86738
Fortune Hospital - Fatehgarh Sahib,Fatehgarh Sahib,Rupnagar,Gastroenterology,4.5,69.8,25.0,83.94,138,1876,86875
Medicare Medical Centre - Fatehgarh Sahib,Fatehgarh Sahib,Firozpur,Nephrology,4.5,69.8,31.25,83.94,140,1877,87012
Shivalik Healthcare - Mansa,Mansa,Phagwara,Neurology,4.5,69.8,43.75,83.94,136,1878,87149
Healing Touch Hospital - Kapurthala,Kapurthala,Moga,Ophthalmology,4.5,69.8,31.25,83.94,104,1879,87286
Shaheed Bhagat Singh Hospital - Hoshiarpur,Hoshiarpur,Muktsar,Ophthalmology,4.5,69.8,37.5,83.94,105,1880,87423
Sunrise Medical Centre - Sangrur,Sangrur,Sangrur,Pediatrics,4.5,69.8,31.25,83.94,120,1881,87560
Prime Care Medical Centre - Ferozepur,Ferozepur,Phagwara,Urology,4.5,69.8,37.5,83.94,130,1882,87697
Lifeline Hospital - Jalandhar,Jalandhar,Rajpura,General Surgery,4.5,69.7,31.25,83.91,115,1883,87834
Apex Hospital - Amritsar,Amritsar,Gurdaspur,Pediatrics,4.5,69.7,37.5,83.91,122,1884,87971
Prime Care Healthcare - Moga,Moga,Phagwara,Pediatrics,4.5,69.7,31.25,83.91,121,1885,88108
Maharaja Ranjit Singh Hospital - Bathinda,Bathinda,Rajpura,Pulmonology,4.5,69.7,37.5,83.91,110,1886,88245
Sunrise Healthcare - Ludhiana,Ludhiana,Kapurthala,General Surgery,4.6,65.0,18.75,83.9,101,1887,88382
City Care Healthcare - Muktsar,Muktsar,Bathinda,Gynecology,4.6,65.0,18.75,83.9,119,1888,88519
Fortune Hospital - SAS Nagar,SAS Nagar,Kapurthala,Pulmonology,4.6,65.0,12.5,83.9,104,1889,88656
Prime Care Healthcare - Jalandhar,Jalandhar,Firozpur,Cardiology,4.5,69.6,18.75,83.88,145,1890,88793
Shivalik Medical Centre - Ludhiana,Ludhiana,Moga,ENT,4.5,69.6,31.25,83.88,134,1891,88930
Healing Touch Hospital - Patiala,Patiala,Sangrur,General Medicine,4.5,69.6,31.25,83.88,131,1892,89067
Punjab Hospital - Patiala,Patiala,Patiala,General Medicine,4.5,69.6,25.0,83.88,130,1893,89204
Guru Nanak Medical Centre - Hoshiarpur,Hoshiarpur,Jalandhar,General Surgery,4.5,69.6,37.5,83.88,116,1894,89341
Punjab Hospital - Amritsar,Amritsar,Moga,Oncology,4.5,69.6,31.25,83.88,107,1895,89478
Punjab Multispeciality Hospital - Amritsar,Amritsar,Pathankot,Pulmonology,4.5,69.6,37.5,83.88,111,1896,89615
City Care Medical Centre - Fatehgarh Sahib,Fatehgarh Sahib,Bathinda,ENT,4.4,74.2,43.75,83.86,157,1897,89752
Lifeline Hospital - Ludhiana,Ludhiana,Firozpur,Dermatology,4.5,69.5,31.25,83.85,128,1898,89889
Fortune Medical Centre - Fatehgarh Sahib,Fatehgarh Sahib,Muktsar,General Medicine,4.5,69.5,31.25,83.85,132,1899,90026
Maharaja Ranjit Singh Healthcare - Faridkot,Faridkot,Khanna,Gynecology,4.5,69.5,37.5,83.85,130,1900,90163
Punjab Medical Centre - Barnala,Barnala,Sangrur,Nephrology,4.5,69.5,25.0,83.85,142,1901,90300
Shivalik Multispeciality Hospital - Sangrur,Sangrur,Kapurthala,Nephrology,4.5,69.5,37.5,83.85,141,1902,90437
Sewa Medical Centre - Muktsar,Muktsar,Nawanshahr,Neurology,4.5,69.5,37.5,83.85,137,1903,90574
Mata Kaushalya Multispeciality Hospital - Moga,Moga,Malerkotla,Ophthalmology,4.5,69.5,25.0,83.85,106,1904,90711
Sunrise Healthcare - Rupnagar,Rupnagar,Muktsar,Cardiology,4.5,69.4,25.0,83.82,146,1905,90848
Apex Multispeciality Hospital - Malerkotla,Malerkotla,Khanna,ENT,4.5,69.4,31.25,83.82,136,1906,90985
Maharaja Ranjit Singh Medical Centre - Fatehgarh Sahib,Fatehgarh Sahib,Rupnagar,ENT,4.5,69.4,31.25,83.82,135,1907,91122
Punjab Medical Centre - Faridkot,Faridkot,Rupnagar,Gastroenterology,4.5,69.4,31.25,83.82,139,1908,91259
Sewa Hospital - Pathankot,Pathankot,Malerkotla,General Medicine,4.5,69.4,37.5,83.82,133,1909,91396
Shivalik Healthcare - Ferozepur,Ferozepur,Firozpur,General Surgery,4.5,69.4,31.25,83.82,117,1910,91533
Shaheed Bhagat Singh Hospital - Kapurthala,Kapurthala,Hoshiarpur,Nephrology,4.5,69.4,31.25,83.82,143,1911,91670
Maharaja Ranjit Singh Healthcare - Ferozepur,Ferozepur,Mansa,Cardiology,4.5,69.3,37.5,83.79,147,1912,91807
Guru Nanak Medical Centre - Mansa,Mansa,Rajpura,Dermatology,4.5,69.3,25.0,83.79,129,1913,91944
Sewa Hospital - Nawanshahr,Nawanshahr,Moga,ENT,4.5,69.3,31.25,83.79,137,1914,92081
Healing Touch Healthcare - Faridkot,Faridkot,Sangrur,Gynecology,4.5,69.3,25.0,83.79,131,1915,92218
Maharaja Ranjit Singh Multispeciality Hospital - Pathankot,Pathankot,Firozpur,Neurology,4.5,69.3,37.5,83.79,138,1916,92355
Sunrise Hospital - Fazilka,Fazilka,Hoshiarpur,Neurology,4.5,69.3,31.25,83.79,139,1917,92492
Punjab Multispeciality Hospital - Hoshiarpur,Hoshiarpur,Patiala,Orthopedics,4.5,69.3,37.5,83.79,120,1918,92629
Prime Care Medical Centre - Ludhiana,Ludhiana,Malerkotla,Pediatrics,4.5,69.3,31.25,83.79,124,1919,92766
Shaheed Bhagat Singh Medical Centre - Muktsar,Muktsar,Sangrur,Pediatrics,4.5,69.3,37.5,83.79,123,1920,92903
Sewa Medical Centre - Pathankot,Pathankot,Amritsar,Pulmonology,4.5,69.3,31.25,83.79,112,1921,93040
Guru Nanak Healthcare - Sangrur,Sangrur,Moga,Urology,4.5,69.3,37.5,83.79,131,1922,93177
City Care Multispeciality Hospital - Faridkot,Faridkot,Kapurthala,Dermatology,4.5,69.2,31.25,83.76,130,1923,93314
Apex Medical Centre - Fatehgarh Sahib,Fatehgarh Sahib,Amritsar,ENT,4.5,69.2,37.5,83.76,139,1924,93451
Sunrise Multispeciality Hospital - Malerkotla,Malerkotla,Rajpura,ENT,4.5,69.2,25.0,83.76,138,1925,93588
Medicare Healthcare - Ludhiana,Ludhiana,Gurdaspur,General Medicine,4.5,69.2,37.5,83.76,134,1926,93725
Mata Kaushalya Medical Centre - Malerkotla,Malerkotla,Nawanshahr,General Surgery,4.5,69.2,25.0,83.76,118,1927,93862
Healing Touch Healthcare - Malerkotla,Malerkotla,Gurdaspur,Orthopedics,4.5,69.2,25.0,83.76,121,1928,93999
Shivalik Healthcare - Barnala,Barnala,Jalandhar,Ophthalmology,4.4,73.8,43.75,83.74,130,1929,94136
Fortune Healthcare - Rupnagar,Rupnagar,Patiala,Gastroenterology,4.5,69.1,31.25,83.73,140,1930,94273
Lifeline Hospital - Hoshiarpur,Hoshiarpur,Nawanshahr,General Medicine,4.5,69.1,37.5,83.73,135,1931,94410
Lifeline Healthcare - Moga,Moga,Kapurthala,Gynecology,4.5,69.1,25.0,83.73,132,1932,94547
Lifeline Hospital - Tarn Taran,Tarn Taran,Mansa,Pediatrics,4.5,69.1,37.5,83.73,125,1933,94684
Medicare Hospital - Ferozepur,Ferozepur,Ludhiana,Pediatrics,4.5,69.1,25.0,83.73,126,1934,94821
City Care Multispeciality Hospital - Fazilka,Fazilka,Bathinda,Urology,4.5,69.1,37.5,83.73,134,1935,94958
Mata Kaushalya Multispeciality Hospital - Moga,Moga,Mohali,Urology,4.5,69.1,37.5,83.73,132,1936,95095
Shaheed Bhagat Singh Hospital - Faridkot,Faridkot,Abohar,Urology,4.5,69.1,18.75,83.73,133,1937,95232
Healing Touch Healthcare - Fatehgarh Sahib,Fatehgarh Sahib,Phagwara,Cardiology,4.5,69.0,37.5,83.7,150,1938,95369
Prime Care Hospital - Muktsar,Muktsar,Rupnagar,Cardiology,4.5,69.0,31.25,83.7,148,1939,95506
Shivalik Multispeciality Hospital - Amritsar,Amritsar,Hoshiarpur,Cardiology,4.5,69.0,31.25,83.7,149,1940,95643
Punjab Healthcare - Hoshiarpur,Hoshiarpur,Malerkotla,Gastroenterology,4.5,69.0,37.5,83.7,141,1941,95780
Fortune Medical Centre - Malerkotla,Malerkotla,Barnala,General Surgery,4.5,69.0,37.5,83.7,119,1942,95917
Fortune Multispeciality Hospital - Ferozepur,Ferozepur,Mansa,Neurology,4.5,69.0,31.25,83.7,140,1943,96054
Punjab Multispeciality Hospital - Barnala,Barnala,Rupnagar,Oncology,4.5,69.0,25.0,83.7,108,1944,96191
Shaheed Bhagat Singh Multispeciality Hospital - Patiala,Patiala,Bathinda,Orthopedics,4.5,69.0,31.25,83.7,122,1945,96328
Medicare Multispeciality Hospital - Nawanshahr,Nawanshahr,Nawanshahr,Urology,4.5,69.0,31.25,83.7,135,1946,96465
Apex Multispeciality Hospital - Ludhiana,Ludhiana,Phagwara,Oncology,4.4,73.6,37.5,83.68,125,1947,96602
Sunrise Healthcare - Kapurthala,Kapurthala,Sangrur,Orthopedics,4.4,73.6,43.75,83.68,140,1948,96739
Apex Medical Centre - Muktsar,Muktsar,Nawanshahr,Dermatology,4.5,68.9,37.5,83.67,133,1949,96876
Medicare Healthcare - Malerkotla,Malerkotla,Gurdaspur,Dermatology,4.5,68.9,37.5,83.67,131,1950,97013
Medicare Multispeciality Hospital - Tarn Taran,Tarn Taran,Moga,Dermatology,4.5,68.9,37.5,83.67,132,1951,97150
Sewa Medical Centre - Mansa,Mansa,Hoshiarpur,ENT,4.5,68.9,31.25,83.67,140,1952,97287
Medicare Medical Centre - Malerkotla,Malerkotla,Sangrur,Gastroenterology,4.5,68.9,25.0,83.67,142,1953,97424
Healing Touch Healthcare - Fazilka,Fazilka,Ludhiana,General Medicine,4.5,68.9,31.25,83.67,136,1954,97561
City Care Hospital - Fatehgarh Sahib,Fatehgarh Sahib,Gurdaspur,General Surgery,4.5,68.9,31.25,83.67,120,1955,97698
Guru Nanak Medical Centre - Fatehgarh Sahib,Fatehgarh Sahib,Ludhiana,Neurology,4.5,68.9,31.25,83.67,142,1956,97835
Healing Touch Medical Centre - Bathinda,Bathinda,Bathinda,Neurology,4.5,68.9,31.25,83.67,141,1957,97972
Punjab Medical Centre - Faridkot,Faridkot,Barnala,Ophthalmology,4.5,68.9,31.25,83.67,107,1958,98109
Sewa Multispeciality Hospital - SAS Nagar,SAS Nagar,Phagwara,Pediatrics,4.5,68.9,31.25,83.67,127,1959,98246
Sewa Medical Centre - Hoshiarpur,Hoshiarpur,Kapurthala,Gynecology,4.4,73.5,43.75,83.65,147,1960,98383
Punjab Healthcare - Barnala,Barnala,Hoshiarpur,Gastroenterology,4.5,68.8,37.5,83.64,143,1961,98520
Shaheed Bhagat Singh Hospital - Jalandhar,Jalandhar,Mansa,Gastroenterology,4.5,68.8,31.25,83.64,144,1962,98657
City Care Hospital - Faridkot,Faridkot,Mohali,General Surgery,4.5,68.8,25.0,83.64,121,1963,98794
Apex Healthcare - Kapurthala,Kapurthala,Barnala,Gynecology,4.5,68.8,37.5,83.64,133,1964,98931
Shivalik Multispeciality Hospital - Nawanshahr,Nawanshahr,Rajpura,Oncology,4.5,68.8,31.25,83.64,109,1965,99068
Sunrise Hospital - Moga,Moga,Mohali,Urology,4.5,68.8,25.0,83.64,136,1966,99205
Shaheed Bhagat Singh Medical Centre - Moga,Moga,Hoshiarpur,Cardiology,4.6,64.1,12.5,83.63,126,1967,99342
Lifeline Multispeciality Hospital - Faridkot,Faridkot,Mohali,Dermatology,4.5,68.7,12.5,83.61,134,1968,99479
Medicare Healthcare - Faridkot,Faridkot,Ludhiana,Dermatology,4.5,68.7,31.25,83.61,135,1969,99616
Maharaja Ranjit Singh Hospital - Malerkotla,Malerkotla,Rupnagar,Gastroenterology,4.5,68.7,31.25,83.61,145,1970,99753
Maharaja Ranjit Singh Multispeciality Hospital - Malerkotla,Malerkotla,Rupnagar,Gastroenterology,4.5,68.7,25.0,83.61,146,1971,99890
Mata Kaushalya Medical Centre - Mansa,Mansa,Abohar,Gastroenterology,4.5,68.7,31.25,83.61,147,1972,10027
City Care Medical Centre - Fazilka,Fazilka,Hoshiarpur,General Surgery,4.5,68.7,31.25,83.61,124,1973,10164
Guru Nanak Healthcare - Pathankot,Pathankot,Firozpur,General Surgery,4.5,68.7,25.0,83.61,122,1974,10301
Lifeline Hospital - Rupnagar,Rupnagar,Amritsar,General Surgery,4.5,68.7,31.25,83.61,123,1975,10438
Healing Touch Medical Centre - Patiala,Patiala,Muktsar,Nephrology,4.5,68.7,31.25,83.61,144,1976,10575
Healing Touch Multispeciality Hospital - Hoshiarpur,Hoshiarpur,Mohali,Pediatrics,4.5,68.7,31.25,83.61,128,1977,10712
Mata Kaushalya Hospital - Fatehgarh Sahib,Fatehgarh Sahib,Abohar,Pulmonology,4.5,68.7,31.25,83.61,114,1978,10849
Shaheed Bhagat Singh Hospital - Ludhiana,Ludhiana,Sangrur,Pulmonology,4.5,68.7,31.25,83.61,113,1979,10986
Healing Touch Healthcare - Hoshiarpur,Hoshiarpur,Firozpur,General Medicine,4.4,73.3,43.75,83.59,147,1980,11123
Medicare Hospital - Rupnagar,Rupnagar,Bathinda,General Medicine,4.4,73.3,31.25,83.59,146,1981,11260
City Care Hospital - Ferozepur,Ferozepur,Gurdaspur,Oncology,4.4,73.3,43.75,83.59,126,1982,11397
Sunrise Multispeciality Hospital - Ludhiana,Ludhiana,Abohar,Urology,4.4,73.3,37.5,83.59,148,1983,11534
Punjab Healthcare - Kapurthala,Kapurthala,Mansa,Cardiology,4.5,68.6,18.75,83.58,151,1984,11671
Punjab Hospital - Muktsar,Muktsar,Rajpura,General Surgery,4.5,68.6,25.0,83.58,125,1985,11808
Guru Nanak Multispeciality Hospital - Amritsar,Amritsar,Rupnagar,Oncology,4.5,68.6,31.25,83.58,110,1986,11945
Shaheed Bhagat Singh Medical Centre - Ludhiana,Ludhiana,Bathinda,Orthopedics,4.5,68.6,25.0,83.58,124,1987,12082
Shaheed Bhagat Singh Multispeciality Hospital - Amritsar,Amritsar,Amritsar,Orthopedics,4.5,68.6,37.5,83.58,123,1988,12219
Punjab Medical Centre - Patiala,Patiala,Muktsar,Pulmonology,4.5,68.6,31.25,83.58,115,1989,12356
Guru Nanak Hospital - Fatehgarh Sahib,Fatehgarh Sahib,Muktsar,Urology,4.5,68.6,25.0,83.58,137,1990,12493
Punjab Medical Centre - Barnala,Barnala,Amritsar,Neurology,4.4,73.2,31.25,83.56,155,1991,12630
Sewa Hospital - Gurdaspur,Gurdaspur,Jalandhar,Gynecology,4.5,68.5,25.0,83.55,134,1992,12767
Punjab Healthcare - Malerkotla,Malerkotla,Hoshiarpur,Nephrology,4.5,68.5,25.0,83.55,145,1993,12904
Sewa Healthcare - Patiala,Patiala,Rajpura,Nephrology,4.5,68.5,37.5,83.55,146,1994,13041
Sunrise Healthcare - Muktsar,Muktsar,Patiala,Neurology,4.5,68.5,37.5,83.55,143,1995,13178
Prime Care Hospital - Hoshiarpur,Hoshiarpur,Khanna,Ophthalmology,4.5,68.5,37.5,83.55,108,1996,13315
Lifeline Hospital - Gurdaspur,Gurdaspur,Mansa,Pulmonology,4.5,68.5,31.25,83.55,116,1997,13452
Punjab Multispeciality Hospital - Ludhiana,Ludhiana,Gurdaspur,Cardiology,4.5,68.4,31.25,83.52,152,1998,13589
Shivalik Medical Centre - Malerkotla,Malerkotla,Mohali,Dermatology,4.5,68.4,25.0,83.52,136,1999,13726
Healing Touch Hospital - Kapurthala,Kapurthala,Rajpura,Gastroenterology,4.5,68.4,25.0,83.52,148,2000,13863
Apex Medical Centre - Faridkot,Faridkot,Patiala,Nephrology,4.5,68.4,25.0,83.52,147,2001,14000
Prime Care Multispeciality Hospital - Moga,Moga,Ludhiana,Nephrology,4.5,68.4,31.25,83.52,148,2002,14137
Guru Nanak Hospital - Ludhiana,Ludhiana,Ludhiana,Ophthalmology,4.5,68.4,25.0,83.52,109,2003,14274
Prime Care Hospital - Amritsar,Amritsar,Rajpura,Pulmonology,4.5,68.4,25.0,83.52,117,2004,14411
Guru Nanak Hospital - Hoshiarpur,Hoshiarpur,Kapurthala,Urology,4.5,68.4,25.0,83.52,138,2005,14548
City Care Multispeciality Hospital - SAS Nagar,SAS Nagar,Abohar,Oncology,4.4,73.0,37.5,83.5,127,2006,14685
Prime Care Multispeciality Hospital - Mansa,Mansa,Patiala,Oncology,4.4,73.0,31.25,83.5,128,2007,14822
Healing Touch Medical Centre - Kapurthala,Kapurthala,Pathankot,Dermatology,4.5,68.3,31.25,83.49,137,2008,14959
Punjab Medical Centre - Jalandhar,Jalandhar,Jalandhar,Gastroenterology,4.5,68.3,25.0,83.49,149,2009,15096
Shaheed Bhagat Singh Medical Centre - Rupnagar,Rupnagar,Mohali,Gastroenterology,4.5,68.3,25.0,83.49,150,2010,15233
Mata Kaushalya Medical Centre - Patiala,Patiala,Hoshiarpur,General Medicine,4.5,68.3,18.75,83.49,137,2011,15370
Guru Nanak Healthcare - Ferozepur,Ferozepur,Phagwara,Nephrology,4.5,68.3,31.25,83.49,150,2012,15507
Mata Kaushalya Hospital - Ferozepur,Ferozepur,Muktsar,Nephrology,4.5,68.3,37.5,83.49,149,2013,15644
Sunrise Medical Centre - SAS Nagar,SAS Nagar,Sangrur,Neurology,4.5,68.3,18.75,83.49,144,2014,15781
Fortune Medical Centre - Bathinda,Bathinda,Patiala,Oncology,4.5,68.3,25.0,83.49,111,2015,15918
Guru Nanak Hospital - Gurdaspur,Gurdaspur,Kapurthala,Ophthalmology,4.5,68.3,37.5,83.49,110,2016,16055
Lifeline Medical Centre - Tarn Taran,Tarn Taran,Bathinda,Pediatrics,4.5,68.3,18.75,83.49,129,2017,16192
Sunrise Multispeciality Hospital - Bathinda,Bathinda,Gurdaspur,Urology,4.5,68.3,25.0,83.49,139,2018,16329
Fortune Healthcare - Fatehgarh Sahib,Fatehgarh Sahib,Malerkotla,Pulmonology,4.4,72.9,43.75,83.47,132,2019,16466
Lifeline Hospital - Fatehgarh Sahib,Fatehgarh Sahib,Patiala,Nephrology,4.5,68.2,25.0,83.46,151,2020,16603
Guru Nanak Medical Centre - Ferozepur,Ferozepur,Jalandhar,Ophthalmology,4.5,68.2,25.0,83.46,111,2021,16740
Shivalik Multispeciality Hospital - Fatehgarh Sahib,Fatehgarh Sahib,Rajpura,General Medicine,4.6,63.5,12.5,83.45,115,2022,16877
Guru Nanak Multispeciality Hospital - Amritsar,Amritsar,Ludhiana,Urology,4.4,72.8,50.0,83.44,149,2023,17014
Guru Nanak Healthcare - Rupnagar,Rupnagar,Moga,Cardiology,4.5,68.1,31.25,83.43,153,2024,17151
Sunrise Medical Centre - Ferozepur,Ferozepur,Gurdaspur,Dermatology,4.5,68.1,31.25,83.43,138,2025,17288
Fortune Hospital - Amritsar,Amritsar,Gurdaspur,ENT,4.5,68.1,12.5,83.43,141,2026,17425
City Care Multispeciality Hospital - Fazilka,Fazilka,Amritsar,Gastroenterology,4.5,68.1,31.25,83.43,152,2027,17562
Medicare Healthcare - Rupnagar,Rupnagar,Rupnagar,Gastroenterology,4.5,68.1,31.25,83.43,151,2028,17699
Apex Hospital - Sangrur,Sangrur,Muktsar,General Medicine,4.5,68.1,31.25,83.43,138,2029,17836
Maharaja Ranjit Singh Medical Centre - Fazilka,Fazilka,Firozpur,Ophthalmology,4.5,68.1,25.0,83.43,112,2030,17973
Mata Kaushalya Multispeciality Hospital - Fatehgarh Sahib,Fatehgarh Sahib,Sangrur,Orthopedics,4.5,68.1,31.25,83.43,125,2031,18110
City Care Medical Centre - Malerkotla,Malerkotla,Barnala,Pediatrics,4.5,68.1,25.0,83.43,130,2032,18247
Healing Touch Healthcare - Mansa,Mansa,Pathankot,Pulmonology,4.4,72.7,37.5,83.41,133,2033,18384
Apex Healthcare - Rupnagar,Rupnagar,Barnala,Cardiology,4.5,68.0,31.25,83.4,154,2034,18521
Healing Touch Medical Centre - Barnala,Barnala,Amritsar,ENT,4.5,68.0,18.75,83.4,142,2035,18658
Medicare Medical Centre - Fatehgarh Sahib,Fatehgarh Sahib,Malerkotla,ENT,4.5,68.0,31.25,83.4,143,2036,18795
Medicare Hospital - Rupnagar,Rupnagar,Abohar,Nephrology,4.5,68.0,25.0,83.4,152,2037,18932
Medicare Medical Centre - Hoshiarpur,Hoshiarpur,Amritsar,Ophthalmology,4.5,68.0,31.25,83.4,113,2038,19069
Medicare Healthcare - Nawanshahr,Nawanshahr,Nawanshahr,General Medicine,4.4,72.6,43.75,83.38,148,2039,19206
Healing Touch Healthcare - Hoshiarpur,Hoshiarpur,Muktsar,Gastroenterology,4.5,67.9,31.25,83.37,153,2040,19343
Shivalik Hospital - Mansa,Mansa,Malerkotla,Gynecology,4.5,67.9,18.75,83.37,135,2041,19480
Apex Medical Centre - Malerkotla,Malerkotla,Rupnagar,Oncology,4.5,67.9,25.0,83.37,112,2042,19617
City Care Hospital - Jalandhar,Jalandhar,Barnala,Orthopedics,4.5,67.9,31.25,83.37,126,2043,19754
Shaheed Bhagat Singh Multispeciality Hospital - Mansa,Mansa,Malerkotla,Pulmonology,4.5,67.9,31.25,83.37,118,2044,19891
Maharaja Ranjit Singh Hospital - Muktsar,Muktsar,Sangrur,General Medicine,4.4,72.5,31.25,83.35,149,2045,20028
Mata Kaushalya Hospital - Moga,Moga,Rupnagar,General Surgery,4.4,72.5,43.75,83.35,137,2046,20165
Maharaja Ranjit Singh Multispeciality Hospital - SAS Nagar,SAS Nagar,Barnala,Nephrology,4.4,72.5,43.75,83.35,166,2047,20302
Punjab Hospital - Pathankot,Pathankot,Pathankot,Dermatology,4.5,67.8,18.75,83.34,140,2048,20439
Sewa Multispeciality Hospital - Kapurthala,Kapurthala,Rupnagar,Dermatology,4.5,67.8,25.0,83.34,139,2049,20576
City Care Hospital - Faridkot,Faridkot,Moga,General Surgery,4.5,67.8,31.25,83.34,126,2050,20713
Shaheed Bhagat Singh Multispeciality Hospital - Amritsar,Amritsar,Patiala,General Surgery,4.5,67.8,31.25,83.34,127,2051,20850
Shivalik Healthcare - Jalandhar,Jalandhar,Barnala,Nephrology,4.5,67.8,25.0,83.34,153,2052,20987
Apex Healthcare - Amritsar,Amritsar,Abohar,Oncology,4.5,67.8,25.0,83.34,114,2053,21124
Sunrise Hospital - Barnala,Barnala,Rupnagar,Oncology,4.5,67.8,31.25,83.34,113,2054,21261
Maharaja Ranjit Singh Hospital - Patiala,Patiala,Hoshiarpur,Ophthalmology,4.5,67.8,25.0,83.34,114,2055,21398
Shaheed Bhagat Singh Multispeciality Hospital - Nawanshahr,Nawanshahr,Malerkotla,Pediatrics,4.5,67.8,25.0,83.34,131,2056,21535
Medicare Healthcare - Muktsar,Muktsar,Pathankot,Urology,4.5,67.8,31.25,83.34,140,2057,21672
Healing Touch Medical Centre - Faridkot,Faridkot,Hoshiarpur,Ophthalmology,4.4,72.4,50.0,83.32,131,2058,21809
Medicare Hospital - Ludhiana,Ludhiana,Bathinda,ENT,4.5,67.7,31.25,83.31,144,2059,21946
Guru Nanak Hospital - Fatehgarh Sahib,Fatehgarh Sahib,Khanna,General Medicine,4.5,67.7,25.0,83.31,139,2060,22083
Fortune Healthcare - Sangrur,Sangrur,Malerkotla,General Surgery,4.5,67.7,31.25,83.31,128,2061,22220
Maharaja Ranjit Singh Medical Centre - Kapurthala,Kapurthala,Patiala,Gynecology,4.5,67.7,25.0,83.31,136,2062,22357
Prime Care Healthcare - Sangrur,Sangrur,Hoshiarpur,Oncology,4.5,67.7,31.25,83.31,115,2063,22494
Maharaja Ranjit Singh Medical Centre - Kapurthala,Kapurthala,Sangrur,Ophthalmology,4.5,67.7,25.0,83.31,115,2064,22631
City Care Hospital - Kapurthala,Kapurthala,Amritsar,Pulmonology,4.5,67.7,25.0,83.31,119,2065,22768
Medicare Hospital - SAS Nagar,SAS Nagar,Bathinda,Pulmonology,4.5,67.7,31.25,83.31,120,2066,22905
Medicare Hospital - Bathinda,Bathinda,Malerkotla,General Surgery,4.4,72.3,31.25,83.29,138,2067,23042
City Care Multispeciality Hospital - Patiala,Patiala,Firozpur,Nephrology,4.4,72.3,37.5,83.29,167,2068,23179
Shaheed Bhagat Singh Healthcare - Tarn Taran,Tarn Taran,Rajpura,Oncology,4.4,72.3,37.5,83.29,129,2069,23316
Fortune Multispeciality Hospital - Sangrur,Sangrur,Phagwara,Orthopedics,4.4,72.3,37.5,83.29,141,2070,23453
Lifeline Hospital - Fatehgarh Sahib,Fatehgarh Sahib,Jalandhar,Gastroenterology,4.5,67.6,25.0,83.28,154,2071,23590
Sunrise Multispeciality Hospital - Mansa,Mansa,Rupnagar,General Medicine,4.5,67.6,31.25,83.28,140,2072,23727
Fortune Hospital - Malerkotla,Malerkotla,Abohar,Gynecology,4.5,67.6,18.75,83.28,137,2073,23864
Prime Care Hospital - Faridkot,Faridkot,Malerkotla,Gynecology,4.5,67.6,25.0,83.28,138,2074,24001
Guru Nanak Medical Centre - Bathinda,Bathinda,Moga,Neurology,4.5,67.6,31.25,83.28,146,2075,24138
Maharaja Ranjit Singh Hospital - Ferozepur,Ferozepur,Bathinda,Neurology,4.5,67.6,18.75,83.28,145,2076,24275
Sunrise Hospital - Kapurthala,Kapurthala,Phagwara,Neurology,4.5,67.6,31.25,83.28,147,2077,24412
Healing Touch Multispeciality Hospital - Barnala,Barnala,Pathankot,Pulmonology,4.5,67.6,25.0,83.28,121,2078,24549
Mata Kaushalya Hospital - Gurdaspur,Gurdaspur,Rajpura,General Medicine,4.4,72.2,50.0,83.26,150,2079,24686
Apex Hospital - Ferozepur,Ferozepur,Pathankot,Neurology,4.4,72.2,43.75,83.26,156,2080,24823
Sunrise Medical Centre - Bathinda,Bathinda,Abohar,Cardiology,4.5,67.5,31.25,83.25,155,2081,24960
Punjab Medical Centre - Rupnagar,Rupnagar,Muktsar,General Medicine,4.5,67.5,18.75,83.25,141,2082,25097
Apex Hospital - Kapurthala,Kapurthala,Nawanshahr,Nephrology,4.5,67.5,31.25,83.25,154,2083,25234
Shaheed Bhagat Singh Medical Centre - Mansa,Mansa,Hoshiarpur,Ophthalmology,4.5,67.5,31.25,83.25,116,2084,25371
Shaheed Bhagat Singh Multispeciality Hospital - SAS Nagar,SAS Nagar,Muktsar,Orthopedics,4.5,67.5,31.25,83.25,127,2085,25508
Mata Kaushalya Medical Centre - Jalandhar,Jalandhar,Moga,Pediatrics,4.5,67.5,18.75,83.25,132,2086,25645
Lifeline Healthcare - Kapurthala,Kapurthala,Phagwara,Urology,4.5,67.5,31.25,83.25,141,2087,25782
Mata Kaushalya Medical Centre - Ferozepur,Ferozepur,Mansa,Gastroenterology,4.4,72.1,43.75,83.23,162,2088,25919
Healing Touch Medical Centre - Ludhiana,Ludhiana,Abohar,General Medicine,4.4,72.1,37.5,83.23,151,2089,26056
Punjab Hospital - Amritsar,Amritsar,Hoshiarpur,Cardiology,4.5,67.4,31.25,83.22,156,2090,26193
Punjab Healthcare - Nawanshahr,Nawanshahr,Gurdaspur,ENT,4.5,67.4,31.25,83.22,145,2091,26330
Medicare Medical Centre - Ludhiana,Ludhiana,Rajpura,Gastroenterology,4.5,67.4,31.25,83.22,155,2092,26467
Shaheed Bhagat Singh Multispeciality Hospital - Fazilka,Fazilka,Sangrur,Gynecology,4.5,67.4,31.25,83.22,139,2093,26604
Apex Medical Centre - Moga,Moga,Nawanshahr,Nephrology,4.5,67.4,31.25,83.22,155,2094,26741
Apex Multispeciality Hospital - SAS Nagar,SAS Nagar,Hoshiarpur,Oncology,4.5,67.4,31.25,83.22,116,2095,26878
Maharaja Ranjit Singh Medical Centre - Rupnagar,Rupnagar,Mohali,Ophthalmology,4.5,67.4,31.25,83.22,117,2096,27015
Sewa Healthcare - Ferozepur,Ferozepur,Pathankot,Pediatrics,4.5,67.4,25.0,83.22,133,2097,27152
Guru Nanak Healthcare - Amritsar,Amritsar,Rupnagar,Urology,4.5,67.4,31.25,83.22,142,2098,27289
Shivalik Multispeciality Hospital - Mansa,Mansa,Malerkotla,Cardiology,4.5,67.3,25.0,83.19,157,2099,27426
Guru Nanak Medical Centre - Muktsar,Muktsar,Bathinda,General Surgery,4.5,67.3,18.75,83.19,129,2100,27563
Maharaja Ranjit Singh Healthcare - Kapurthala,Kapurthala,Malerkotla,Nephrology,4.5,67.3,25.0,83.19,157,2101,27700
Shaheed Bhagat Singh Multispeciality Hospital - Barnala,Barnala,Phagwara,Nephrology,4.5,67.3,31.25,83.19,156,2102,27837
Mata Kaushalya Medical Centre - Pathankot,Pathankot,Bathinda,Gynecology,4.4,71.9,31.25,83.17,148,2103,27974
City Care Multispeciality Hospital - Kapurthala,Kapurthala,Muktsar,Oncology,4.4,71.9,37.5,83.17,130,2104,28111
Medicare Medical Centre - Kapurthala,Kapurthala,Barnala,Ophthalmology,4.4,71.9,37.5,83.17,132,2105,28248
Healing Touch Hospital - Pathankot,Pathankot,Patiala,Cardiology,4.5,67.2,31.25,83.16,158,2106,28385
Fortune Hospital - Patiala,Patiala,Firozpur,General Surgery,4.5,67.2,25.0,83.16,130,2107,28522
Medicare Hospital - Tarn Taran,Tarn Taran,Rajpura,Nephrology,4.5,67.2,25.0,83.16,158,2108,28659
Guru Nanak Healthcare - Tarn Taran,Tarn Taran,Phagwara,Oncology,4.5,67.2,25.0,83.16,117,2109,28796
Healing Touch Medical Centre - Gurdaspur,Gurdaspur,Malerkotla,Ophthalmology,4.5,67.2,18.75,83.16,118,2110,28933
City Care Hospital - Malerkotla,Malerkotla,Khanna,Pediatrics,4.5,67.2,25.0,83.16,134,2111,29070
Fortune Healthcare - Sangrur,Sangrur,Sangrur,Pediatrics,4.5,67.2,31.25,83.16,135,2112,29207
Sunrise Medical Centre - Tarn Taran,Tarn Taran,Rajpura,Orthopedics,4.4,71.8,43.75,83.14,142,2113,29344
Sewa Multispeciality Hospital - Barnala,Barnala,Sangrur,Dermatology,4.5,67.1,18.75,83.13,142,2114,29481
Shaheed Bhagat Singh Multispeciality Hospital - Barnala,Barnala,Rajpura,Dermatology,4.5,67.1,25.0,83.13,141,2115,29618
Prime Care Multispeciality Hospital - Ferozepur,Ferozepur,Bathinda,General Medicine,4.5,67.1,25.0,83.13,142,2116,29755
Medicare Hospital - Muktsar,Muktsar,Phagwara,Gynecology,4.5,67.1,31.25,83.13,140,2117,29892
Sunrise Multispeciality Hospital - Barnala,Barnala,Moga,Orthopedics,4.5,67.1,31.25,83.13,128,2118,30029
Fortune Medical Centre - Malerkotla,Malerkotla,Khanna,Cardiology,4.4,71.7,43.75,83.11,164,2119,30166
Sewa Multispeciality Hospital - Ludhiana,Ludhiana,Patiala,Urology,4.4,71.7,37.5,83.11,150,2120,30303
Shivalik Medical Centre - Amritsar,Amritsar,Amritsar,Cardiology,4.5,67.0,25.0,83.1,159,2121,30440
Lifeline Healthcare - SAS Nagar,SAS Nagar,Firozpur,Dermatology,4.5,67.0,25.0,83.1,143,2122,30577
Healing Touch Healthcare - Hoshiarpur,Hoshiarpur,Phagwara,ENT,4.5,67.0,31.25,83.1,146,2123,30714
Guru Nanak Medical Centre - Barnala,Barnala,Ludhiana,Gastroenterology,4.5,67.0,25.0,83.1,156,2124,30851
Maharaja Ranjit Singh Hospital - Rupnagar,Rupnagar,Kapurthala,General Medicine,4.5,67.0,31.25,83.1,143,2125,30988
Guru Nanak Medical Centre - Patiala,Patiala,Gurdaspur,Gynecology,4.5,67.0,31.25,83.1,142,2126,31125
Medicare Multispeciality Hospital - Kapurthala,Kapurthala,Mohali,Gynecology,4.5,67.0,31.25,83.1,141,2127,31262
City Care Healthcare - Fatehgarh Sahib,Fatehgarh Sahib,Ludhiana,Ophthalmology,4.5,67.0,25.0,83.1,119,2128,31399
Guru Nanak Healthcare - Nawanshahr,Nawanshahr,Pathankot,Orthopedics,4.5,67.0,31.25,83.1,129,2129,31536
Lifeline Multispeciality Hospital - SAS Nagar,SAS Nagar,Patiala,Urology,4.5,67.0,31.25,83.1,143,2130,31673
Lifeline Healthcare - Faridkot,Faridkot,Pathankot,ENT,4.4,71.6,43.75,83.08,158,2131,31810
Apex Hospital - Muktsar,Muktsar,Jalandhar,Gynecology,4.4,71.6,43.75,83.08,149,2132,31947
Prime Care Healthcare - Muktsar,Muktsar,Firozpur,ENT,4.5,66.9,31.25,83.07,147,2133,32084
Fortune Multispeciality Hospital - Rupnagar,Rupnagar,Patiala,Nephrology,4.5,66.9,25.0,83.07,159,2134,32221
Maharaja Ranjit Singh Medical Centre - Rupnagar,Rupnagar,Gurdaspur,Neurology,4.5,66.9,25.0,83.07,148,2135,32358
Medicare Hospital - Malerkotla,Malerkotla,Khanna,Ophthalmology,4.5,66.9,31.25,83.07,120,2136,32495
Lifeline Medical Centre - Ferozepur,Ferozepur,Rajpura,Orthopedics,4.5,66.9,31.25,83.07,130,2137,32632
Lifeline Multispeciality Hospital - Sangrur,Sangrur,Mohali,Pulmonology,4.5,66.9,31.25,83.07,122,2138,32769
Healing Touch Medical Centre - Nawanshahr,Nawanshahr,Barnala,Dermatology,4.4,71.5,37.5,83.05,151,2139,32906
Maharaja Ranjit Singh Healthcare - Sangrur,Sangrur,Pathankot,Dermatology,4.4,71.5,37.5,83.05,152,2140,33043
Sewa Hospital - Faridkot,Faridkot,Ludhiana,Dermatology,4.4,71.5,37.5,83.05,153,2141,33180
Maharaja Ranjit Singh Medical Centre - Kapurthala,Kapurthala,Phagwara,General Medicine,4.4,71.5,43.75,83.05,152,2142,33317
Maharaja Ranjit Singh Healthcare - Ferozepur,Ferozepur,Nawanshahr,Gynecology,4.4,71.5,31.25,83.05,150,2143,33454
Lifeline Hospital - Hoshiarpur,Hoshiarpur,Ludhiana,Orthopedics,4.4,71.5,31.25,83.05,143,2144,33591
City Care Multispeciality Hospital - Barnala,Barnala,Mansa,Pediatrics,4.4,71.5,37.5,83.05,140,2145,33728
Shaheed Bhagat Singh Medical Centre - Fatehgarh Sahib,Fatehgarh Sahib,Nawanshahr,Dermatology,4.5,66.8,25.0,83.04,144,2146,33865
Mata Kaushalya Hospital - Nawanshahr,Nawanshahr,Rupnagar,Gynecology,4.5,66.8,25.0,83.04,143,2147,34002
Shivalik Healthcare - Malerkotla,Malerkotla,Sangrur,Neurology,4.5,66.8,18.75,83.04,149,2148,34139
Guru Nanak Healthcare - Muktsar,Muktsar,Abohar,Ophthalmology,4.5,66.8,31.25,83.04,121,2149,34276
Punjab Healthcare - Fatehgarh Sahib,Fatehgarh Sahib,Firozpur,Pediatrics,4.5,66.8,31.25,83.04,136,2150,34413
City Care Multispeciality Hospital - Malerkotla,Malerkotla,Moga,General Medicine,4.4,71.4,43.75,83.02,153,2151,34550
Lifeline Hospital - Tarn Taran,Tarn Taran,Kapurthala,Gynecology,4.4,71.4,37.5,83.02,151,2152,34687
Fortune Hospital - Malerkotla,Malerkotla,Hoshiarpur,Nephrology,4.4,71.4,37.5,83.02,168,2153,34824
Apex Healthcare - Patiala,Patiala,Gurdaspur,Oncology,4.4,71.4,43.75,83.02,131,2154,34961
Shivalik Medical Centre - Barnala,Barnala,Patiala,Pediatrics,4.4,71.4,31.25,83.02,141,2155,35098
Apex Hospital - Tarn Taran,Tarn Taran,Ludhiana,Dermatology,4.5,66.7,31.25,83.01,145,2156,35235
Apex Hospital - Patiala,Patiala,Hoshiarpur,Gastroenterology,4.5,66.7,18.75,83.01,157,2157,35372
Fortune Medical Centre - Fatehgarh Sahib,Fatehgarh Sahib,Rupnagar,General Surgery,4.5,66.7,25.0,83.01,131,2158,35509
Apex Multispeciality Hospital - Bathinda,Bathinda,Barnala,Neurology,4.5,66.7,31.25,83.01,150,2159,35646
Punjab Healthcare - Barnala,Barnala,Malerkotla,Orthopedics,4.5,66.7,25.0,83.01,131,2160,35783
Apex Medical Centre - Gurdaspur,Gurdaspur,Nawanshahr,General Surgery,4.4,71.3,37.5,82.99,140,2161,35920
Sunrise Hospital - Mansa,Mansa,Malerkotla,General Surgery,4.4,71.3,43.75,82.99,139,2162,36057
City Care Hospital - Kapurthala,Kapurthala,Mansa,Gynecology,4.4,71.3,31.25,82.99,152,2163,36194
City Care Medical Centre - Ludhiana,Ludhiana,Patiala,Urology,4.4,71.3,31.25,82.99,151,2164,36331
Fortune Hospital - Sangrur,Sangrur,Khanna,ENT,4.5,66.6,25.0,82.98,148,2165,36468
Shivalik Medical Centre - Faridkot,Faridkot,Mansa,Gastroenterology,4.5,66.6,18.75,82.98,158,2166,36605
Sewa Medical Centre - Gurdaspur,Gurdaspur,Kapurthala,Pulmonology,4.5,66.6,18.75,82.98,123,2167,36742
Sunrise Hospital - Faridkot,Faridkot,Malerkotla,Dermatology,4.4,71.2,37.5,82.96,154,2168,36879
Shaheed Bhagat Singh Healthcare - Sangrur,Sangrur,Khanna,ENT,4.4,71.2,31.25,82.96,159,2169,37016
Shaheed Bhagat Singh Hospital - Fazilka,Fazilka,Mansa,Ophthalmology,4.4,71.2,43.75,82.96,133,2170,37153
Shivalik Healthcare - Nawanshahr,Nawanshahr,Abohar,Ophthalmology,4.4,71.2,37.5,82.96,134,2171,37290
Lifeline Medical Centre - Rupnagar,Rupnagar,Firozpur,Pediatrics,4.4,71.2,43.75,82.96,142,2172,37427
Lifeline Healthcare - Faridkot,Faridkot,Hoshiarpur,ENT,4.5,66.5,18.75,82.95,149,2173,37564
Shivalik Multispeciality Hospital - Ferozepur,Ferozepur,Hoshiarpur,Gastroenterology,4.5,66.5,25.0,82.95,159,2174,37701
Shivalik Multispeciality Hospital - Malerkotla,Malerkotla,Malerkotla,Orthopedics,4.5,66.5,25.0,82.95,132,2175,37838
Prime Care Multispeciality Hospital - Hoshiarpur,Hoshiarpur,Phagwara,Pulmonology,4.5,66.5,25.0,82.95,124,2176,37975
Maharaja Ranjit Singh Medical Centre - Hoshiarpur,Hoshiarpur,Bathinda,General Medicine,4.4,71.1,37.5,82.93,154,2177,38112
Fortune Healthcare - Ludhiana,Ludhiana,Nawanshahr,Nephrology,4.4,71.1,37.5,82.93,169,2178,38249
Fortune Healthcare - Kapurthala,Kapurthala,Mohali,Cardiology,4.5,66.4,25.0,82.92,160,2179,38386
Mata Kaushalya Medical Centre - Barnala,Barnala,Kapurthala,Oncology,4.5,66.4,12.5,82.92,118,2180,38523
Fortune Healthcare - Amritsar,Amritsar,Mansa,Neurology,4.3,75.7,50.0,82.91,174,2181,38660
Shivalik Multispeciality Hospital - SAS Nagar,SAS Nagar,Nawanshahr,General Medicine,4.4,71.0,50.0,82.9,155,2182,38797
Sewa Healthcare - Malerkotla,Malerkotla,Nawanshahr,Gynecology,4.4,71.0,43.75,82.9,153,2183,38934
Medicare Healthcare - Fatehgarh Sahib,Fatehgarh Sahib,Muktsar,Neurology,4.4,71.0,50.0,82.9,157,2184,39071
Guru Nanak Multispeciality Hospital - Muktsar,Muktsar,Jalandhar,Pediatrics,4.4,71.0,37.5,82.9,143,2185,39208
Healing Touch Healthcare - Sangrur,Sangrur,Amritsar,Pulmonology,4.4,71.0,50.0,82.9,134,2186,39345
Sewa Multispeciality Hospital - Fazilka,Fazilka,Abohar,Dermatology,4.5,66.3,12.5,82.89,146,2187,39482
Lifeline Hospital - Tarn Taran,Tarn Taran,Muktsar,General Surgery,4.5,66.3,25.0,82.89,132,2188,39619
Punjab Multispeciality Hospital - Rupnagar,Rupnagar,Barnala,General Surgery,4.5,66.3,25.0,82.89,133,2189,39756
Fortune Hospital - SAS Nagar,SAS Nagar,Gurdaspur,Orthopedics,4.5,66.3,25.0,82.89,134,2190,39893
Guru Nanak Healthcare - Patiala,Patiala,Amritsar,Orthopedics,4.5,66.3,25.0,82.89,133,2191,40030
Punjab Hospital - Fatehgarh Sahib,Fatehgarh Sahib,Rupnagar,General Surgery,4.4,70.9,43.75,82.87,141,2192,40167
Medicare Hospital - Amritsar,Amritsar,Sangrur,Neurology,4.4,70.9,37.5,82.87,158,2193,40304
Apex Hospital - Hoshiarpur,Hoshiarpur,Ludhiana,Ophthalmology,4.4,70.9,37.5,82.87,135,2194,40441
Shivalik Healthcare - Malerkotla,Malerkotla,Patiala,Pulmonology,4.4,70.9,37.5,82.87,135,2195,40578
Shaheed Bhagat Singh Medical Centre - Muktsar,Muktsar,Firozpur,ENT,4.5,66.2,25.0,82.86,150,2196,40715
City Care Healthcare - Muktsar,Muktsar,Amritsar,General Medicine,4.5,66.2,25.0,82.86,144,2197,40852
Fortune Healthcare - Mansa,Mansa,Sangrur,Oncology,4.5,66.2,25.0,82.86,119,2198,40989
Fortune Healthcare - SAS Nagar,SAS Nagar,Khanna,Pulmonology,4.5,66.2,18.75,82.86,125,2199,41126
Medicare Medical Centre - Nawanshahr,Nawanshahr,Barnala,Urology,4.5,66.2,25.0,82.86,144,2200,41263
Fortune Healthcare - Amritsar,Amritsar,Muktsar,ENT,4.4,70.8,25.0,82.84,161,2201,41400
Healing Touch Hospital - Kapurthala,Kapurthala,Bathinda,ENT,4.4,70.8,37.5,82.84,160,2202,41537
Mata Kaushalya Hospital - Rupnagar,Rupnagar,Ludhiana,Neurology,4.4,70.8,37.5,82.84,160,2203,41674
Sunrise Hospital - Malerkotla,Malerkotla,Bathinda,Neurology,4.4,70.8,25.0,82.84,159,2204,41811
Prime Care Healthcare - Gurdaspur,Gurdaspur,Phagwara,Oncology,4.4,70.8,31.25,82.84,132,2205,41948
Guru Nanak Multispeciality Hospital - Tarn Taran,Tarn Taran,Sangrur,Orthopedics,4.4,70.8,37.5,82.84,144,2206,42085
Prime Care Healthcare - Tarn Taran,Tarn Taran,Mansa,Pediatrics,4.4,70.8,37.5,82.84,144,2207,42222
Punjab Multispeciality Hospital - Pathankot,Pathankot,Patiala,Neurology,4.5,66.1,25.0,82.83,151,2208,42359
Sunrise Medical Centre - Barnala,Barnala,Amritsar,Pulmonology,4.5,66.1,25.0,82.83,126,2209,42496
Punjab Medical Centre - Jalandhar,Jalandhar,Patiala,Cardiology,4.4,70.7,31.25,82.81,165,2210,42633
Shivalik Hospital - Jalandhar,Jalandhar,Gurdaspur,Gastroenterology,4.4,70.7,31.25,82.81,163,2211,42770
City Care Hospital - Muktsar,Muktsar,Hoshiarpur,Nephrology,4.4,70.7,31.25,82.81,170,2212,42907
Prime Care Multispeciality Hospital - Sangrur,Sangrur,Amritsar,Oncology,4.4,70.7,37.5,82.81,134,2213,43044
Punjab Medical Centre - Fazilka,Fazilka,Malerkotla,Oncology,4.4,70.7,43.75,82.81,133,2214,43181
Shivalik Multispeciality Hospital - Patiala,Patiala,Malerkotla,Ophthalmology,4.4,70.7,37.5,82.81,136,2215,43318
Sewa Hospital - Sangrur,Sangrur,Nawanshahr,Pulmonology,4.4,70.7,37.5,82.81,136,2216,43455
Apex Medical Centre - Ludhiana,Ludhiana,Pathankot,Urology,4.4,70.7,37.5,82.81,152,2217,43592
Sewa Hospital - Fazilka,Fazilka,Patiala,Nephrology,4.5,66.0,25.0,82.8,160,2218,43729
Sewa Hospital - Patiala,Patiala,Nawanshahr,Oncology,4.5,66.0,25.0,82.8,120,2219,43866
Lifeline Healthcare - Fatehgarh Sahib,Fatehgarh Sahib,Bathinda,General Surgery,4.4,70.6,37.5,82.78,143,2220,44003
Prime Care Medical Centre - Nawanshahr,Nawanshahr,Nawanshahr,General Surgery,4.4,70.6,43.75,82.78,142,2221,44140
Mata Kaushalya Medical Centre - SAS Nagar,SAS Nagar,Pathankot,Nephrology,4.4,70.6,25.0,82.78,171,2222,44277
Medicare Healthcare - Jalandhar,Jalandhar,Ludhiana,Neurology,4.4,70.6,43.75,82.78,161,2223,44414
Shaheed Bhagat Singh Healthcare - Bathinda,Bathinda,Rajpura,Pulmonology,4.4,70.6,43.75,82.78,137,2224,44551
City Care Hospital - Amritsar,Amritsar,Rajpura,Urology,4.4,70.6,43.75,82.78,154,2225,44688
Sunrise Healthcare - Sangrur,Sangrur,Khanna,Urology,4.4,70.6,25.0,82.78,153,2226,44825
Lifeline Healthcare - Rupnagar,Rupnagar,Khanna,ENT,4.5,65.9,25.0,82.77,151,2227,44962
Fortune Medical Centre - Fazilka,Fazilka,Patiala,Ophthalmology,4.5,65.9,18.75,82.77,122,2228,45099
Healing Touch Healthcare - Ludhiana,Ludhiana,Jalandhar,Ophthalmology,4.5,65.9,25.0,82.77,123,2229,45236
Sunrise Hospital - Fazilka,Fazilka,Mohali,Gastroenterology,4.4,70.5,43.75,82.75,164,2230,45373
Mata Kaushalya Medical Centre - Fazilka,Fazilka,Ludhiana,General Medicine,4.4,70.5,31.25,82.75,156,2231,45510
Prime Care Hospital - Mansa,Mansa,Kapurthala,Pediatrics,4.4,70.5,31.25,82.75,145,2232,45647
Mata Kaushalya Medical Centre - Rupnagar,Rupnagar,Rajpura,Cardiology,4.5,65.8,18.75,82.74,161,2233,45784
Lifeline Medical Centre - Pathankot,Pathankot,Gurdaspur,ENT,4.5,65.8,25.0,82.74,152,2234,45921
Shaheed Bhagat Singh Medical Centre - Rupnagar,Rupnagar,Khanna,General Surgery,4.5,65.8,18.75,82.74,134,2235,46058
Fortune Hospital - Ferozepur,Ferozepur,Ludhiana,Ophthalmology,4.5,65.8,18.75,82.74,124,2236,46195
City Care Medical Centre - Patiala,Patiala,Pathankot,General Medicine,4.4,70.4,37.5,82.72,157,2237,46332
Mata Kaushalya Hospital - Ludhiana,Ludhiana,Mohali,Nephrology,4.4,70.4,43.75,82.72,172,2238,46469
Medicare Multispeciality Hospital - Barnala,Barnala,Gurdaspur,Ophthalmology,4.4,70.4,31.25,82.72,137,2239,46606
Shivalik Medical Centre - Kapurthala,Kapurthala,Mohali,Pulmonology,4.4,70.4,37.5,82.72,138,2240,46743
Mata Kaushalya Healthcare - Patiala,Patiala,Muktsar,Gastroenterology,4.5,65.7,25.0,82.71,160,2241,46880
Mata Kaushalya Hospital - Mansa,Mansa,Jalandhar,Pulmonology,4.5,65.7,18.75,82.71,127,2242,47017
Healing Touch Multispeciality Hospital - Rupnagar,Rupnagar,Ludhiana,Gastroenterology,4.4,70.3,37.5,82.69,165,2243,47154
Medicare Healthcare - Patiala,Patiala,Sangrur,Gynecology,4.4,70.3,37.5,82.69,154,2244,47291
Prime Care Medical Centre - Muktsar,Muktsar,Sangrur,Ophthalmology,4.4,70.3,50.0,82.69,138,2245,47428
Sunrise Healthcare - Malerkotla,Malerkotla,Mansa,Pediatrics,4.4,70.3,43.75,82.69,146,2246,47565
Apex Multispeciality Hospital - Kapurthala,Kapurthala,Hoshiarpur,Pulmonology,4.4,70.3,37.5,82.69,139,2247,47702
Punjab Healthcare - Rupnagar,Rupnagar,Firozpur,Cardiology,4.5,65.6,25.0,82.68,162,2248,47839
Sunrise Multispeciality Hospital - Nawanshahr,Nawanshahr,Pathankot,ENT,4.5,65.6,25.0,82.68,153,2249,47976
Lifeline Healthcare - Tarn Taran,Tarn Taran,Malerkotla,Dermatology,4.4,70.2,37.5,82.66,155,2250,48113
City Care Hospital - Amritsar,Amritsar,Ludhiana,Gastroenterology,4.4,70.2,31.25,82.66,166,2251,48250
Maharaja Ranjit Singh Healthcare - Bathinda,Bathinda,Jalandhar,Pediatrics,4.4,70.2,37.5,82.66,147,2252,48387
Maharaja Ranjit Singh Healthcare - Ludhiana,Ludhiana,Hoshiarpur,Pulmonology,4.4,70.2,37.5,82.66,141,2253,48524
Sunrise Multispeciality Hospital - Mansa,Mansa,Muktsar,Pulmonology,4.4,70.2,37.5,82.66,140,2254,48661
Maharaja Ranjit Singh Hospital - Pathankot,Pathankot,Amritsar,Urology,4.4,70.2,25.0,82.66,155,2255,48798
City Care Medical Centre - Ludhiana,Ludhiana,Jalandhar,Dermatology,4.5,65.5,25.0,82.65,148,2256,48935
Guru Nanak Hospital - SAS Nagar,SAS Nagar,Barnala,Dermatology,4.5,65.5,25.0,82.65,147,2257,49072
Prime Care Multispeciality Hospital - Ferozepur,Ferozepur,Mohali,General Medicine,4.5,65.5,18.75,82.65,145,2258,49209
Sewa Healthcare - Jalandhar,Jalandhar,Gurdaspur,Nephrology,4.5,65.5,18.75,82.65,161,2259,49346
Punjab Multispeciality Hospital - Rupnagar,Rupnagar,Amritsar,Oncology,4.5,65.5,18.75,82.65,121,2260,49483
Fortune Medical Centre - Ludhiana,Ludhiana,Mansa,Ophthalmology,4.5,65.5,25.0,82.65,125,2261,49620
Apex Healthcare - Malerkotla,Malerkotla,Moga,Pulmonology,4.5,65.5,25.0,82.65,128,2262,49757
Mata Kaushalya Hospital - Kapurthala,Kapurthala,Firozpur,Dermatology,4.4,70.1,37.5,82.63,156,2263,49894
Maharaja Ranjit Singh Multispeciality Hospital - Fazilka,Fazilka,Ludhiana,Gastroenterology,4.4,70.1,37.5,82.63,167,2264,50031
Mata Kaushalya Healthcare - Hoshiarpur,Hoshiarpur,Mohali,Gastroenterology,4.4,70.1,37.5,82.63,168,2265,50168
Sewa Medical Centre - Bathinda,Bathinda,Rupnagar,Pulmonology,4.4,70.1,25.0,82.63,142,2266,50305
Sewa Hospital - Sangrur,Sangrur,Jalandhar,Pulmonology,4.5,65.4,18.75,82.62,129,2267,50442
Healing Touch Healthcare - Rupnagar,Rupnagar,Nawanshahr,Nephrology,4.4,70.0,25.0,82.6,173,2268,50579
Guru Nanak Medical Centre - Fazilka,Fazilka,Nawanshahr,ENT,4.5,65.3,25.0,82.59,154,2269,50716
Maharaja Ranjit Singh Medical Centre - Fazilka,Fazilka,Firozpur,Urology,4.5,65.3,18.75,82.59,146,2270,50853
Prime Care Medical Centre - Tarn Taran,Tarn Taran,Muktsar,Urology,4.5,65.3,18.75,82.59,145,2271,50990
Sewa Multispeciality Hospital - Gurdaspur,Gurdaspur,Pathankot,Dermatology,4.4,69.9,31.25,82.57,157,2272,51127
Fortune Hospital - Kapurthala,Kapurthala,Rupnagar,ENT,4.4,69.9,31.25,82.57,163,2273,51264
Lifeline Medical Centre - Pathankot,Pathankot,Barnala,ENT,4.4,69.9,37.5,82.57,162,2274,51401
Shaheed Bhagat Singh Healthcare - Pathankot,Pathankot,Barnala,Gastroenterology,4.4,69.9,37.5,82.57,169,2275,51538
Fortune Healthcare - Bathinda,Bathinda,Patiala,Gynecology,4.4,69.9,43.75,82.57,155,2276,51675
Maharaja Ranjit Singh Hospital - Rupnagar,Rupnagar,Amritsar,Nephrology,4.4,69.9,31.25,82.57,174,2277,51812
Shaheed Bhagat Singh Healthcare - Ludhiana,Ludhiana,Gurdaspur,Ophthalmology,4.4,69.9,25.0,82.57,139,2278,51949
City Care Medical Centre - Tarn Taran,Tarn Taran,Barnala,Pulmonology,4.4,69.9,37.5,82.57,143,2279,52086
Mata Kaushalya Multispeciality Hospital - Ferozepur,Ferozepur,Nawanshahr,ENT,4.5,65.2,18.75,82.56,155,2280,52223
Guru Nanak Healthcare - Faridkot,Faridkot,Abohar,Cardiology,4.4,69.8,37.5,82.54,166,2281,52360
Shivalik Hospital - Patiala,Patiala,Phagwara,General Medicine,4.4,69.8,43.75,82.54,158,2282,52497
Healing Touch Multispeciality Hospital - Faridkot,Faridkot,Gurdaspur,General Surgery,4.4,69.8,43.75,82.54,144,2283,52634
Fortune Multispeciality Hospital - Mansa,Mansa,Rajpura,Gynecology,4.4,69.8,25.0,82.54,156,2284,52771
Punjab Multispeciality Hospital - Kapurthala,Kapurthala,Amritsar,Nephrology,4.4,69.8,31.25,82.54,175,2285,52908
Prime Care Hospital - Nawanshahr,Nawanshahr,Mansa,Oncology,4.4,69.8,37.5,82.54,135,2286,53045
Apex Healthcare - Jalandhar,Jalandhar,Sangrur,Pediatrics,4.4,69.8,37.5,82.54,148,2287,53182
Fortune Healthcare - Sangrur,Sangrur,Rupnagar,Pulmonology,4.4,69.8,37.5,82.54,144,2288,53319
Punjab Medical Centre - Pathankot,Pathankot,Ludhiana,Cardiology,4.4,69.7,31.25,82.51,167,2289,53456
City Care Medical Centre - Faridkot,Faridkot,Mansa,Gastroenterology,4.4,69.7,37.5,82.51,170,2290,53593
Lifeline Hospital - SAS Nagar,SAS Nagar,Mansa,Gynecology,4.4,69.7,43.75,82.51,157,2291,53730
Apex Multispeciality Hospital - Ferozepur,Ferozepur,Mohali,Nephrology,4.4,69.7,31.25,82.51,176,2292,53867
Shaheed Bhagat Singh Hospital - Fazilka,Fazilka,Patiala,Orthopedics,4.5,65.0,18.75,82.5,136,2293,54004
Sunrise Hospital - Jalandhar,Jalandhar,Khanna,Orthopedics,4.5,65.0,18.75,82.5,135,2294,54141
Shaheed Bhagat Singh Hospital - Nawanshahr,Nawanshahr,Muktsar,Cardiology,4.4,69.6,31.25,82.48,168,2295,54278
Shaheed Bhagat Singh Hospital - Pathankot,Pathankot,Gurdaspur,Dermatology,4.4,69.6,37.5,82.48,158,2296,54415
Apex Hospital - Jalandhar,Jalandhar,Patiala,Pulmonology,4.4,69.6,43.75,82.48,145,2297,54552
Punjab Multispeciality Hospital - Nawanshahr,Nawanshahr,Abohar,Oncology,4.5,64.9,18.75,82.47,122,2298,54689
City Care Hospital - Bathinda,Bathinda,Mansa,Ophthalmology,4.5,64.9,18.75,82.47,126,2299,54826
Fortune Hospital - Bathinda,Bathinda,Phagwara,Ophthalmology,4.5,64.9,18.75,82.47,127,2300,54963
Lifeline Medical Centre - Sangrur,Sangrur,Gurdaspur,Orthopedics,4.5,64.9,18.75,82.47,137,2301,55100
Maharaja Ranjit Singh Hospital - Sangrur,Sangrur,Firozpur,Urology,4.5,64.9,12.5,82.47,147,2302,55237
Maharaja Ranjit Singh Healthcare - Pathankot,Pathankot,Barnala,Nephrology,4.4,69.5,37.5,82.45,177,2303,55374
City Care Healthcare - Pathankot,Pathankot,Amritsar,Orthopedics,4.4,69.5,25.0,82.45,145,2304,55511
Mata Kaushalya Medical Centre - Faridkot,Faridkot,Sangrur,Pulmonology,4.4,69.5,31.25,82.45,146,2305,55648
Shivalik Hospital - Fatehgarh Sahib,Fatehgarh Sahib,Nawanshahr,Gynecology,4.5,64.8,18.75,82.44,144,2306,55785
Mata Kaushalya Healthcare - SAS Nagar,SAS Nagar,Rupnagar,General Medicine,4.4,69.4,37.5,82.42,160,2307,55922
Medicare Multispeciality Hospital - Jalandhar,Jalandhar,Khanna,General Medicine,4.4,69.4,31.25,82.42,159,2308,56059
Shaheed Bhagat Singh Healthcare - Moga,Moga,Hoshiarpur,Ophthalmology,4.4,69.4,31.25,82.42,140,2309,56196
Punjab Medical Centre - Muktsar,Muktsar,Pathankot,Orthopedics,4.4,69.4,37.5,82.42,146,2310,56333
City Care Multispeciality Hospital - Fazilka,Fazilka,Malerkotla,Pediatrics,4.4,69.4,43.75,82.42,149,2311,56470
Shaheed Bhagat Singh Medical Centre - Hoshiarpur,Hoshiarpur,Firozpur,Neurology,4.5,64.7,18.75,82.41,152,2312,56607
Punjab Multispeciality Hospital - SAS Nagar,SAS Nagar,Bathinda,Pulmonology,4.5,64.7,18.75,82.41,130,2313,56744
Maharaja Ranjit Singh Multispeciality Hospital - Gurdaspur,Gurdaspur,Khanna,Dermatology,4.4,69.3,25.0,82.39,159,2314,56881
Lifeline Hospital - Pathankot,Pathankot,Kapurthala,General Medicine,4.4,69.3,25.0,82.39,161,2315,57018
Prime Care Healthcare - SAS Nagar,SAS Nagar,Kapurthala,General Surgery,4.4,69.3,18.75,82.39,146,2316,57155
Shivalik Hospital - Ferozepur,Ferozepur,Barnala,General Surgery,4.4,69.3,31.25,82.39,145,2317,57292
Medicare Medical Centre - Tarn Taran,Tarn Taran,Khanna,Gynecology,4.4,69.3,31.25,82.39,158,2318,57429
Medicare Multispeciality Hospital - Pathankot,Pathankot,Malerkotla,Neurology,4.4,69.3,43.75,82.39,162,2319,57566
Mata Kaushalya Hospital - Ludhiana,Ludhiana,Patiala,Ophthalmology,4.4,69.3,25.0,82.39,141,2320,57703
Shivalik Multispeciality Hospital - Kapurthala,Kapurthala,Firozpur,Gastroenterology,4.5,64.6,18.75,82.38,161,2321,57840
Maharaja Ranjit Singh Hospital - Sangrur,Sangrur,Sangrur,Cardiology,4.4,69.2,37.5,82.36,169,2322,57977
Prime Care Medical Centre - Kapurthala,Kapurthala,Ludhiana,Cardiology,4.4,69.2,31.25,82.36,170,2323,58114
Mata Kaushalya Medical Centre - Tarn Taran,Tarn Taran,Patiala,Gastroenterology,4.4,69.2,37.5,82.36,171,2324,58251
Sunrise Healthcare - Hoshiarpur,Hoshiarpur,Gurdaspur,Nephrology,4.4,69.2,25.0,82.36,178,2325,58388
Sunrise Medical Centre - Pathankot,Pathankot,Mohali,Oncology,4.4,69.2,31.25,82.36,136,2326,58525
Lifeline Healthcare - Faridkot,Faridkot,Muktsar,Pediatrics,4.4,69.2,43.75,82.36,150,2327,58662
Mata Kaushalya Healthcare - Kapurthala,Kapurthala,Amritsar,Pulmonology,4.4,69.2,31.25,82.36,147,2328,58799
Healing Touch Multispeciality Hospital - Fatehgarh Sahib,Fatehgarh Sahib,Ludhiana,ENT,4.5,64.5,18.75,82.35,156,2329,58936
Apex Hospital - Mansa,Mansa,Rajpura,General Surgery,4.5,64.5,18.75,82.35,135,2330,59073
Shivalik Medical Centre - Muktsar,Muktsar,Abohar,Neurology,4.5,64.5,18.75,82.35,153,2331,59210
Prime Care Multispeciality Hospital - Pathankot,Pathankot,Amritsar,Pediatrics,4.5,64.5,12.5,82.35,137,2332,59347
City Care Medical Centre - SAS Nagar,SAS Nagar,Moga,Dermatology,4.4,69.1,25.0,82.33,160,2333,59484
Guru Nanak Hospital - Jalandhar,Jalandhar,Barnala,Dermatology,4.4,69.1,25.0,82.33,162,2334,59621
Maharaja Ranjit Singh Multispeciality Hospital - Fazilka,Fazilka,Moga,Dermatology,4.4,69.1,43.75,82.33,161,2335,59758
Guru Nanak Healthcare - Gurdaspur,Gurdaspur,Khanna,General Medicine,4.4,69.1,31.25,82.33,162,2336,59895
Lifeline Multispeciality Hospital - Kapurthala,Kapurthala,Muktsar,Gynecology,4.4,69.1,31.25,82.33,159,2337,60032
Shaheed Bhagat Singh Multispeciality Hospital - Nawanshahr,Nawanshahr,Mansa,Gynecology,4.4,69.1,31.25,82.33,160,2338,60169
City Care Hospital - Mansa,Mansa,Barnala,Nephrology,4.4,69.1,43.75,82.33,181,2339,60306
Guru Nanak Healthcare - Ferozepur,Ferozepur,Malerkotla,Nephrology,4.4,69.1,31.25,82.33,179,2340,60443
Healing Touch Hospital - Bathinda,Bathinda,Ludhiana,Nephrology,4.4,69.1,37.5,82.33,180,2341,60580
Maharaja Ranjit Singh Healthcare - Nawanshahr,Nawanshahr,Patiala,Ophthalmology,4.4,69.1,31.25,82.33,142,2342,60717
Fortune Multispeciality Hospital - Malerkotla,Malerkotla,Phagwara,Orthopedics,4.4,69.1,31.25,82.33,148,2343,60854
Mata Kaushalya Medical Centre - Ferozepur,Ferozepur,Sangrur,Orthopedics,4.4,69.1,43.75,82.33,147,2344,60991
Mata Kaushalya Multispeciality Hospital - Pathankot,Pathankot,Muktsar,Pediatrics,4.4,69.1,43.75,82.33,151,2345,61128
Lifeline Multispeciality Hospital - Hoshiarpur,Hoshiarpur,Hoshiarpur,Pulmonology,4.4,69.1,31.25,82.33,148,2346,61265
Maharaja Ranjit Singh Multispeciality Hospital - Gurdaspur,Gurdaspur,Rupnagar,Urology,4.4,69.1,37.5,82.33,156,2347,61402
Sewa Medical Centre - Malerkotla,Malerkotla,Muktsar,Ophthalmology,4.5,64.4,12.5,82.32,128,2348,61539
Sewa Healthcare - Amritsar,Amritsar,Hoshiarpur,Gastroenterology,4.4,69.0,31.25,82.3,172,2349,61676
Fortune Hospital - Patiala,Patiala,Abohar,General Medicine,4.4,69.0,37.5,82.3,163,2350,61813
Guru Nanak Multispeciality Hospital - Patiala,Patiala,Hoshiarpur,General Surgery,4.4,69.0,43.75,82.3,147,2351,61950
City Care Healthcare - Tarn Taran,Tarn Taran,Mansa,Neurology,4.4,69.0,43.75,82.3,164,2352,62087
Fortune Multispeciality Hospital - Moga,Moga,Kapurthala,Neurology,4.4,69.0,37.5,82.3,163,2353,62224
Punjab Healthcare - Rupnagar,Rupnagar,Ludhiana,Oncology,4.4,69.0,37.5,82.3,138,2354,62361
Punjab Hospital - Fazilka,Fazilka,Firozpur,Oncology,4.4,69.0,37.5,82.3,137,2355,62498
Shaheed Bhagat Singh Healthcare - Fatehgarh Sahib,Fatehgarh Sahib,Jalandhar,Oncology,4.4,69.0,25.0,82.3,139,2356,62635
Maharaja Ranjit Singh Hospital - Barnala,Barnala,Abohar,Pediatrics,4.4,69.0,37.5,82.3,152,2357,62772
City Care Medical Centre - Faridkot,Faridkot,Malerkotla,Pulmonology,4.4,69.0,37.5,82.3,149,2358,62909
Apex Medical Centre - Fatehgarh Sahib,Fatehgarh Sahib,Phagwara,Urology,4.4,69.0,43.75,82.3,158,2359,63046
Shivalik Hospital - Mansa,Mansa,Moga,Urology,4.4,69.0,31.25,82.3,157,2360,63183
Mata Kaushalya Healthcare - Fazilka,Fazilka,Ludhiana,Cardiology,4.3,73.6,37.5,82.28,189,2361,63320
Medicare Hospital - SAS Nagar,SAS Nagar,Abohar,Gynecology,4.3,73.6,50.0,82.28,186,2362,63457
Maharaja Ranjit Singh Medical Centre - Rupnagar,Rupnagar,Abohar,General Medicine,4.4,68.9,31.25,82.27,164,2363,63594
Guru Nanak Multispeciality Hospital - Ferozepur,Ferozepur,Nawanshahr,Gynecology,4.4,68.9,31.25,82.27,161,2364,63731
Sewa Hospital - SAS Nagar,SAS Nagar,Jalandhar,Nephrology,4.4,68.9,25.0,82.27,182,2365,63868
Fortune Healthcare - Nawanshahr,Nawanshahr,Firozpur,Ophthalmology,4.4,68.9,25.0,82.27,143,2366,64005
Shivalik Healthcare - Moga,Moga,Ludhiana,Urology,4.4,68.9,43.75,82.27,159,2367,64142
Prime Care Hospital - Tarn Taran,Tarn Taran,Firozpur,Ophthalmology,4.5,64.2,18.75,82.26,129,2368,64279
Shivalik Hospital - Ferozepur,Ferozepur,Nawanshahr,General Surgery,4.4,68.8,43.75,82.24,148,2369,64416
Guru Nanak Multispeciality Hospital - Fatehgarh Sahib,Fatehgarh Sahib,Ludhiana,Gynecology,4.4,68.8,31.25,82.24,162,2370,64553
Shivalik Medical Centre - SAS Nagar,SAS Nagar,Malerkotla,Orthopedics,4.4,68.8,37.5,82.24,149,2371,64690
City Care Medical Centre - Hoshiarpur,Hoshiarpur,Ludhiana,Pulmonology,4.4,68.8,37.5,82.24,150,2372,64827
Medicare Healthcare - Ludhiana,Ludhiana,Malerkotla,Pulmonology,4.4,68.8,31.25,82.24,151,2373,64964
Apex Hospital - Nawanshahr,Nawanshahr,Malerkotla,Pulmonology,4.5,64.1,12.5,82.23,131,2374,65101
Fortune Hospital - Gurdaspur,Gurdaspur,Sangrur,ENT,4.4,68.7,25.0,82.21,164,2375,65238
Apex Multispeciality Hospital - Ludhiana,Ludhiana,Mohali,Gynecology,4.4,68.7,37.5,82.21,163,2376,65375
Medicare Healthcare - Sangrur,Sangrur,Mansa,Nephrology,4.4,68.7,31.25,82.21,184,2377,65512
Prime Care Healthcare - Gurdaspur,Gurdaspur,Malerkotla,Nephrology,4.4,68.7,31.25,82.21,183,2378,65649
Shaheed Bhagat Singh Multispeciality Hospital - Fazilka,Fazilka,Rajpura,Ophthalmology,4.4,68.7,43.75,82.21,144,2379,65786
Mata Kaushalya Healthcare - Moga,Moga,Mohali,Orthopedics,4.4,68.7,31.25,82.21,150,2380,65923
Maharaja Ranjit Singh Multispeciality Hospital - Gurdaspur,Gurdaspur,Amritsar,Pediatrics,4.4,68.7,25.0,82.21,153,2381,66060
Prime Care Medical Centre - Muktsar,Muktsar,Patiala,Pulmonology,4.4,68.7,37.5,82.21,153,2382,66197
Punjab Hospital - Tarn Taran,Tarn Taran,Pathankot,Pulmonology,4.4,68.7,31.25,82.21,152,2383,66334
Sewa Medical Centre - Nawanshahr,Nawanshahr,Rupnagar,Pulmonology,4.4,68.7,25.0,82.21,154,2384,66471
Prime Care Hospital - Fazilka,Fazilka,Amritsar,Urology,4.4,68.7,43.75,82.21,160,2385,66608
Lifeline Healthcare - Hoshiarpur,Hoshiarpur,Firozpur,Dermatology,4.4,68.6,31.25,82.18,163,2386,66745
Apex Hospital - Fatehgarh Sahib,Fatehgarh Sahib,Abohar,Gastroenterology,4.4,68.6,37.5,82.18,173,2387,66882
Medicare Multispeciality Hospital - Moga,Moga,Gurdaspur,General Medicine,4.4,68.6,37.5,82.18,166,2388,67019
Sunrise Medical Centre - Gurdaspur,Gurdaspur,Rajpura,General Medicine,4.4,68.6,31.25,82.18,165,2389,67156
Lifeline Multispeciality Hospital - Amritsar,Amritsar,Moga,General Surgery,4.4,68.6,31.25,82.18,149,2390,67293
Punjab Medical Centre - Gurdaspur,Gurdaspur,Rupnagar,Gynecology,4.4,68.6,31.25,82.18,164,2391,67430
Sewa Hospital - Fazilka,Fazilka,Nawanshahr,Pediatrics,4.4,68.6,25.0,82.18,154,2392,67567
Guru Nanak Healthcare - Ludhiana,Ludhiana,Patiala,Pulmonology,4.4,68.6,37.5,82.18,155,2393,67704
Shivalik Hospital - Amritsar,Amritsar,Kapurthala,Pulmonology,4.4,68.6,43.75,82.18,156,2394,67841
Shaheed Bhagat Singh Hospital - Nawanshahr,Nawanshahr,Hoshiarpur,Gynecology,4.5,63.9,12.5,82.17,145,2395,67978
Prime Care Healthcare - Sangrur,Sangrur,Rupnagar,Gastroenterology,4.4,68.5,31.25,82.15,174,2396,68115
Sunrise Healthcare - Jalandhar,Jalandhar,Moga,General Medicine,4.4,68.5,31.25,82.15,167,2397,68252
Fortune Medical Centre - Mansa,Mansa,Nawanshahr,General Surgery,4.4,68.5,37.5,82.15,150,2398,68389
Healing Touch Hospital - Faridkot,Faridkot,Mohali,Gynecology,4.4,68.5,37.5,82.15,165,2399,68526
Sunrise Multispeciality Hospital - Patiala,Patiala,Amritsar,Neurology,4.4,68.5,31.25,82.15,165,2400,68663
Maharaja Ranjit Singh Healthcare - Tarn Taran,Tarn Taran,Rajpura,Ophthalmology,4.4,68.5,25.0,82.15,145,2401,68800
Lifeline Hospital - Ferozepur,Ferozepur,Jalandhar,Orthopedics,4.4,68.5,31.25,82.15,151,2402,68937
Maharaja Ranjit Singh Multispeciality Hospital - Muktsar,Muktsar,Patiala,ENT,4.3,73.1,50.0,82.13,186,2403,69074
Healing Touch Multispeciality Hospital - Fatehgarh Sahib,Fatehgarh Sahib,Firozpur,Dermatology,4.4,68.4,25.0,82.12,164,2404,69211
Lifeline Medical Centre - Amritsar,Amritsar,Sangrur,Dermatology,4.4,68.4,25.0,82.12,165,2405,69348
Mata Kaushalya Multispeciality Hospital - Moga,Moga,Firozpur,Gastroenterology,4.4,68.4,31.25,82.12,175,2406,69485
Guru Nanak Hospital - Malerkotla,Malerkotla,Ludhiana,General Surgery,4.4,68.4,31.25,82.12,151,2407,69622
Shivalik Medical Centre - Gurdaspur,Gurdaspur,Rajpura,Pulmonology,4.4,68.4,37.5,82.12,157,2408,69759
Punjab Multispeciality Hospital - Mansa,Mansa,Rajpura,Urology,4.4,68.4,37.5,82.12,161,2409,69896
Punjab Hospital - Bathinda,Bathinda,Jalandhar,General Surgery,4.3,73.0,37.5,82.1,172,2410,70033
Lifeline Multispeciality Hospital - Faridkot,Faridkot,Gurdaspur,Cardiology,4.4,68.3,37.5,82.09,171,2411,70170
Punjab Healthcare - Jalandhar,Jalandhar,Phagwara,Dermatology,4.4,68.3,37.5,82.09,166,2412,70307
Healing Touch Healthcare - Ferozepur,Ferozepur,Ludhiana,ENT,4.4,68.3,25.0,82.09,165,2413,70444
Healing Touch Hospital - Mansa,Mansa,Sangrur,ENT,4.4,68.3,31.25,82.09,166,2414,70581
Punjab Multispeciality Hospital - Rupnagar,Rupnagar,Amritsar,Gynecology,4.4,68.3,31.25,82.09,166,2415,70718
Medicare Multispeciality Hospital - Patiala,Patiala,Barnala,Neurology,4.4,68.3,31.25,82.09,166,2416,70855
Healing Touch Medical Centre - Ferozepur,Ferozepur,Bathinda,Oncology,4.4,68.3,37.5,82.09,142,2417,70992
Punjab Medical Centre - Nawanshahr,Nawanshahr,Phagwara,Oncology,4.4,68.3,37.5,82.09,141,2418,71129
Shaheed Bhagat Singh Medical Centre - Moga,Moga,Malerkotla,Oncology,4.4,68.3,37.5,82.09,140,2419,71266
Mata Kaushalya Medical Centre - Moga,Moga,Patiala,Orthopedics,4.4,68.3,25.0,82.09,152,2420,71403
Shivalik Hospital - Faridkot,Faridkot,Barnala,Orthopedics,4.4,68.3,25.0,82.09,153,2421,71540
City Care Multispeciality Hospital - SAS Nagar,SAS Nagar,Kapurthala,Pediatrics,4.4,68.3,31.25,82.09,157,2422,71677
Healing Touch Medical Centre - Faridkot,Faridkot,Kapurthala,Pediatrics,4.4,68.3,37.5,82.09,156,2423,71814
Mata Kaushalya Medical Centre - Pathankot,Pathankot,Malerkotla,Pediatrics,4.4,68.3,31.25,82.09,155,2424,71951
Punjab Multispeciality Hospital - Kapurthala,Kapurthala,Kapurthala,Pulmonology,4.4,68.3,31.25,82.09,159,2425,72088
Shivalik Medical Centre - Amritsar,Amritsar,Moga,Pulmonology,4.4,68.3,31.25,82.09,160,2426,72225
Sunrise Medical Centre - Faridkot,Faridkot,Pathankot,Pulmonology,4.4,68.3,37.5,82.09,158,2427,72362
Sewa Medical Centre - Moga,Moga,Rajpura,General Surgery,4.5,63.6,18.75,82.08,136,2428,72499
Healing Touch Hospital - Nawanshahr,Nawanshahr,Malerkotla,Nephrology,4.5,63.6,18.75,82.08,162,2429,72636
Sewa Healthcare - Muktsar,Muktsar,Ludhiana,General Medicine,4.4,68.2,31.25,82.06,168,2430,72773
Lifeline Medical Centre - Muktsar,Muktsar,Malerkotla,ENT,4.4,68.1,31.25,82.03,167,2431,72910
Mata Kaushalya Hospital - Ferozepur,Ferozepur,Firozpur,Gastroenterology,4.4,68.1,37.5,82.03,176,2432,73047
Sewa Hospital - Moga,Moga,Rupnagar,General Medicine,4.4,68.1,31.25,82.03,169,2433,73184
Shivalik Medical Centre - Rupnagar,Rupnagar,Patiala,General Medicine,4.4,68.1,31.25,82.03,170,2434,73321
Prime Care Multispeciality Hospital - Moga,Moga,Kapurthala,Ophthalmology,4.4,68.1,31.25,82.03,146,2435,73458
Punjab Multispeciality Hospital - Amritsar,Amritsar,Firozpur,Orthopedics,4.4,68.1,37.5,82.03,154,2436,73595
Sunrise Healthcare - Barnala,Barnala,Rupnagar,Gastroenterology,4.4,68.0,25.0,82.0,177,2437,73732
Punjab Medical Centre - Bathinda,Bathinda,Kapurthala,General Medicine,4.4,68.0,37.5,82.0,171,2438,73869
Shivalik Healthcare - Ferozepur,Ferozepur,Khanna,Nephrology,4.4,68.0,31.25,82.0,185,2439,74006
Shivalik Hospital - SAS Nagar,SAS Nagar,Sangrur,Ophthalmology,4.4,68.0,31.25,82.0,147,2440,74143
Guru Nanak Healthcare - Patiala,Patiala,Amritsar,Pulmonology,4.4,68.0,31.25,82.0,161,2441,74280
Sunrise Hospital - Malerkotla,Malerkotla,Gurdaspur,Pulmonology,4.4,68.0,25.0,82.0,162,2442,74417
Shivalik Hospital - Patiala,Patiala,Phagwara,ENT,4.4,67.9,31.25,81.97,168,2443,74554
Maharaja Ranjit Singh Hospital - Tarn Taran,Tarn Taran,Sangrur,Neurology,4.4,67.9,31.25,81.97,167,2444,74691
Medicare Multispeciality Hospital - Jalandhar,Jalandhar,Barnala,Oncology,4.4,67.9,31.25,81.97,143,2445,74828
Fortune Multispeciality Hospital - Jalandhar,Jalandhar,Gurdaspur,Nephrology,4.5,63.2,12.5,81.96,163,2446,74965
Prime Care Healthcare - Rupnagar,Rupnagar,Malerkotla,General Surgery,4.3,72.5,50.0,81.95,173,2447,75102
City Care Multispeciality Hospital - Faridkot,Faridkot,Gurdaspur,Gastroenterology,4.4,67.8,25.0,81.94,178,2448,75239
Lifeline Healthcare - Fazilka,Fazilka,Barnala,Neurology,4.4,67.8,31.25,81.94,168,2449,75376
Punjab Medical Centre - Ludhiana,Ludhiana,Abohar,Ophthalmology,4.4,67.8,31.25,81.94,148,2450,75513
Lifeline Hospital - Amritsar,Amritsar,Patiala,Orthopedics,4.4,67.8,31.25,81.94,155,2451,75650
City Care Healthcare - Fatehgarh Sahib,Fatehgarh Sahib,Phagwara,Pulmonology,4.4,67.8,37.5,81.94,163,2452,75787
Guru Nanak Medical Centre - Nawanshahr,Nawanshahr,Mansa,Urology,4.4,67.8,37.5,81.94,162,2453,75924
Shivalik Hospital - Malerkotla,Malerkotla,Pathankot,Cardiology,4.4,67.7,31.25,81.91,172,2454,76061
Fortune Hospital - Fatehgarh Sahib,Fatehgarh Sahib,Muktsar,ENT,4.4,67.7,37.5,81.91,169,2455,76198
Fortune Medical Centre - Mansa,Mansa,Bathinda,Gastroenterology,4.4,67.7,37.5,81.91,179,2456,76335
Sewa Hospital - Patiala,Patiala,Malerkotla,Gastroenterology,4.4,67.7,31.25,81.91,180,2457,76472
Sewa Medical Centre - Tarn Taran,Tarn Taran,Malerkotla,Nephrology,4.4,67.7,31.25,81.91,186,2458,76609
Lifeline Medical Centre - Patiala,Patiala,Rajpura,Orthopedics,4.4,67.7,37.5,81.91,156,2459,76746
Sunrise Multispeciality Hospital - Malerkotla,Malerkotla,Bathinda,Cardiology,4.3,72.3,43.75,81.89,190,2460,76883
Mata Kaushalya Healthcare - Fatehgarh Sahib,Fatehgarh Sahib,Muktsar,ENT,4.4,67.6,31.25,81.88,170,2461,77020
Healing Touch Multispeciality Hospital - Mansa,Mansa,Khanna,General Medicine,4.4,67.6,31.25,81.88,172,2462,77157
Sewa Healthcare - Pathankot,Pathankot,Amritsar,Oncology,4.4,67.6,37.5,81.88,144,2463,77294
Prime Care Medical Centre - Jalandhar,Jalandhar,Rajpura,Ophthalmology,4.4,67.6,31.25,81.88,149,2464,77431
City Care Medical Centre - Pathankot,Pathankot,Rajpura,Orthopedics,4.4,67.6,25.0,81.88,157,2465,77568
Punjab Healthcare - Malerkotla,Malerkotla,Phagwara,Pediatrics,4.4,67.6,31.25,81.88,158,2466,77705
Lifeline Hospital - Amritsar,Amritsar,Rupnagar,Urology,4.4,67.6,31.25,81.88,163,2467,77842
Prime Care Healthcare - Pathankot,Pathankot,Gurdaspur,Nephrology,4.5,62.9,12.5,81.87,164,2468,77979
Punjab Hospital - Malerkotla,Malerkotla,Phagwara,Cardiology,4.3,72.2,43.75,81.86,191,2469,78116
Sewa Multispeciality Hospital - Faridkot,Faridkot,Bathinda,Cardiology,4.4,67.5,25.0,81.85,173,2470,78253
Medicare Healthcare - Malerkotla,Malerkotla,Ludhiana,Gastroenterology,4.4,67.5,31.25,81.85,181,2471,78390
Shivalik Multispeciality Hospital - SAS Nagar,SAS Nagar,Patiala,General Surgery,4.4,67.5,37.5,81.85,152,2472,78527
Shivalik Medical Centre - Ferozepur,Ferozepur,Nawanshahr,Gynecology,4.4,67.5,25.0,81.85,168,2473,78664
Sunrise Hospital - Malerkotla,Malerkotla,Ludhiana,Gynecology,4.4,67.5,37.5,81.85,167,2474,78801
Guru Nanak Multispeciality Hospital - Mansa,Mansa,Kapurthala,Nephrology,4.4,67.5,31.25,81.85,187,2475,78938
Apex Hospital - Muktsar,Muktsar,Bathinda,Pulmonology,4.4,67.5,31.25,81.85,164,2476,79075
Sunrise Multispeciality Hospital - Nawanshahr,Nawanshahr,Khanna,Urology,4.4,67.5,37.5,81.85,164,2477,79212
Healing Touch Medical Centre - Hoshiarpur,Hoshiarpur,Bathinda,Oncology,4.5,62.8,12.5,81.84,123,2478,79349
Maharaja Ranjit Singh Hospital - Moga,Moga,Rajpura,Oncology,4.5,62.8,12.5,81.84,124,2479,79486
Sewa Multispeciality Hospital - Patiala,Patiala,Malerkotla,Oncology,4.3,72.1,43.75,81.83,153,2480,79623
Shivalik Healthcare - Ferozepur,Ferozepur,Mohali,Ophthalmology,4.3,72.1,43.75,81.83,165,2481,79760
Apex Medical Centre - Bathinda,Bathinda,Barnala,ENT,4.4,67.4,25.0,81.82,171,2482,79897
Guru Nanak Healthcare - SAS Nagar,SAS Nagar,Amritsar,General Medicine,4.4,67.4,31.25,81.82,173,2483,80034
Apex Multispeciality Hospital - Amritsar,Amritsar,Jalandhar,General Surgery,4.4,67.4,37.5,81.82,153,2484,80171
City Care Hospital - Faridkot,Faridkot,Barnala,Ophthalmology,4.4,67.4,37.5,81.82,150,2485,80308
Sewa Medical Centre - Moga,Moga,Phagwara,Pediatrics,4.3,72.0,37.5,81.8,172,2486,80445
Punjab Multispeciality Hospital - Fazilka,Fazilka,Firozpur,Pulmonology,4.3,72.0,37.5,81.8,176,2487,80582
Sunrise Healthcare - Fatehgarh Sahib,Fatehgarh Sahib,Nawanshahr,Dermatology,4.4,67.3,37.5,81.79,167,2488,80719
Shivalik Healthcare - Faridkot,Faridkot,Mansa,ENT,4.4,67.3,18.75,81.79,172,2489,80856
Medicare Medical Centre - Fatehgarh Sahib,Fatehgarh Sahib,Rupnagar,General Surgery,4.4,67.3,37.5,81.79,155,2490,80993
Sewa Medical Centre - Ferozepur,Ferozepur,Abohar,General Surgery,4.4,67.3,31.25,81.79,154,2491,81130
Guru Nanak Hospital - Mansa,Mansa,Mohali,Gynecology,4.4,67.3,31.25,81.79,169,2492,81267
Prime Care Hospital - Faridkot,Faridkot,Pathankot,Nephrology,4.4,67.3,25.0,81.79,189,2493,81404
Shaheed Bhagat Singh Medical Centre - Nawanshahr,Nawanshahr,Barnala,Nephrology,4.4,67.3,25.0,81.79,188,2494,81541
Guru Nanak Multispeciality Hospital - Fatehgarh Sahib,Fatehgarh Sahib,Muktsar,Oncology,4.4,67.3,37.5,81.79,145,2495,81678
City Care Hospital - Amritsar,Amritsar,Kapurthala,Urology,4.4,67.3,37.5,81.79,165,2496,81815
Punjab Hospital - Muktsar,Muktsar,Rajpura,Cardiology,4.3,71.9,37.5,81.77,192,2497,81952
Maharaja Ranjit Singh Medical Centre - Kapurthala,Kapurthala,Rajpura,General Medicine,4.4,67.2,25.0,81.76,174,2498,82089
Shaheed Bhagat Singh Healthcare - Pathankot,Pathankot,Nawanshahr,Gynecology,4.4,67.2,37.5,81.76,170,2499,82226
Apex Multispeciality Hospital - Fazilka,Fazilka,Nawanshahr,Oncology,4.4,67.2,37.5,81.76,146,2500,82363
Sunrise Healthcare - Pathankot,Pathankot,Sangrur,Orthopedics,4.4,67.2,31.25,81.76,158,2501,82500
Guru Nanak Hospital - Ferozepur,Ferozepur,Rajpura,Pulmonology,4.4,67.2,31.25,81.76,165,2502,82637
Shivalik Multispeciality Hospital - Ludhiana,Ludhiana,Rajpura,Urology,4.4,67.2,31.25,81.76,166,2503,82774
Apex Multispeciality Hospital - Sangrur,Sangrur,Gurdaspur,ENT,4.3,71.8,50.0,81.74,187,2504,82911
Shaheed Bhagat Singh Hospital - Mansa,Mansa,Khanna,Dermatology,4.4,67.1,25.0,81.73,168,2505,83048
Guru Nanak Multispeciality Hospital - Mansa,Mansa,Rajpura,ENT,4.4,67.1,37.5,81.73,173,2506,83185
Lifeline Hospital - Amritsar,Amritsar,Nawanshahr,Gastroenterology,4.4,67.1,31.25,81.73,182,2507,83322
Guru Nanak Medical Centre - Nawanshahr,Nawanshahr,Jalandhar,Gynecology,4.4,67.1,25.0,81.73,171,2508,83459
Shaheed Bhagat Singh Hospital - Kapurthala,Kapurthala,Moga,Neurology,4.4,67.1,37.5,81.73,169,2509,83596
Sunrise Healthcare - Gurdaspur,Gurdaspur,Ludhiana,Orthopedics,4.4,67.1,25.0,81.73,159,2510,83733
Shivalik Multispeciality Hospital - Gurdaspur,Gurdaspur,Khanna,Pediatrics,4.4,67.1,25.0,81.73,159,2511,83870
Shivalik Multispeciality Hospital - Amritsar,Amritsar,Firozpur,Pulmonology,4.4,67.1,37.5,81.73,166,2512,84007
Shivalik Healthcare - Pathankot,Pathankot,Khanna,Gynecology,4.3,71.7,43.75,81.71,187,2513,84144
Prime Care Medical Centre - Amritsar,Amritsar,Pathankot,Cardiology,4.4,67.0,31.25,81.7,174,2514,84281
Fortune Hospital - Faridkot,Faridkot,Rupnagar,ENT,4.4,67.0,31.25,81.7,175,2515,84418
Shaheed Bhagat Singh Healthcare - Jalandhar,Jalandhar,Hoshiarpur,ENT,4.4,67.0,31.25,81.7,174,2516,84555
Mata Kaushalya Medical Centre - Pathankot,Pathankot,Jalandhar,Gastroenterology,4.4,67.0,31.25,81.7,183,2517,84692
Lifeline Healthcare - Ferozepur,Ferozepur,Malerkotla,General Surgery,4.4,67.0,31.25,81.7,156,2518,84829
Medicare Multispeciality Hospital - Gurdaspur,Gurdaspur,Mohali,Nephrology,4.4,67.0,25.0,81.7,191,2519,84966
Shaheed Bhagat Singh Hospital - Jalandhar,Jalandhar,Mansa,Nephrology,4.4,67.0,25.0,81.7,190,2520,85103
Sewa Medical Centre - Amritsar,Amritsar,Kapurthala,Ophthalmology,4.4,67.0,37.5,81.7,151,2521,85240
City Care Hospital - Sangrur,Sangrur,Barnala,Pediatrics,4.4,67.0,18.75,81.7,160,2522,85377
Apex Hospital - Sangrur,Sangrur,Khanna,Cardiology,4.4,66.9,31.25,81.67,175,2523,85514
Maharaja Ranjit Singh Hospital - Moga,Moga,Firozpur,General Medicine,4.4,66.9,31.25,81.67,175,2524,85651
Prime Care Hospital - Ferozepur,Ferozepur,Rajpura,General Surgery,4.4,66.9,31.25,81.67,157,2525,85788
Prime Care Hospital - Jalandhar,Jalandhar,Sangrur,Urology,4.4,66.9,18.75,81.67,167,2526,85925
Punjab Hospital - Nawanshahr,Nawanshahr,Rajpura,Orthopedics,4.5,62.2,12.5,81.66,138,2527,86062
Apex Medical Centre - Gurdaspur,Gurdaspur,Rupnagar,Ophthalmology,4.3,71.5,43.75,81.65,166,2528,86199
Sewa Healthcare - Nawanshahr,Nawanshahr,Ludhiana,Orthopedics,4.3,71.5,37.5,81.65,169,2529,86336
City Care Medical Centre - Sangrur,Sangrur,Mansa,Dermatology,4.4,66.8,31.25,81.64,169,2530,86473
Maharaja Ranjit Singh Medical Centre - Moga,Moga,Mansa,Gastroenterology,4.4,66.8,31.25,81.64,184,2531,86610
Healing Touch Hospital - Malerkotla,Malerkotla,Khanna,General Medicine,4.4,66.8,31.25,81.64,176,2532,86747
Medicare Hospital - Fazilka,Fazilka,Bathinda,General Surgery,4.4,66.8,25.0,81.64,158,2533,86884
Prime Care Healthcare - Kapurthala,Kapurthala,Phagwara,Gynecology,4.4,66.8,25.0,81.64,172,2534,87021
Medicare Healthcare - Muktsar,Muktsar,Malerkotla,Ophthalmology,4.4,66.8,31.25,81.64,152,2535,87158
Apex Medical Centre - Nawanshahr,Nawanshahr,Khanna,Orthopedics,4.4,66.8,25.0,81.64,160,2536,87295
Mata Kaushalya Multispeciality Hospital - Jalandhar,Jalandhar,Hoshiarpur,Orthopedics,4.4,66.8,25.0,81.64,161,2537,87432
Sewa Multispeciality Hospital - Malerkotla,Malerkotla,Ludhiana,ENT,4.4,66.7,31.25,81.61,176,2538,87569
Punjab Multispeciality Hospital - Amritsar,Amritsar,Bathinda,Gynecology,4.4,66.7,25.0,81.61,173,2539,87706
Shaheed Bhagat Singh Medical Centre - Fatehgarh Sahib,Fatehgarh Sahib,Kapurthala,Gynecology,4.4,66.7,31.25,81.61,174,2540,87843
City Care Medical Centre - Amritsar,Amritsar,Ludhiana,Ophthalmology,4.4,66.7,25.0,81.61,153,2541,87980
Shivalik Hospital - Gurdaspur,Gurdaspur,Abohar,Pulmonology,4.4,66.7,31.25,81.61,167,2542,88117
City Care Medical Centre - Ferozepur,Ferozepur,Abohar,Gynecology,4.5,62.0,12.5,81.6,146,2543,88254
Healing Touch Hospital - Fatehgarh Sahib,Fatehgarh Sahib,Nawanshahr,Gastroenterology,4.3,71.3,43.75,81.59,196,2544,88391
Punjab Hospital - Ludhiana,Ludhiana,Patiala,General Surgery,4.3,71.3,37.5,81.59,174,2545,88528
City Care Multispeciality Hospital - Pathankot,Pathankot,Barnala,Nephrology,4.4,66.6,18.75,81.58,192,2546,88665
Punjab Multispeciality Hospital - Fazilka,Fazilka,Moga,Pediatrics,4.4,66.6,18.75,81.58,161,2547,88802
Medicare Hospital - Rupnagar,Rupnagar,Muktsar,Urology,4.4,66.6,25.0,81.58,169,2548,88939
Shaheed Bhagat Singh Hospital - Rupnagar,Rupnagar,Malerkotla,Urology,4.4,66.6,31.25,81.58,168,2549,89076
Lifeline Medical Centre - Malerkotla,Malerkotla,Malerkotla,Nephrology,4.3,71.2,43.75,81.56,206,2550,89213
Shaheed Bhagat Singh Healthcare - Muktsar,Muktsar,Hoshiarpur,ENT,4.4,66.5,31.25,81.55,177,2551,89350
Healing Touch Healthcare - Faridkot,Faridkot,Gurdaspur,General Surgery,4.4,66.5,31.25,81.55,162,2552,89487
Lifeline Healthcare - Barnala,Barnala,Gurdaspur,General Surgery,4.4,66.5,31.25,81.55,161,2553,89624
Maharaja Ranjit Singh Hospital - Barnala,Barnala,Jalandhar,General Surgery,4.4,66.5,31.25,81.55,160,2554,89761
Medicare Medical Centre - Muktsar,Muktsar,Barnala,General Surgery,4.4,66.5,31.25,81.55,159,2555,89898
Shaheed Bhagat Singh Hospital - Rupnagar,Rupnagar,Pathankot,Nephrology,4.4,66.5,25.0,81.55,193,2556,90035
Punjab Multispeciality Hospital - Muktsar,Muktsar,Ludhiana,Ophthalmology,4.4,66.5,31.25,81.55,154,2557,90172
Sewa Medical Centre - Hoshiarpur,Hoshiarpur,Mohali,Gastroenterology,4.3,71.1,37.5,81.53,197,2558,90309
Apex Multispeciality Hospital - Barnala,Barnala,Sangrur,General Surgery,4.3,71.1,37.5,81.53,175,2559,90446
Sewa Multispeciality Hospital - Mansa,Mansa,Gurdaspur,Oncology,4.3,71.1,43.75,81.53,154,2560,90583
Prime Care Healthcare - Hoshiarpur,Hoshiarpur,Rupnagar,Pediatrics,4.3,71.1,31.25,81.53,173,2561,90720
Fortune Multispeciality Hospital - Bathinda,Bathinda,Amritsar,Cardiology,4.4,66.4,25.0,81.52,177,2562,90857
Prime Care Multispeciality Hospital - Bathinda,Bathinda,Mohali,Cardiology,4.4,66.4,18.75,81.52,176,2563,90994
Prime Care Multispeciality Hospital - Sangrur,Sangrur,Muktsar,ENT,4.4,66.4,31.25,81.52,178,2564,91131
Prime Care Multispeciality Hospital - Bathinda,Bathinda,Abohar,General Surgery,4.4,66.4,31.25,81.52,163,2565,91268
Guru Nanak Medical Centre - Fazilka,Fazilka,Hoshiarpur,Nephrology,4.4,66.4,31.25,81.52,194,2566,91405
Prime Care Multispeciality Hospital - Hoshiarpur,Hoshiarpur,Sangrur,Pediatrics,4.4,66.4,25.0,81.52,162,2567,91542
Lifeline Hospital - Ferozepur,Ferozepur,Rajpura,Pulmonology,4.4,66.4,31.25,81.52,168,2568,91679
Guru Nanak Medical Centre - Muktsar,Muktsar,Patiala,Dermatology,4.3,71.0,50.0,81.5,179,2569,91816
Lifeline Healthcare - Nawanshahr,Nawanshahr,Khanna,Nephrology,4.3,71.0,43.75,81.5,207,2570,91953
City Care Medical Centre - Ferozepur,Ferozepur,Gurdaspur,Oncology,4.3,71.0,37.5,81.5,155,2571,92090
City Care Medical Centre - Nawanshahr,Nawanshahr,Kapurthala,Ophthalmology,4.3,71.0,31.25,81.5,167,2572,92227
Sunrise Medical Centre - Nawanshahr,Nawanshahr,Bathinda,Cardiology,4.4,66.3,25.0,81.49,178,2573,92364
Apex Multispeciality Hospital - Fazilka,Fazilka,Firozpur,ENT,4.4,66.3,12.5,81.49,179,2574,92501
Maharaja Ranjit Singh Healthcare - Fatehgarh Sahib,Fatehgarh Sahib,Pathankot,General Medicine,4.4,66.3,25.0,81.49,177,2575,92638
Guru Nanak Multispeciality Hospital - Pathankot,Pathankot,Muktsar,General Surgery,4.4,66.3,31.25,81.49,164,2576,92775
Punjab Healthcare - Pathankot,Pathankot,Sangrur,Pediatrics,4.4,66.3,31.25,81.49,163,2577,92912
City Care Hospital - Patiala,Patiala,Patiala,Oncology,4.3,70.9,37.5,81.47,156,2578,93049
Mata Kaushalya Healthcare - Hoshiarpur,Hoshiarpur,Ludhiana,Ophthalmology,4.3,70.9,50.0,81.47,168,2579,93186
Lifeline Healthcare - Pathankot,Pathankot,Ludhiana,Gastroenterology,4.4,66.2,25.0,81.46,185,2580,93323
City Care Multispeciality Hospital - Muktsar,Muktsar,Amritsar,Gynecology,4.4,66.2,25.0,81.46,175,2581,93460
Mata Kaushalya Hospital - Malerkotla,Malerkotla,Moga,Nephrology,4.4,66.2,31.25,81.46,195,2582,93597
Mata Kaushalya Medical Centre - Muktsar,Muktsar,Phagwara,Oncology,4.4,66.2,25.0,81.46,147,2583,93734
Healing Touch Multispeciality Hospital - Mansa,Mansa,Muktsar,Pediatrics,4.4,66.2,31.25,81.46,164,2584,93871
Mata Kaushalya Medical Centre - Kapurthala,Kapurthala,Sangrur,Gastroenterology,4.4,66.1,31.25,81.43,186,2585,94008
Shivalik Healthcare - Fatehgarh Sahib,Fatehgarh Sahib,Abohar,Gastroenterology,4.4,66.1,31.25,81.43,187,2586,94145
Lifeline Healthcare - Muktsar,Muktsar,Sangrur,General Surgery,4.4,66.1,25.0,81.43,165,2587,94282
Punjab Medical Centre - Fatehgarh Sahib,Fatehgarh Sahib,Sangrur,Nephrology,4.4,66.1,31.25,81.43,196,2588,94419
Lifeline Multispeciality Hospital - Bathinda,Bathinda,Patiala,Pediatrics,4.4,66.1,31.25,81.43,165,2589,94556
Shaheed Bhagat Singh Hospital - Rupnagar,Rupnagar,Ludhiana,ENT,4.4,66.0,25.0,81.4,180,2590,94693
Medicare Multispeciality Hospital - Kapurthala,Kapurthala,Kapurthala,General Medicine,4.4,66.0,31.25,81.4,178,2591,94830
Lifeline Hospital - Ferozepur,Ferozepur,Rupnagar,Gynecology,4.4,66.0,31.25,81.4,176,2592,94967
Maharaja Ranjit Singh Healthcare - Jalandhar,Jalandhar,Mansa,Dermatology,4.3,70.6,43.75,81.38,181,2593,95104
Shivalik Medical Centre - Amritsar,Amritsar,Jalandhar,Dermatology,4.3,70.6,43.75,81.38,180,2594,95241
Mata Kaushalya Hospital - Faridkot,Faridkot,Jalandhar,Orthopedics,4.3,70.6,43.75,81.38,170,2595,95378
Sewa Multispeciality Hospital - Mansa,Mansa,Patiala,Cardiology,4.4,65.9,31.25,81.37,179,2596,95515
Punjab Multispeciality Hospital - Ferozepur,Ferozepur,Patiala,Dermatology,4.4,65.9,31.25,81.37,170,2597,95652
Shivalik Multispeciality Hospital - Pathankot,Pathankot,Rajpura,Gastroenterology,4.4,65.9,25.0,81.37,188,2598,95789
Sunrise Medical Centre - Muktsar,Muktsar,Gurdaspur,General Medicine,4.4,65.9,31.25,81.37,179,2599,95926
Shaheed Bhagat Singh Hospital - Mansa,Mansa,Pathankot,General Surgery,4.4,65.9,31.25,81.37,166,2600,96063
Sunrise Healthcare - Patiala,Patiala,Firozpur,General Surgery,4.4,65.9,31.25,81.37,167,2601,96200
Prime Care Multispeciality Hospital - Rupnagar,Rupnagar,Rupnagar,Gynecology,4.4,65.9,31.25,81.37,177,2602,96337
Shivalik Medical Centre - Barnala,Barnala,Firozpur,Neurology,4.4,65.9,25.0,81.37,170,2603,96474
Fortune Medical Centre - Patiala,Patiala,Abohar,Oncology,4.4,65.9,25.0,81.37,148,2604,96611
City Care Healthcare - Sangrur,Sangrur,Sangrur,Ophthalmology,4.4,65.9,18.75,81.37,155,2605,96748
Lifeline Healthcare - Ludhiana,Ludhiana,Pathankot,Ophthalmology,4.4,65.9,31.25,81.37,157,2606,96885
Sunrise Medical Centre - Fazilka,Fazilka,Mansa,Ophthalmology,4.4,65.9,31.25,81.37,156,2607,97022
Sewa Multispeciality Hospital - Tarn Taran,Tarn Taran,Sangrur,Urology,4.4,65.9,31.25,81.37,170,2608,97159
Mata Kaushalya Healthcare - Barnala,Barnala,Malerkotla,Gynecology,4.3,70.5,31.25,81.35,188,2609,97296
Shaheed Bhagat Singh Healthcare - Rupnagar,Rupnagar,Phagwara,Gastroenterology,4.4,65.8,25.0,81.34,189,2610,97433
Shivalik Medical Centre - Gurdaspur,Gurdaspur,Phagwara,General Medicine,4.4,65.8,31.25,81.34,180,2611,97570
Shivalik Medical Centre - Jalandhar,Jalandhar,Jalandhar,General Medicine,4.4,65.8,31.25,81.34,181,2612,97707
Sewa Multispeciality Hospital - Moga,Moga,Ludhiana,Ophthalmology,4.4,65.8,25.0,81.34,158,2613,97844
Shivalik Healthcare - Kapurthala,Kapurthala,Abohar,General Medicine,4.3,70.4,37.5,81.32,187,2614,97981
City Care Multispeciality Hospital - Tarn Taran,Tarn Taran,Phagwara,Orthopedics,4.3,70.4,31.25,81.32,171,2615,98118
Sunrise Multispeciality Hospital - Fazilka,Fazilka,Gurdaspur,Dermatology,4.4,65.7,25.0,81.31,171,2616,98255
Guru Nanak Hospital - SAS Nagar,SAS Nagar,Barnala,Gynecology,4.4,65.7,31.25,81.31,178,2617,98392
Guru Nanak Hospital - Gurdaspur,Gurdaspur,Patiala,Nephrology,4.4,65.7,25.0,81.31,197,2618,98529
Shaheed Bhagat Singh Healthcare - Rupnagar,Rupnagar,Rajpura,Urology,4.4,65.7,25.0,81.31,171,2619,98666
Guru Nanak Multispeciality Hospital - Pathankot,Pathankot,Moga,Orthopedics,4.3,70.3,50.0,81.29,172,2620,98803
Sewa Medical Centre - Bathinda,Bathinda,Bathinda,Dermatology,4.4,65.6,31.25,81.28,172,2621,98940
Healing Touch Multispeciality Hospital - Gurdaspur,Gurdaspur,Sangrur,Pulmonology,4.4,65.6,12.5,81.28,170,2622,99077
Sunrise Healthcare - Faridkot,Faridkot,Pathankot,Pulmonology,4.4,65.6,31.25,81.28,169,2623,99214
City Care Medical Centre - Nawanshahr,Nawanshahr,Khanna,Gynecology,4.3,70.2,37.5,81.26,189,2624,99351
Punjab Medical Centre - Gurdaspur,Gurdaspur,Hoshiarpur,Nephrology,4.3,70.2,43.75,81.26,208,2625,99488
Fortune Medical Centre - Fazilka,Fazilka,Moga,Dermatology,4.4,65.5,31.25,81.25,173,2626,99625
Healing Touch Hospital - Ferozepur,Ferozepur,Ludhiana,General Medicine,4.4,65.5,18.75,81.25,182,2627,99762
Guru Nanak Medical Centre - SAS Nagar,SAS Nagar,Jalandhar,General Surgery,4.4,65.5,25.0,81.25,168,2628,99899
City Care Hospital - Gurdaspur,Gurdaspur,Pathankot,Gynecology,4.4,65.5,25.0,81.25,179,2629,10036
Maharaja Ranjit Singh Multispeciality Hospital - Amritsar,Amritsar,Muktsar,Gynecology,4.4,65.5,25.0,81.25,180,2630,10173
Shaheed Bhagat Singh Hospital - Barnala,Barnala,Kapurthala,Ophthalmology,4.4,65.5,25.0,81.25,159,2631,10310
Sunrise Healthcare - Barnala,Barnala,Phagwara,Orthopedics,4.4,65.5,25.0,81.25,162,2632,10447
City Care Hospital - Gurdaspur,Gurdaspur,Ludhiana,Pulmonology,4.4,65.5,25.0,81.25,171,2633,10584
Punjab Medical Centre - Barnala,Barnala,Ludhiana,Urology,4.4,65.5,31.25,81.25,172,2634,10721
Sunrise Medical Centre - Ludhiana,Ludhiana,Rajpura,Cardiology,4.3,70.1,37.5,81.23,193,2635,10858
Maharaja Ranjit Singh Multispeciality Hospital - Muktsar,Muktsar,Amritsar,General Surgery,4.3,70.1,31.25,81.23,176,2636,10995
Mata Kaushalya Multispeciality Hospital - Tarn Taran,Tarn Taran,Amritsar,Gynecology,4.3,70.1,37.5,81.23,190,2637,11132
Lifeline Medical Centre - Ludhiana,Ludhiana,Moga,Ophthalmology,4.3,70.1,31.25,81.23,169,2638,11269
Punjab Healthcare - Sangrur,Sangrur,Hoshiarpur,Dermatology,4.4,65.4,25.0,81.22,174,2639,11406
Shaheed Bhagat Singh Hospital - Moga,Moga,Rupnagar,Gastroenterology,4.4,65.4,25.0,81.22,190,2640,11543
Fortune Hospital - Tarn Taran,Tarn Taran,Sangrur,General Surgery,4.4,65.4,25.0,81.22,169,2641,11680
Healing Touch Healthcare - Kapurthala,Kapurthala,Firozpur,Oncology,4.4,65.4,25.0,81.22,149,2642,11817
Sunrise Healthcare - Amritsar,Amritsar,Ludhiana,Oncology,4.4,65.4,25.0,81.22,150,2643,11954
Medicare Multispeciality Hospital - Fazilka,Fazilka,Amritsar,Pediatrics,4.4,65.4,25.0,81.22,166,2644,12091
Apex Medical Centre - Pathankot,Pathankot,Nawanshahr,ENT,4.3,70.0,37.5,81.2,188,2645,12228
Lifeline Healthcare - Jalandhar,Jalandhar,Abohar,Gastroenterology,4.3,70.0,43.75,81.2,198,2646,12365
Maharaja Ranjit Singh Medical Centre - Ferozepur,Ferozepur,Rajpura,Cardiology,4.4,65.3,25.0,81.19,180,2647,12502
Shivalik Multispeciality Hospital - Muktsar,Muktsar,Sangrur,Cardiology,4.4,65.3,18.75,81.19,181,2648,12639
Sewa Multispeciality Hospital - Rupnagar,Rupnagar,Mansa,Gynecology,4.4,65.3,25.0,81.19,181,2649,12776
Lifeline Medical Centre - Barnala,Barnala,Firozpur,Pulmonology,4.4,65.3,25.0,81.19,172,2650,12913
Prime Care Multispeciality Hospital - Ludhiana,Ludhiana,Jalandhar,Urology,4.4,65.3,25.0,81.19,173,2651,13050
Lifeline Healthcare - Ludhiana,Ludhiana,Amritsar,Cardiology,4.3,69.9,37.5,81.17,194,2652,13187
Fortune Hospital - Rupnagar,Rupnagar,Malerkotla,Gastroenterology,4.4,65.2,25.0,81.16,191,2653,13324
Prime Care Medical Centre - Patiala,Patiala,Abohar,Gynecology,4.4,65.2,25.0,81.16,182,2654,13461
Punjab Hospital - Ludhiana,Ludhiana,Mohali,Orthopedics,4.4,65.2,25.0,81.16,163,2655,13598
Shaheed Bhagat Singh Healthcare - Sangrur,Sangrur,Abohar,Orthopedics,4.4,65.2,25.0,81.16,164,2656,13735
Sunrise Medical Centre - Hoshiarpur,Hoshiarpur,Gurdaspur,Gastroenterology,4.3,69.8,25.0,81.14,199,2657,13872
Guru Nanak Hospital - Muktsar,Muktsar,Abohar,General Surgery,4.3,69.8,37.5,81.14,177,2658,14009
Shivalik Medical Centre - Amritsar,Amritsar,Khanna,Gynecology,4.3,69.8,37.5,81.14,191,2659,14146
Shivalik Medical Centre - Sangrur,Sangrur,Amritsar,Cardiology,4.4,65.1,25.0,81.13,182,2660,14283
Sunrise Healthcare - Patiala,Patiala,Firozpur,Nephrology,4.4,65.1,25.0,81.13,198,2661,14420
Sewa Multispeciality Hospital - Muktsar,Muktsar,Abohar,Pulmonology,4.4,65.1,18.75,81.13,173,2662,14557
Healing Touch Healthcare - Rupnagar,Rupnagar,Barnala,Cardiology,4.3,69.7,43.75,81.11,195,2663,14694
Prime Care Hospital - Tarn Taran,Tarn Taran,Pathankot,Cardiology,4.3,69.7,31.25,81.11,196,2664,14831
Sewa Medical Centre - Jalandhar,Jalandhar,Muktsar,Dermatology,4.3,69.7,31.25,81.11,182,2665,14968
Shaheed Bhagat Singh Multispeciality Hospital - Pathankot,Pathankot,Abohar,ENT,4.3,69.7,37.5,81.11,189,2666,15105
Punjab Healthcare - Fazilka,Fazilka,Bathinda,Orthopedics,4.3,69.7,37.5,81.11,173,2667,15242
Sunrise Multispeciality Hospital - Malerkotla,Malerkotla,Barnala,Cardiology,4.4,65.0,25.0,81.1,183,2668,15379
Fortune Multispeciality Hospital - Fatehgarh Sahib,Fatehgarh Sahib,Jalandhar,General Surgery,4.4,65.0,25.0,81.1,170,2669,15516
Lifeline Multispeciality Hospital - Rupnagar,Rupnagar,Ludhiana,Nephrology,4.4,65.0,25.0,81.1,199,2670,15653
Lifeline Hospital - Mansa,Mansa,Mansa,Ophthalmology,4.4,65.0,25.0,81.1,161,2671,15790
Maharaja Ranjit Singh Hospital - Pathankot,Pathankot,Malerkotla,Ophthalmology,4.4,65.0,25.0,81.1,160,2672,15927
Prime Care Hospital - Muktsar,Muktsar,Phagwara,Orthopedics,4.4,65.0,18.75,81.1,165,2673,16064
Prime Care Healthcare - Pathankot,Pathankot,Jalandhar,ENT,4.3,69.6,25.0,81.08,190,2674,16201
Mata Kaushalya Hospital - Nawanshahr,Nawanshahr,Jalandhar,Ophthalmology,4.3,69.6,31.25,81.08,170,2675,16338
Shaheed Bhagat Singh Healthcare - Gurdaspur,Gurdaspur,Nawanshahr,Cardiology,4.4,64.9,18.75,81.07,184,2676,16475
Shivalik Hospital - Fazilka,Fazilka,Ludhiana,Dermatology,4.4,64.9,18.75,81.07,175,2677,16612
Prime Care Healthcare - Ferozepur,Ferozepur,Nawanshahr,Neurology,4.4,64.9,18.75,81.07,171,2678,16749
Lifeline Hospital - Pathankot,Pathankot,Barnala,Urology,4.4,64.9,12.5,81.07,174,2679,16886
Medicare Multispeciality Hospital - Jalandhar,Jalandhar,Malerkotla,Urology,4.4,64.9,25.0,81.07,175,2680,17023
Lifeline Healthcare - Faridkot,Faridkot,Rajpura,Cardiology,4.3,69.5,31.25,81.05,197,2681,17160
Punjab Healthcare - Bathinda,Bathinda,Barnala,General Surgery,4.3,69.5,37.5,81.05,178,2682,17297
Punjab Hospital - Malerkotla,Malerkotla,Mohali,Neurology,4.3,69.5,25.0,81.05,175,2683,17434
Maharaja Ranjit Singh Hospital - Patiala,Patiala,Patiala,Urology,4.3,69.5,37.5,81.05,176,2684,17571
Fortune Multispeciality Hospital - Hoshiarpur,Hoshiarpur,Nawanshahr,Cardiology,4.4,64.8,25.0,81.04,185,2685,17708
City Care Healthcare - Jalandhar,Jalandhar,Bathinda,Dermatology,4.4,64.8,25.0,81.04,178,2686,17845
Guru Nanak Hospital - Malerkotla,Malerkotla,Rajpura,Dermatology,4.4,64.8,25.0,81.04,177,2687,17982
Sewa Medical Centre - Sangrur,Sangrur,Mansa,Dermatology,4.4,64.8,18.75,81.04,176,2688,18119
Lifeline Healthcare - Barnala,Barnala,Malerkotla,Nephrology,4.4,64.8,25.0,81.04,200,2689,18256
Medicare Healthcare - Moga,Moga,Malerkotla,Oncology,4.4,64.8,12.5,81.04,151,2690,18393
Maharaja Ranjit Singh Healthcare - Hoshiarpur,Hoshiarpur,Khanna,Cardiology,4.3,69.4,31.25,81.02,198,2691,18530
Fortune Healthcare - Hoshiarpur,Hoshiarpur,Khanna,General Medicine,4.3,69.4,37.5,81.02,188,2692,18667
Punjab Hospital - Barnala,Barnala,Pathankot,General Surgery,4.3,69.4,37.5,81.02,179,2693,18804
Apex Multispeciality Hospital - Faridkot,Faridkot,Barnala,Gynecology,4.3,69.4,43.75,81.02,192,2694,18941
Apex Hospital - Fatehgarh Sahib,Fatehgarh Sahib,Phagwara,Oncology,4.3,69.4,37.5,81.02,157,2695,19078
Apex Healthcare - Faridkot,Faridkot,Muktsar,Pediatrics,4.3,69.4,37.5,81.02,174,2696,19215
Guru Nanak Healthcare - Jalandhar,Jalandhar,Rajpura,Urology,4.3,69.4,37.5,81.02,177,2697,19352
Apex Medical Centre - Faridkot,Faridkot,Khanna,General Medicine,4.4,64.7,25.0,81.01,183,2698,19489
Punjab Hospital - Ferozepur,Ferozepur,Amritsar,General Medicine,4.4,64.7,25.0,81.01,184,2699,19626
Lifeline Healthcare - Fatehgarh Sahib,Fatehgarh Sahib,Abohar,Nephrology,4.4,64.7,18.75,81.01,201,2700,19763
Shaheed Bhagat Singh Hospital - Ferozepur,Ferozepur,Bathinda,Nephrology,4.4,64.7,18.75,81.01,202,2701,19900
Maharaja Ranjit Singh Hospital - Patiala,Patiala,Ludhiana,Neurology,4.4,64.7,25.0,81.01,172,2702,20037
Prime Care Medical Centre - Ludhiana,Ludhiana,Mohali,ENT,4.3,69.3,31.25,80.99,191,2703,20174
Healing Touch Healthcare - SAS Nagar,SAS Nagar,Gurdaspur,General Medicine,4.3,69.3,37.5,80.99,190,2704,20311
Punjab Hospital - Barnala,Barnala,Moga,General Medicine,4.3,69.3,37.5,80.99,189,2705,20448
Apex Healthcare - Amritsar,Amritsar,Muktsar,General Surgery,4.3,69.3,43.75,80.99,180,2706,20585
Sewa Hospital - Kapurthala,Kapurthala,Bathinda,Gynecology,4.3,69.3,37.5,80.99,193,2707,20722
Shaheed Bhagat Singh Multispeciality Hospital - Gurdaspur,Gurdaspur,Patiala,Gynecology,4.3,69.3,37.5,80.99,194,2708,20859
Punjab Healthcare - Ferozepur,Ferozepur,Nawanshahr,Nephrology,4.3,69.3,43.75,80.99,209,2709,20996
Shaheed Bhagat Singh Medical Centre - Malerkotla,Malerkotla,Phagwara,Nephrology,4.3,69.3,50.0,80.99,210,2710,21133
Guru Nanak Multispeciality Hospital - Patiala,Patiala,Amritsar,Ophthalmology,4.3,69.3,37.5,80.99,171,2711,21270
Shivalik Multispeciality Hospital - Mansa,Mansa,Jalandhar,Pediatrics,4.4,64.6,25.0,80.98,167,2712,21407
Shaheed Bhagat Singh Hospital - Pathankot,Pathankot,Kapurthala,Cardiology,4.3,69.2,50.0,80.96,199,2713,21544
Shivalik Healthcare - Ludhiana,Ludhiana,Rajpura,Gastroenterology,4.3,69.2,43.75,80.96,200,2714,21681
Mata Kaushalya Medical Centre - Moga,Moga,Jalandhar,Gynecology,4.3,69.2,43.75,80.96,195,2715,21818
Punjab Multispeciality Hospital - Sangrur,Sangrur,Pathankot,Gynecology,4.3,69.2,37.5,80.96,196,2716,21955
City Care Multispeciality Hospital - Fatehgarh Sahib,Fatehgarh Sahib,Abohar,Pediatrics,4.3,69.2,37.5,80.96,176,2717,22092
Fortune Hospital - Kapurthala,Kapurthala,Barnala,Pediatrics,4.3,69.2,25.0,80.96,177,2718,22229
Sewa Healthcare - Barnala,Barnala,Sangrur,Pediatrics,4.3,69.2,37.5,80.96,175,2719,22366
Healing Touch Hospital - SAS Nagar,SAS Nagar,Jalandhar,Pulmonology,4.3,69.2,37.5,80.96,177,2720,22503
Guru Nanak Healthcare - Faridkot,Faridkot,Barnala,ENT,4.4,64.5,25.0,80.95,182,2721,22640
Punjab Hospital - Bathinda,Bathinda,Khanna,ENT,4.4,64.5,25.0,80.95,183,2722,22777
Shivalik Hospital - Jalandhar,Jalandhar,Mohali,ENT,4.4,64.5,25.0,80.95,181,2723,22914
Fortune Multispeciality Hospital - Muktsar,Muktsar,Gurdaspur,Gynecology,4.4,64.5,25.0,80.95,183,2724,23051
Prime Care Hospital - Fazilka,Fazilka,Pathankot,Ophthalmology,4.4,64.5,25.0,80.95,162,2725,23188
Healing Touch Hospital - Rupnagar,Rupnagar,Phagwara,Orthopedics,4.4,64.5,25.0,80.95,166,2726,23325
Punjab Healthcare - Malerkotla,Malerkotla,Firozpur,Dermatology,4.3,69.1,37.5,80.93,183,2727,23462
Maharaja Ranjit Singh Healthcare - Gurdaspur,Gurdaspur,Mohali,Nephrology,4.3,69.1,31.25,80.93,211,2728,23599
Maharaja Ranjit Singh Healthcare - Ludhiana,Ludhiana,Jalandhar,Pediatrics,4.3,69.1,37.5,80.93,178,2729,23736
Fortune Hospital - Mansa,Mansa,Jalandhar,Pulmonology,4.3,69.1,25.0,80.93,178,2730,23873
Maharaja Ranjit Singh Medical Centre - Pathankot,Pathankot,Pathankot,Pulmonology,4.3,69.1,50.0,80.93,179,2731,24010
Prime Care Hospital - Bathinda,Bathinda,Ludhiana,Gastroenterology,4.4,64.4,18.75,80.92,192,2732,24147
Shaheed Bhagat Singh Healthcare - Patiala,Patiala,Abohar,Gastroenterology,4.4,64.4,25.0,80.92,193,2733,24284
Mata Kaushalya Healthcare - Patiala,Patiala,Muktsar,Gynecology,4.4,64.4,18.75,80.92,184,2734,24421
Maharaja Ranjit Singh Hospital - Bathinda,Bathinda,Sangrur,Oncology,4.4,64.4,25.0,80.92,152,2735,24558
City Care Hospital - Malerkotla,Malerkotla,Rupnagar,Gynecology,4.3,69.0,43.75,80.9,197,2736,24695
Maharaja Ranjit Singh Multispeciality Hospital - Faridkot,Faridkot,Amritsar,Neurology,4.3,69.0,43.75,80.9,176,2737,24832
Mata Kaushalya Medical Centre - Ferozepur,Ferozepur,Amritsar,Pediatrics,4.4,64.3,18.75,80.89,168,2738,24969
Healing Touch Medical Centre - Fazilka,Fazilka,Muktsar,Cardiology,4.3,68.9,37.5,80.87,200,2739,25106
City Care Hospital - Patiala,Patiala,Jalandhar,Gynecology,4.3,68.9,37.5,80.87,198,2740,25243
Apex Hospital - Sangrur,Sangrur,Bathinda,Neurology,4.3,68.9,31.25,80.87,177,2741,25380
Mata Kaushalya Hospital - Faridkot,Faridkot,Muktsar,Oncology,4.3,68.9,31.25,80.87,158,2742,25517
Prime Care Healthcare - Fatehgarh Sahib,Fatehgarh Sahib,Patiala,Orthopedics,4.3,68.9,37.5,80.87,174,2743,25654
Medicare Medical Centre - Moga,Moga,Kapurthala,Pediatrics,4.3,68.9,31.25,80.87,179,2744,25791
City Care Multispeciality Hospital - Barnala,Barnala,Barnala,Pulmonology,4.3,68.9,37.5,80.87,180,2745,25928
Punjab Healthcare - Jalandhar,Jalandhar,Gurdaspur,Urology,4.3,68.9,37.5,80.87,178,2746,26065
Lifeline Healthcare - Sangrur,Sangrur,Muktsar,General Medicine,4.4,64.2,25.0,80.86,185,2747,26202
Guru Nanak Healthcare - Jalandhar,Jalandhar,Rajpura,Dermatology,4.3,68.8,37.5,80.84,184,2748,26339
Lifeline Hospital - Hoshiarpur,Hoshiarpur,Rupnagar,ENT,4.3,68.8,43.75,80.84,192,2749,26476
Punjab Hospital - Patiala,Patiala,Khanna,General Medicine,4.3,68.8,37.5,80.84,191,2750,26613
Sewa Multispeciality Hospital - Barnala,Barnala,Bathinda,Gynecology,4.3,68.8,43.75,80.84,199,2751,26750
Medicare Hospital - Rupnagar,Rupnagar,Kapurthala,Ophthalmology,4.3,68.8,31.25,80.84,172,2752,26887
Sunrise Multispeciality Hospital - Fazilka,Fazilka,Mansa,Gastroenterology,4.4,64.1,25.0,80.83,194,2753,27024
Healing Touch Healthcare - Bathinda,Bathinda,Sangrur,Pulmonology,4.4,64.1,25.0,80.83,174,2754,27161
Lifeline Multispeciality Hospital - Tarn Taran,Tarn Taran,Amritsar,Cardiology,4.3,68.7,43.75,80.81,201,2755,27298
Apex Healthcare - Hoshiarpur,Hoshiarpur,Pathankot,Dermatology,4.3,68.7,37.5,80.81,185,2756,27435
Healing Touch Hospital - Nawanshahr,Nawanshahr,Amritsar,General Surgery,4.3,68.7,31.25,80.81,181,2757,27572
Fortune Healthcare - Ludhiana,Ludhiana,Hoshiarpur,Gynecology,4.3,68.7,43.75,80.81,200,2758,27709
Shivalik Hospital - Moga,Moga,Barnala,Ophthalmology,4.3,68.7,43.75,80.81,173,2759,27846
Medicare Medical Centre - Rupnagar,Rupnagar,Rupnagar,ENT,4.4,64.0,25.0,80.8,184,2760,27983
Lifeline Multispeciality Hospital - Barnala,Barnala,Ludhiana,Orthopedics,4.4,64.0,25.0,80.8,167,2761,28120
Shivalik Hospital - Mansa,Mansa,Kapurthala,Cardiology,4.3,68.6,37.5,80.78,202,2762,28257
Shivalik Multispeciality Hospital - Pathankot,Pathankot,Malerkotla,Cardiology,4.3,68.6,37.5,80.78,203,2763,28394
Healing Touch Multispeciality Hospital - Muktsar,Muktsar,Bathinda,Dermatology,4.3,68.6,37.5,80.78,186,2764,28531
Healing Touch Medical Centre - Bathinda,Bathinda,Bathinda,Gynecology,4.3,68.6,31.25,80.78,201,2765,28668
Apex Multispeciality Hospital - Fazilka,Fazilka,Bathinda,Orthopedics,4.3,68.6,31.25,80.78,176,2766,28805
Fortune Medical Centre - Rupnagar,Rupnagar,Malerkotla,Orthopedics,4.3,68.6,25.0,80.78,175,2767,28942
Mata Kaushalya Medical Centre - Malerkotla,Malerkotla,Bathinda,Pediatrics,4.3,68.6,31.25,80.78,180,2768,29079
Apex Healthcare - Malerkotla,Malerkotla,Patiala,Pulmonology,4.3,68.6,37.5,80.78,181,2769,29216
Mata Kaushalya Medical Centre - Muktsar,Muktsar,Abohar,Ophthalmology,4.4,63.9,25.0,80.77,163,2770,29353
Mata Kaushalya Multispeciality Hospital - Barnala,Barnala,Abohar,Cardiology,4.3,68.5,37.5,80.75,204,2771,29490
Shivalik Multispeciality Hospital - Muktsar,Muktsar,Abohar,Gastroenterology,4.3,68.5,43.75,80.75,201,2772,29627
Apex Multispeciality Hospital - SAS Nagar,SAS Nagar,Abohar,General Surgery,4.3,68.5,25.0,80.75,183,2773,29764
Mata Kaushalya Medical Centre - Tarn Taran,Tarn Taran,Rupnagar,General Surgery,4.3,68.5,37.5,80.75,182,2774,29901
Medicare Healthcare - Tarn Taran,Tarn Taran,Amritsar,Ophthalmology,4.3,68.5,25.0,80.75,174,2775,30038
Mata Kaushalya Healthcare - Nawanshahr,Nawanshahr,Ludhiana,Orthopedics,4.3,68.5,37.5,80.75,178,2776,30175
Shivalik Hospital - Faridkot,Faridkot,Malerkotla,Orthopedics,4.3,68.5,25.0,80.75,177,2777,30312
Medicare Medical Centre - Barnala,Barnala,Kapurthala,Pulmonology,4.3,68.5,31.25,80.75,182,2778,30449
Shivalik Healthcare - Faridkot,Faridkot,Bathinda,Dermatology,4.3,68.4,25.0,80.72,187,2779,30586
Shivalik Medical Centre - Jalandhar,Jalandhar,Khanna,Dermatology,4.3,68.4,37.5,80.72,188,2780,30723
Shivalik Hospital - Ferozepur,Ferozepur,Abohar,Gynecology,4.3,68.4,43.75,80.72,202,2781,30860
Sunrise Medical Centre - Faridkot,Faridkot,Rajpura,Nephrology,4.3,68.4,43.75,80.72,212,2782,30997
Punjab Hospital - Bathinda,Bathinda,Nawanshahr,Oncology,4.3,68.4,37.5,80.72,159,2783,31134
Sewa Healthcare - Barnala,Barnala,Kapurthala,Ophthalmology,4.3,68.4,37.5,80.72,175,2784,31271
City Care Hospital - Muktsar,Muktsar,Malerkotla,Dermatology,4.3,68.3,43.75,80.69,189,2785,31408
Healing Touch Hospital - Kapurthala,Kapurthala,Firozpur,Gastroenterology,4.3,68.3,37.5,80.69,202,2786,31545
Healing Touch Medical Centre - Nawanshahr,Nawanshahr,Malerkotla,General Medicine,4.3,68.3,31.25,80.69,192,2787,31682
Healing Touch Medical Centre - Pathankot,Pathankot,Sangrur,Gynecology,4.3,68.3,37.5,80.69,203,2788,31819
Apex Healthcare - Fazilka,Fazilka,Pathankot,Ophthalmology,4.3,68.3,37.5,80.69,179,2789,31956
Fortune Healthcare - Ludhiana,Ludhiana,Amritsar,Ophthalmology,4.3,68.3,37.5,80.69,177,2790,32093
Healing Touch Multispeciality Hospital - Jalandhar,Jalandhar,Ludhiana,Ophthalmology,4.3,68.3,31.25,80.69,176,2791,32230
Sewa Multispeciality Hospital - Ludhiana,Ludhiana,Amritsar,Ophthalmology,4.3,68.3,43.75,80.69,178,2792,32367
Shaheed Bhagat Singh Medical Centre - Rupnagar,Rupnagar,Hoshiarpur,General Medicine,4.4,63.6,18.75,80.68,186,2793,32504
Apex Healthcare - Kapurthala,Kapurthala,Moga,Pediatrics,4.4,63.6,18.75,80.68,169,2794,32641
Sewa Medical Centre - Jalandhar,Jalandhar,Mohali,Cardiology,4.3,68.2,37.5,80.66,205,2795,32778
Guru Nanak Medical Centre - Ferozepur,Ferozepur,Bathinda,Dermatology,4.3,68.2,31.25,80.66,190,2796,32915
Sewa Multispeciality Hospital - Rupnagar,Rupnagar,Nawanshahr,General Surgery,4.3,68.2,31.25,80.66,184,2797,33052
Apex Hospital - Fatehgarh Sahib,Fatehgarh Sahib,Ludhiana,Gynecology,4.3,68.2,37.5,80.66,204,2798,33189
Sewa Medical Centre - Bathinda,Bathinda,Rupnagar,Orthopedics,4.3,68.2,43.75,80.66,179,2799,33326
Guru Nanak Medical Centre - Pathankot,Pathankot,Mohali,Pediatrics,4.3,68.2,25.0,80.66,181,2800,33463
Punjab Multispeciality Hospital - Faridkot,Faridkot,Rupnagar,Cardiology,4.3,68.1,37.5,80.63,206,2801,33600
Medicare Multispeciality Hospital - Sangrur,Sangrur,Jalandhar,Pulmonology,4.3,68.1,43.75,80.63,183,2802,33737
Prime Care Hospital - Kapurthala,Kapurthala,Muktsar,Ophthalmology,4.4,63.4,12.5,80.62,164,2803,33874
Guru Nanak Hospital - Faridkot,Faridkot,Mansa,Pediatrics,4.4,63.4,12.5,80.62,170,2804,34011
Prime Care Hospital - Faridkot,Faridkot,Mohali,Cardiology,4.3,68.0,31.25,80.6,207,2805,34148
Medicare Healthcare - Rupnagar,Rupnagar,Nawanshahr,Dermatology,4.3,68.0,37.5,80.6,191,2806,34285
Shaheed Bhagat Singh Hospital - SAS Nagar,SAS Nagar,Abohar,Dermatology,4.3,68.0,43.75,80.6,192,2807,34422
Sewa Hospital - Mansa,Mansa,Mohali,Nephrology,4.3,68.0,25.0,80.6,213,2808,34559
Mata Kaushalya Multispeciality Hospital - Patiala,Patiala,Nawanshahr,Neurology,4.3,68.0,31.25,80.6,179,2809,34696
Sewa Multispeciality Hospital - Kapurthala,Kapurthala,Kapurthala,Neurology,4.3,68.0,31.25,80.6,178,2810,34833
Maharaja Ranjit Singh Healthcare - SAS Nagar,SAS Nagar,Abohar,Neurology,4.4,63.3,18.75,80.59,173,2811,34970
Medicare Multispeciality Hospital - Patiala,Patiala,Phagwara,ENT,4.3,67.9,25.0,80.57,193,2812,35107
City Care Multispeciality Hospital - Faridkot,Faridkot,Hoshiarpur,General Medicine,4.3,67.9,37.5,80.57,193,2813,35244
Maharaja Ranjit Singh Multispeciality Hospital - Muktsar,Muktsar,Patiala,Gynecology,4.3,67.9,37.5,80.57,205,2814,35381
Guru Nanak Medical Centre - Faridkot,Faridkot,Ludhiana,Neurology,4.3,67.9,37.5,80.57,180,2815,35518
Medicare Multispeciality Hospital - Patiala,Patiala,Barnala,Pulmonology,4.3,67.9,37.5,80.57,184,2816,35655
Prime Care Hospital - Mansa,Mansa,Abohar,Pulmonology,4.4,63.2,18.75,80.56,175,2817,35792
Lifeline Healthcare - Malerkotla,Malerkotla,Phagwara,General Medicine,4.3,67.8,31.25,80.54,194,2818,35929
Mata Kaushalya Medical Centre - Hoshiarpur,Hoshiarpur,Mansa,Nephrology,4.3,67.8,43.75,80.54,214,2819,36066
Lifeline Medical Centre - Muktsar,Muktsar,Patiala,Pulmonology,4.3,67.8,31.25,80.54,185,2820,36203
Shaheed Bhagat Singh Multispeciality Hospital - Tarn Taran,Tarn Taran,Phagwara,Cardiology,4.4,63.1,18.75,80.53,186,2821,36340
City Care Medical Centre - Tarn Taran,Tarn Taran,Patiala,Gynecology,4.4,63.1,12.5,80.53,185,2822,36477
Healing Touch Healthcare - Bathinda,Bathinda,Mohali,Nephrology,4.4,63.1,18.75,80.53,203,2823,36614
Guru Nanak Medical Centre - Fatehgarh Sahib,Fatehgarh Sahib,Hoshiarpur,ENT,4.2,72.4,50.0,80.52,213,2824,36751
Maharaja Ranjit Singh Multispeciality Hospital - Ferozepur,Ferozepur,Pathankot,Cardiology,4.3,67.7,31.25,80.51,208,2825,36888
Lifeline Medical Centre - Barnala,Barnala,Phagwara,General Medicine,4.3,67.7,37.5,80.51,195,2826,37025
Healing Touch Medical Centre - Pathankot,Pathankot,Firozpur,General Surgery,4.3,67.7,31.25,80.51,185,2827,37162
Mata Kaushalya Multispeciality Hospital - Fazilka,Fazilka,Rajpura,Nephrology,4.3,67.7,31.25,80.51,216,2828,37299
Shivalik Medical Centre - SAS Nagar,SAS Nagar,Barnala,Nephrology,4.3,67.7,43.75,80.51,215,2829,37436
Apex Hospital - Patiala,Patiala,Mohali,Neurology,4.3,67.7,31.25,80.51,181,2830,37573
Healing Touch Medical Centre - Pathankot,Pathankot,Mohali,Ophthalmology,4.3,67.7,31.25,80.51,181,2831,37710
Medicare Multispeciality Hospital - Malerkotla,Malerkotla,Jalandhar,Ophthalmology,4.3,67.7,31.25,80.51,180,2832,37847
Fortune Healthcare - Jalandhar,Jalandhar,Khanna,Urology,4.3,67.7,31.25,80.51,179,2833,37984
Lifeline Hospital - Mansa,Mansa,Phagwara,Urology,4.3,67.7,37.5,80.51,180,2834,38121
Shaheed Bhagat Singh Hospital - Muktsar,Muktsar,Hoshiarpur,Cardiology,4.4,63.0,18.75,80.5,187,2835,38258
Apex Healthcare - Sangrur,Sangrur,Jalandhar,ENT,4.3,67.6,37.5,80.48,194,2836,38395
Healing Touch Healthcare - Fazilka,Fazilka,Moga,Gastroenterology,4.3,67.6,31.25,80.48,204,2837,38532
Prime Care Healthcare - Bathinda,Bathinda,Abohar,Gastroenterology,4.3,67.6,18.75,80.48,203,2838,38669
Punjab Hospital - SAS Nagar,SAS Nagar,Mohali,General Surgery,4.3,67.6,31.25,80.48,186,2839,38806
Medicare Multispeciality Hospital - Muktsar,Muktsar,Gurdaspur,Orthopedics,4.3,67.6,31.25,80.48,181,2840,38943
Sewa Medical Centre - Gurdaspur,Gurdaspur,Gurdaspur,Orthopedics,4.3,67.6,37.5,80.48,180,2841,39080
Medicare Medical Centre - Jalandhar,Jalandhar,Amritsar,Nephrology,4.4,62.9,18.75,80.47,204,2842,39217
Sunrise Healthcare - Sangrur,Sangrur,Firozpur,Orthopedics,4.4,62.9,12.5,80.47,168,2843,39354
Prime Care Medical Centre - Rupnagar,Rupnagar,Sangrur,Pediatrics,4.4,62.9,18.75,80.47,171,2844,39491
Prime Care Healthcare - Patiala,Patiala,Mansa,Dermatology,4.3,67.5,37.5,80.45,194,2845,39628
Shaheed Bhagat Singh Healthcare - Moga,Moga,Khanna,Dermatology,4.3,67.5,37.5,80.45,193,2846,39765
Healing Touch Healthcare - Gurdaspur,Gurdaspur,Gurdaspur,ENT,4.3,67.5,37.5,80.45,195,2847,39902
Healing Touch Multispeciality Hospital - Jalandhar,Jalandhar,Abohar,General Medicine,4.3,67.5,31.25,80.45,196,2848,40039
Prime Care Multispeciality Hospital - Ludhiana,Ludhiana,Gurdaspur,Gynecology,4.3,67.5,31.25,80.45,206,2849,40176
City Care Medical Centre - Gurdaspur,Gurdaspur,Hoshiarpur,Pulmonology,4.3,67.5,31.25,80.45,186,2850,40313
Apex Healthcare - Jalandhar,Jalandhar,Abohar,Urology,4.3,67.5,31.25,80.45,181,2851,40450
Fortune Medical Centre - Ludhiana,Ludhiana,Kapurthala,Nephrology,4.4,62.8,12.5,80.44,205,2852,40587
Healing Touch Hospital - Amritsar,Amritsar,Bathinda,Dermatology,4.3,67.4,37.5,80.42,195,2853,40724
Shivalik Hospital - SAS Nagar,SAS Nagar,Patiala,ENT,4.3,67.4,31.25,80.42,196,2854,40861
City Care Hospital - Patiala,Patiala,Gurdaspur,General Surgery,4.3,67.4,25.0,80.42,187,2855,40998
Fortune Medical Centre - Fatehgarh Sahib,Fatehgarh Sahib,Bathinda,General Surgery,4.3,67.4,31.25,80.42,188,2856,41135
Healing Touch Healthcare - Ferozepur,Ferozepur,Rajpura,Nephrology,4.3,67.4,31.25,80.42,217,2857,41272
Apex Medical Centre - Nawanshahr,Nawanshahr,Kapurthala,Orthopedics,4.3,67.4,37.5,80.42,182,2858,41409
Punjab Multispeciality Hospital - Faridkot,Faridkot,Hoshiarpur,Orthopedics,4.3,67.4,31.25,80.42,183,2859,41546
Punjab Healthcare - Pathankot,Pathankot,Mansa,Urology,4.3,67.4,31.25,80.42,182,2860,41683
Shaheed Bhagat Singh Hospital - Malerkotla,Malerkotla,Phagwara,Ophthalmology,4.2,72.0,37.5,80.4,204,2861,41820
Lifeline Multispeciality Hospital - Ferozepur,Ferozepur,Phagwara,Cardiology,4.3,67.3,31.25,80.39,209,2862,41957
Shivalik Multispeciality Hospital - Ludhiana,Ludhiana,Phagwara,ENT,4.3,67.3,37.5,80.39,197,2863,42094
Healing Touch Medical Centre - Sangrur,Sangrur,Sangrur,Gastroenterology,4.3,67.3,25.0,80.39,205,2864,42231
Punjab Medical Centre - Malerkotla,Malerkotla,Kapurthala,Gastroenterology,4.3,67.3,37.5,80.39,206,2865,42368
Guru Nanak Hospital - SAS Nagar,SAS Nagar,Ludhiana,Gynecology,4.3,67.3,43.75,80.39,207,2866,42505
Sewa Healthcare - Bathinda,Bathinda,Moga,Neurology,4.3,67.3,31.25,80.39,182,2867,42642
Mata Kaushalya Healthcare - Ferozepur,Ferozepur,Barnala,Orthopedics,4.3,67.3,37.5,80.39,184,2868,42779
Guru Nanak Healthcare - Malerkotla,Malerkotla,Rajpura,Gastroenterology,4.3,67.2,31.25,80.36,207,2869,42916
Sewa Hospital - Bathinda,Bathinda,Barnala,Gastroenterology,4.3,67.2,25.0,80.36,208,2870,43053
Shaheed Bhagat Singh Hospital - Tarn Taran,Tarn Taran,Gurdaspur,Gastroenterology,4.3,67.2,31.25,80.36,209,2871,43190
Shivalik Multispeciality Hospital - Pathankot,Pathankot,Bathinda,Gynecology,4.3,67.2,25.0,80.36,208,2872,43327
Guru Nanak Medical Centre - Rupnagar,Rupnagar,Pathankot,Nephrology,4.3,67.2,31.25,80.36,218,2873,43464
Maharaja Ranjit Singh Healthcare - Bathinda,Bathinda,Firozpur,Ophthalmology,4.3,67.2,25.0,80.36,182,2874,43601
Healing Touch Healthcare - Jalandhar,Jalandhar,Mansa,Cardiology,4.3,67.1,25.0,80.33,211,2875,43738
Shivalik Multispeciality Hospital - Rupnagar,Rupnagar,Abohar,Cardiology,4.3,67.1,37.5,80.33,210,2876,43875
Apex Medical Centre - Moga,Moga,Sangrur,Dermatology,4.3,67.1,31.25,80.33,196,2877,44012
Maharaja Ranjit Singh Hospital - Malerkotla,Malerkotla,Sangrur,General Medicine,4.3,67.1,31.25,80.33,197,2878,44149
Fortune Healthcare - Malerkotla,Malerkotla,Abohar,General Surgery,4.3,67.1,37.5,80.33,189,2879,44286
Prime Care Medical Centre - Fazilka,Fazilka,Mohali,Nephrology,4.3,67.1,25.0,80.33,219,2880,44423
Apex Healthcare - Kapurthala,Kapurthala,Mansa,Neurology,4.3,67.1,25.0,80.33,183,2881,44560
Fortune Multispeciality Hospital - Kapurthala,Kapurthala,Firozpur,Oncology,4.3,67.1,25.0,80.33,160,2882,44697
City Care Multispeciality Hospital - Malerkotla,Malerkotla,Gurdaspur,Orthopedics,4.3,67.1,37.5,80.33,185,2883,44834
Medicare Healthcare - Malerkotla,Malerkotla,Phagwara,Dermatology,4.3,67.0,37.5,80.3,197,2884,44971
Healing Touch Hospital - Muktsar,Muktsar,Sangrur,Gastroenterology,4.3,67.0,25.0,80.3,210,2885,45108
Shaheed Bhagat Singh Medical Centre - Fazilka,Fazilka,Mohali,Gastroenterology,4.3,67.0,31.25,80.3,211,2886,45245
Medicare Multispeciality Hospital - Pathankot,Pathankot,Moga,General Medicine,4.3,67.0,31.25,80.3,198,2887,45382
Punjab Hospital - Moga,Moga,Mansa,General Surgery,4.3,67.0,37.5,80.3,190,2888,45519
Apex Medical Centre - Kapurthala,Kapurthala,Muktsar,Gynecology,4.3,67.0,37.5,80.3,209,2889,45656
Lifeline Healthcare - Mansa,Mansa,Abohar,Neurology,4.3,67.0,31.25,80.3,184,2890,45793
Lifeline Healthcare - Fazilka,Fazilka,Mansa,Cardiology,4.3,66.9,31.25,80.27,212,2891,45930
Medicare Healthcare - Ferozepur,Ferozepur,Mohali,Cardiology,4.3,66.9,25.0,80.27,213,2892,46067
City Care Multispeciality Hospital - Gurdaspur,Gurdaspur,Hoshiarpur,ENT,4.3,66.9,25.0,80.27,199,2893,46204
Guru Nanak Healthcare - Hoshiarpur,Hoshiarpur,Malerkotla,ENT,4.3,66.9,31.25,80.27,198,2894,46341
Shaheed Bhagat Singh Hospital - Patiala,Patiala,Khanna,Gastroenterology,4.3,66.9,37.5,80.27,212,2895,46478
Shivalik Multispeciality Hospital - Moga,Moga,Malerkotla,Gynecology,4.3,66.9,31.25,80.27,210,2896,46615
Shivalik Medical Centre - Barnala,Barnala,Firozpur,Orthopedics,4.3,66.9,31.25,80.27,186,2897,46752
Punjab Hospital - Patiala,Patiala,Mohali,Cardiology,4.3,66.8,37.5,80.24,215,2898,46889
Sunrise Healthcare - Tarn Taran,Tarn Taran,Moga,Cardiology,4.3,66.8,37.5,80.24,214,2899,47026
Prime Care Hospital - Malerkotla,Malerkotla,Rupnagar,Dermatology,4.3,66.8,31.25,80.24,198,2900,47163
Shivalik Multispeciality Hospital - Barnala,Barnala,Firozpur,General Medicine,4.3,66.8,31.25,80.24,199,2901,47300
Maharaja Ranjit Singh Multispeciality Hospital - Muktsar,Muktsar,Mansa,Nephrology,4.3,66.8,31.25,80.24,220,2902,47437
Sewa Multispeciality Hospital - Malerkotla,Malerkotla,Pathankot,Neurology,4.3,66.8,25.0,80.24,185,2903,47574
Prime Care Hospital - Faridkot,Faridkot,Muktsar,Pulmonology,4.3,66.8,37.5,80.24,187,2904,47711
Medicare Hospital - Muktsar,Muktsar,Abohar,Gastroenterology,4.2,71.4,50.0,80.22,230,2905,47848
Apex Hospital - Barnala,Barnala,Jalandhar,Gynecology,4.2,71.4,43.75,80.22,228,2906,47985
Prime Care Medical Centre - Fatehgarh Sahib,Fatehgarh Sahib,Firozpur,Gastroenterology,4.3,66.7,31.25,80.21,213,2907,48122
Healing Touch Healthcare - Patiala,Patiala,Moga,Oncology,4.3,66.7,31.25,80.21,161,2908,48259
Maharaja Ranjit Singh Multispeciality Hospital - Barnala,Barnala,Phagwara,Orthopedics,4.3,66.7,31.25,80.21,187,2909,48396
Prime Care Multispeciality Hospital - Amritsar,Amritsar,Ludhiana,Orthopedics,4.3,66.7,31.25,80.21,188,2910,48533
Sewa Multispeciality Hospital - Muktsar,Muktsar,Phagwara,Pediatrics,4.3,66.7,31.25,80.21,182,2911,48670
Shaheed Bhagat Singh Medical Centre - Rupnagar,Rupnagar,Hoshiarpur,Pulmonology,4.3,66.7,37.5,80.21,188,2912,48807
Sewa Medical Centre - Ludhiana,Ludhiana,Muktsar,ENT,4.2,71.3,37.5,80.19,214,2913,48944
Guru Nanak Medical Centre - Sangrur,Sangrur,Kapurthala,Cardiology,4.3,66.6,18.75,80.18,218,2914,49081
Guru Nanak Multispeciality Hospital - Mansa,Mansa,Muktsar,Cardiology,4.3,66.6,25.0,80.18,216,2915,49218
Healing Touch Medical Centre - Sangrur,Sangrur,Bathinda,Cardiology,4.3,66.6,25.0,80.18,217,2916,49355
Mata Kaushalya Medical Centre - Tarn Taran,Tarn Taran,Bathinda,Oncology,4.3,66.6,25.0,80.18,162,2917,49492
Apex Healthcare - Malerkotla,Malerkotla,Patiala,Ophthalmology,4.3,66.6,31.25,80.18,183,2918,49629
Sewa Medical Centre - Ferozepur,Ferozepur,Patiala,Pediatrics,4.3,66.6,18.75,80.18,183,2919,49766
Apex Healthcare - Ferozepur,Ferozepur,Rajpura,Urology,4.3,66.6,31.25,80.18,183,2920,49903
Guru Nanak Hospital - Jalandhar,Jalandhar,Barnala,Cardiology,4.4,61.9,12.5,80.17,188,2921,50040
Shivalik Hospital - Pathankot,Pathankot,Rajpura,Cardiology,4.3,66.5,18.75,80.15,219,2922,50177
Apex Medical Centre - Barnala,Barnala,Mansa,Gastroenterology,4.3,66.5,25.0,80.15,215,2923,50314
Sunrise Healthcare - Faridkot,Faridkot,Barnala,Gastroenterology,4.3,66.5,25.0,80.15,214,2924,50451
Apex Medical Centre - Jalandhar,Jalandhar,Nawanshahr,General Surgery,4.3,66.5,37.5,80.15,191,2925,50588
City Care Healthcare - Jalandhar,Jalandhar,Patiala,Oncology,4.3,66.5,37.5,80.15,165,2926,50725
Lifeline Healthcare - Faridkot,Faridkot,Phagwara,Oncology,4.3,66.5,31.25,80.15,164,2927,50862
Medicare Medical Centre - Faridkot,Faridkot,Moga,Oncology,4.3,66.5,25.0,80.15,163,2928,50999
Punjab Medical Centre - Gurdaspur,Gurdaspur,Patiala,Orthopedics,4.3,66.5,37.5,80.15,189,2929,51136
City Care Multispeciality Hospital - Patiala,Patiala,Moga,Urology,4.3,66.5,31.25,80.15,184,2930,51273
Sewa Multispeciality Hospital - Nawanshahr,Nawanshahr,Rajpura,Nephrology,4.2,71.1,37.5,80.13,231,2931,51410
Punjab Medical Centre - Mansa,Mansa,Mohali,Dermatology,4.3,66.4,31.25,80.12,199,2932,51547
Lifeline Multispeciality Hospital - Faridkot,Faridkot,Rajpura,ENT,4.3,66.4,25.0,80.12,200,2933,51684
Punjab Healthcare - Kapurthala,Kapurthala,Pathankot,Gastroenterology,4.3,66.4,25.0,80.12,216,2934,51821
Shivalik Hospital - Barnala,Barnala,Mohali,General Medicine,4.3,66.4,31.25,80.12,200,2935,51958
City Care Medical Centre - Patiala,Patiala,Mohali,General Surgery,4.3,66.4,31.25,80.12,193,2936,52095
Healing Touch Medical Centre - Ferozepur,Ferozepur,Malerkotla,General Surgery,4.3,66.4,31.25,80.12,192,2937,52232
Prime Care Medical Centre - Rupnagar,Rupnagar,Malerkotla,General Surgery,4.3,66.4,31.25,80.12,194,2938,52369
City Care Medical Centre - Ferozepur,Ferozepur,Amritsar,Gynecology,4.3,66.4,37.5,80.12,211,2939,52506
Shivalik Multispeciality Hospital - Hoshiarpur,Hoshiarpur,Muktsar,Oncology,4.3,66.4,31.25,80.12,166,2940,52643
Mata Kaushalya Medical Centre - Moga,Moga,Rupnagar,Ophthalmology,4.3,66.4,31.25,80.12,184,2941,52780
Punjab Multispeciality Hospital - Bathinda,Bathinda,Kapurthala,Cardiology,4.3,66.3,25.0,80.09,220,2942,52917
Punjab Hospital - Amritsar,Amritsar,Mohali,ENT,4.3,66.3,18.75,80.09,201,2943,53054
Guru Nanak Healthcare - Bathinda,Bathinda,Kapurthala,Gynecology,4.3,66.3,31.25,80.09,212,2944,53191
Guru Nanak Multispeciality Hospital - Fazilka,Fazilka,Rajpura,Oncology,4.3,66.3,31.25,80.09,167,2945,53328
City Care Medical Centre - Amritsar,Amritsar,Hoshiarpur,Pediatrics,4.3,66.3,37.5,80.09,184,2946,53465
Medicare Hospital - Hoshiarpur,Hoshiarpur,Barnala,Pediatrics,4.3,66.3,37.5,80.09,185,2947,53602
Apex Multispeciality Hospital - Mansa,Mansa,Nawanshahr,Pulmonology,4.3,66.3,25.0,80.09,189,2948,53739
Sunrise Healthcare - Fatehgarh Sahib,Fatehgarh Sahib,Malerkotla,Urology,4.3,66.3,31.25,80.09,185,2949,53876
Fortune Medical Centre - Barnala,Barnala,Rupnagar,General Surgery,4.4,61.6,12.5,80.08,171,2950,54013
Mata Kaushalya Hospital - Tarn Taran,Tarn Taran,Mohali,Neurology,4.2,70.9,37.5,80.07,198,2951,54150
Fortune Medical Centre - Sangrur,Sangrur,Moga,Oncology,4.2,70.9,43.75,80.07,184,2952,54287
Lifeline Healthcare - Barnala,Barnala,Firozpur,Orthopedics,4.2,70.9,37.5,80.07,209,2953,54424
City Care Multispeciality Hospital - SAS Nagar,SAS Nagar,Malerkotla,Cardiology,4.3,66.2,12.5,80.06,221,2954,54561
Prime Care Multispeciality Hospital - Fatehgarh Sahib,Fatehgarh Sahib,Moga,ENT,4.3,66.2,25.0,80.06,202,2955,54698
Guru Nanak Healthcare - Rupnagar,Rupnagar,Sangrur,Gastroenterology,4.3,66.2,31.25,80.06,217,2956,54835
Shaheed Bhagat Singh Multispeciality Hospital - Faridkot,Faridkot,Firozpur,Gastroenterology,4.3,66.2,37.5,80.06,218,2957,54972
City Care Hospital - Rupnagar,Rupnagar,Ludhiana,General Medicine,4.3,66.2,25.0,80.06,201,2958,55109
Sewa Multispeciality Hospital - Ferozepur,Ferozepur,Kapurthala,Gynecology,4.3,66.2,37.5,80.06,213,2959,55246
Sunrise Multispeciality Hospital - Jalandhar,Jalandhar,Sangrur,Gynecology,4.3,66.2,25.0,80.06,214,2960,55383
City Care Medical Centre - SAS Nagar,SAS Nagar,Ludhiana,Pulmonology,4.3,66.2,25.0,80.06,190,2961,55520
Apex Hospital - Faridkot,Faridkot,Pathankot,Urology,4.3,66.2,31.25,80.06,186,2962,55657
Healing Touch Hospital - Muktsar,Muktsar,Malerkotla,Gastroenterology,4.4,61.5,12.5,80.05,195,2963,55794
Healing Touch Hospital - Sangrur,Sangrur,Abohar,Cardiology,4.3,66.1,25.0,80.03,222,2964,55931
Maharaja Ranjit Singh Multispeciality Hospital - Gurdaspur,Gurdaspur,Rajpura,ENT,4.3,66.1,25.0,80.03,203,2965,56068
Guru Nanak Healthcare - Gurdaspur,Gurdaspur,Rupnagar,Gastroenterology,4.3,66.1,31.25,80.03,219,2966,56205
Mata Kaushalya Healthcare - Ludhiana,Ludhiana,Moga,General Medicine,4.3,66.1,25.0,80.03,202,2967,56342
City Care Healthcare - Ludhiana,Ludhiana,Bathinda,General Surgery,4.3,66.1,25.0,80.03,195,2968,56479
Sunrise Hospital - Barnala,Barnala,Firozpur,Nephrology,4.3,66.1,31.25,80.03,221,2969,56616
Mata Kaushalya Healthcare - Tarn Taran,Tarn Taran,Nawanshahr,Oncology,4.3,66.1,25.0,80.03,168,2970,56753
Medicare Multispeciality Hospital - Gurdaspur,Gurdaspur,Khanna,Orthopedics,4.3,66.1,25.0,80.03,190,2971,56890
Medicare Medical Centre - SAS Nagar,SAS Nagar,Hoshiarpur,Pediatrics,4.3,66.1,25.0,80.03,186,2972,57027
Maharaja Ranjit Singh Medical Centre - Tarn Taran,Tarn Taran,Ludhiana,Pulmonology,4.3,66.1,25.0,80.03,191,2973,57164
Sunrise Hospital - Tarn Taran,Tarn Taran,Malerkotla,Pulmonology,4.3,66.1,37.5,80.03,192,2974,57301
Prime Care Multispeciality Hospital - Jalandhar,Jalandhar,Ludhiana,ENT,4.4,61.4,12.5,80.02,185,2975,57438
Apex Medical Centre - Gurdaspur,Gurdaspur,Gurdaspur,ENT,4.3,66.0,25.0,80.0,205,2976,57575
Sewa Hospital - Nawanshahr,Nawanshahr,Pathankot,ENT,4.3,66.0,25.0,80.0,204,2977,57712
Guru Nanak Multispeciality Hospital - Kapurthala,Kapurthala,Amritsar,Gastroenterology,4.3,66.0,18.75,80.0,220,2978,57849
City Care Healthcare - Ferozepur,Ferozepur,Kapurthala,General Surgery,4.3,66.0,25.0,80.0,196,2979,57986
Fortune Medical Centre - Muktsar,Muktsar,Mansa,Nephrology,4.3,66.0,25.0,80.0,223,2980,58123
Shivalik Healthcare - Ferozepur,Ferozepur,Firozpur,Nephrology,4.3,66.0,25.0,80.0,222,2981,58260
Healing Touch Hospital - Sangrur,Sangrur,Amritsar,Neurology,4.3,66.0,25.0,80.0,186,2982,58397
Prime Care Medical Centre - Patiala,Patiala,Gurdaspur,Orthopedics,4.3,66.0,31.25,80.0,191,2983,58534
Shivalik Multispeciality Hospital - Patiala,Patiala,Muktsar,Orthopedics,4.3,66.0,37.5,80.0,192,2984,58671
Healing Touch Hospital - Moga,Moga,Muktsar,Urology,4.3,66.0,25.0,80.0,188,2985,58808
Prime Care Healthcare - SAS Nagar,SAS Nagar,Rajpura,Urology,4.3,66.0,31.25,80.0,187,2986,58945
Sewa Multispeciality Hospital - Bathinda,Bathinda,Malerkotla,Gynecology,4.3,65.9,25.0,79.97,215,2987,59082
Guru Nanak Medical Centre - Pathankot,Pathankot,Malerkotla,Neurology,4.3,65.9,37.5,79.97,187,2988,59219
City Care Healthcare - Pathankot,Pathankot,Rupnagar,Oncology,4.3,65.9,25.0,79.97,169,2989,59356
Shaheed Bhagat Singh Healthcare - Pathankot,Pathankot,Kapurthala,Oncology,4.3,65.9,31.25,79.97,170,2990,59493
Shivalik Medical Centre - Barnala,Barnala,Firozpur,Oncology,4.3,65.9,37.5,79.97,171,2991,59630
Punjab Multispeciality Hospital - Barnala,Barnala,Pathankot,Orthopedics,4.3,65.9,37.5,79.97,193,2992,59767
City Care Medical Centre - Fatehgarh Sahib,Fatehgarh Sahib,Jalandhar,Pediatrics,4.3,65.9,25.0,79.97,187,2993,59904
Healing Touch Healthcare - Pathankot,Pathankot,Khanna,Gastroenterology,4.3,65.8,31.25,79.94,221,2994,60041
Maharaja Ranjit Singh Medical Centre - Malerkotla,Malerkotla,Jalandhar,General Medicine,4.3,65.8,18.75,79.94,203,2995,60178
Punjab Multispeciality Hospital - Muktsar,Muktsar,Mohali,General Medicine,4.3,65.8,37.5,79.94,205,2996,60315
Sewa Hospital - Ferozepur,Ferozepur,Bathinda,General Medicine,4.3,65.8,31.25,79.94,204,2997,60452
Sunrise Medical Centre - Bathinda,Bathinda,Mansa,General Medicine,4.3,65.8,37.5,79.94,206,2998,60589
City Care Healthcare - Fatehgarh Sahib,Fatehgarh Sahib,Moga,Ophthalmology,4.3,65.8,31.25,79.94,185,2999,60726
Lifeline Medical Centre - Amritsar,Amritsar,Barnala,Ophthalmology,4.3,65.8,18.75,79.94,186,3000,60863
Sunrise Medical Centre - Bathinda,Bathinda,Mansa,Urology,4.3,65.8,18.75,79.94,189,3001,61000
Shivalik Medical Centre - Malerkotla,Malerkotla,Patiala,Cardiology,4.3,65.7,25.0,79.91,223,3002,61137
Apex Healthcare - Sangrur,Sangrur,Phagwara,Dermatology,4.3,65.7,31.25,79.91,200,3003,61274
Healing Touch Multispeciality Hospital - Rupnagar,Rupnagar,Kapurthala,Dermatology,4.3,65.7,31.25,79.91,202,3004,61411
Medicare Hospital - Muktsar,Muktsar,Pathankot,Dermatology,4.3,65.7,25.0,79.91,201,3005,61548
Prime Care Healthcare - Moga,Moga,Moga,ENT,4.3,65.7,31.25,79.91,207,3006,61685
Shaheed Bhagat Singh Medical Centre - Moga,Moga,Gurdaspur,ENT,4.3,65.7,37.5,79.91,206,3007,61822
Maharaja Ranjit Singh Healthcare - Rupnagar,Rupnagar,Kapurthala,General Surgery,4.3,65.7,25.0,79.91,197,3008,61959
Maharaja Ranjit Singh Multispeciality Hospital - Sangrur,Sangrur,Gurdaspur,Nephrology,4.3,65.7,37.5,79.91,224,3009,62096
City Care Healthcare - Barnala,Barnala,Bathinda,Neurology,4.3,65.7,31.25,79.91,188,3010,62233
Healing Touch Hospital - Fazilka,Fazilka,Patiala,Oncology,4.3,65.7,31.25,79.91,173,3011,62370
Medicare Hospital - Ferozepur,Ferozepur,Ludhiana,Oncology,4.3,65.7,31.25,79.91,172,3012,62507
Healing Touch Healthcare - Nawanshahr,Nawanshahr,Rupnagar,Ophthalmology,4.3,65.7,25.0,79.91,188,3013,62644
Sunrise Multispeciality Hospital - Muktsar,Muktsar,Firozpur,Ophthalmology,4.3,65.7,25.0,79.91,187,3014,62781
Sewa Hospital - Patiala,Patiala,Hoshiarpur,Pediatrics,4.3,65.7,25.0,79.91,188,3015,62918
Maharaja Ranjit Singh Medical Centre - Gurdaspur,Gurdaspur,Sangrur,Pulmonology,4.3,65.7,31.25,79.91,193,3016,63055
Lifeline Multispeciality Hospital - Fatehgarh Sahib,Fatehgarh Sahib,Moga,Urology,4.3,65.7,31.25,79.91,190,3017,63192
Lifeline Hospital - Ludhiana,Ludhiana,Kapurthala,Urology,4.2,70.3,37.5,79.89,199,3018,63329
Lifeline Medical Centre - SAS Nagar,SAS Nagar,Pathankot,Cardiology,4.3,65.6,25.0,79.88,224,3019,63466
Punjab Medical Centre - Moga,Moga,Gurdaspur,Dermatology,4.3,65.6,31.25,79.88,203,3020,63603
Punjab Hospital - Hoshiarpur,Hoshiarpur,Sangrur,General Surgery,4.3,65.6,25.0,79.88,198,3021,63740
Maharaja Ranjit Singh Multispeciality Hospital - Gurdaspur,Gurdaspur,Rajpura,Pulmonology,4.3,65.6,25.0,79.88,194,3022,63877
Maharaja Ranjit Singh Hospital - Gurdaspur,Gurdaspur,Bathinda,Urology,4.3,65.6,18.75,79.88,191,3023,64014
Maharaja Ranjit Singh Hospital - SAS Nagar,SAS Nagar,Hoshiarpur,Neurology,4.2,70.2,37.5,79.86,199,3024,64151
Mata Kaushalya Hospital - Mansa,Mansa,Sangrur,Urology,4.2,70.2,43.75,79.86,200,3025,64288
Punjab Hospital - Amritsar,Amritsar,Khanna,Cardiology,4.3,65.5,31.25,79.85,225,3026,64425
Sewa Hospital - Tarn Taran,Tarn Taran,Pathankot,Cardiology,4.3,65.5,25.0,79.85,226,3027,64562
Mata Kaushalya Healthcare - Muktsar,Muktsar,Nawanshahr,ENT,4.3,65.5,25.0,79.85,208,3028,64699
Punjab Hospital - Fatehgarh Sahib,Fatehgarh Sahib,Gurdaspur,ENT,4.3,65.5,25.0,79.85,209,3029,64836
Lifeline Medical Centre - Mansa,Mansa,Barnala,Ophthalmology,4.3,65.5,31.25,79.85,189,3030,64973
Guru Nanak Healthcare - Mansa,Mansa,Mohali,Orthopedics,4.3,65.5,25.0,79.85,194,3031,65110
Lifeline Multispeciality Hospital - Rupnagar,Rupnagar,Abohar,Gynecology,4.2,70.1,43.75,79.83,229,3032,65247
Punjab Healthcare - Nawanshahr,Nawanshahr,Ludhiana,Oncology,4.2,70.1,43.75,79.83,185,3033,65384
Shivalik Healthcare - Jalandhar,Jalandhar,Mohali,Neurology,4.3,65.4,31.25,79.82,189,3034,65521
Fortune Multispeciality Hospital - Patiala,Patiala,Phagwara,Pulmonology,4.3,65.4,25.0,79.82,195,3035,65658
Apex Healthcare - Kapurthala,Kapurthala,Gurdaspur,Urology,4.3,65.4,25.0,79.82,192,3036,65795
Sunrise Medical Centre - SAS Nagar,SAS Nagar,Barnala,Oncology,4.2,70.0,43.75,79.8,186,3037,65932
Shivalik Medical Centre - Ferozepur,Ferozepur,Patiala,General Surgery,4.3,65.3,25.0,79.79,199,3038,66069
Sunrise Healthcare - Rupnagar,Rupnagar,Jalandhar,Nephrology,4.3,65.3,25.0,79.79,225,3039,66206
Sewa Healthcare - Fazilka,Fazilka,Pathankot,Pediatrics,4.3,65.3,25.0,79.79,189,3040,66343
Medicare Multispeciality Hospital - Mansa,Mansa,Patiala,Pulmonology,4.3,65.3,18.75,79.79,196,3041,66480
Lifeline Hospital - Ludhiana,Ludhiana,Amritsar,Urology,4.3,65.3,25.0,79.79,193,3042,66617
Maharaja Ranjit Singh Hospital - Fatehgarh Sahib,Fatehgarh Sahib,Malerkotla,Urology,4.3,65.3,31.25,79.79,194,3043,66754
Apex Healthcare - Faridkot,Faridkot,Bathinda,Neurology,4.2,69.9,43.75,79.77,200,3044,66891
Maharaja Ranjit Singh Medical Centre - Amritsar,Amritsar,Sangrur,Urology,4.2,69.9,31.25,79.77,201,3045,67028
Lifeline Medical Centre - Pathankot,Pathankot,Gurdaspur,Cardiology,4.3,65.2,31.25,79.76,227,3046,67165
Sunrise Medical Centre - Kapurthala,Kapurthala,Rupnagar,Dermatology,4.3,65.2,31.25,79.76,204,3047,67302
Medicare Medical Centre - Patiala,Patiala,Mohali,Gynecology,4.3,65.2,31.25,79.76,216,3048,67439
Prime Care Multispeciality Hospital - Ferozepur,Ferozepur,Rupnagar,Orthopedics,4.3,65.2,25.0,79.76,195,3049,67576
Healing Touch Healthcare - Nawanshahr,Nawanshahr,Hoshiarpur,Pediatrics,4.2,69.8,37.5,79.74,200,3050,67713
Mata Kaushalya Multispeciality Hospital - Ludhiana,Ludhiana,Barnala,Gastroenterology,4.3,65.1,31.25,79.73,222,3051,67850
Apex Hospital - Barnala,Barnala,Sangrur,General Surgery,4.3,65.1,12.5,79.73,200,3052,67987
Guru Nanak Medical Centre - Patiala,Patiala,Pathankot,Gynecology,4.3,65.1,25.0,79.73,217,3053,68124
Shaheed Bhagat Singh Medical Centre - Patiala,Patiala,Sangrur,Gynecology,4.3,65.1,31.25,79.73,218,3054,68261
Apex Hospital - Tarn Taran,Tarn Taran,Amritsar,Ophthalmology,4.3,65.1,31.25,79.73,190,3055,68398
Sewa Medical Centre - Ludhiana,Ludhiana,Amritsar,Pulmonology,4.3,65.1,31.25,79.73,197,3056,68535
Prime Care Healthcare - Fazilka,Fazilka,Nawanshahr,ENT,4.2,69.7,43.75,79.71,215,3057,68672
Shivalik Hospital - Jalandhar,Jalandhar,Ludhiana,General Medicine,4.2,69.7,43.75,79.71,220,3058,68809
Lifeline Medical Centre - Gurdaspur,Gurdaspur,Malerkotla,Nephrology,4.2,69.7,31.25,79.71,232,3059,68946
Prime Care Medical Centre - Malerkotla,Malerkotla,Jalandhar,Neurology,4.2,69.7,43.75,79.71,201,3060,69083
Shaheed Bhagat Singh Medical Centre - Sangrur,Sangrur,Sangrur,Ophthalmology,4.2,69.7,37.5,79.71,205,3061,69220
Sewa Hospital - Patiala,Patiala,Pathankot,Pediatrics,4.2,69.7,31.25,79.71,201,3062,69357
Fortune Multispeciality Hospital - Amritsar,Amritsar,Malerkotla,Cardiology,4.3,65.0,31.25,79.7,228,3063,69494
City Care Medical Centre - Mansa,Mansa,Rajpura,ENT,4.3,65.0,25.0,79.7,210,3064,69631
Healing Touch Medical Centre - Nawanshahr,Nawanshahr,Barnala,Oncology,4.3,65.0,31.25,79.7,174,3065,69768
Shivalik Multispeciality Hospital - Kapurthala,Kapurthala,Hoshiarpur,Pediatrics,4.3,65.0,31.25,79.7,190,3066,69905
Lifeline Medical Centre - Tarn Taran,Tarn Taran,Mohali,Pulmonology,4.3,65.0,25.0,79.7,198,3067,70042
Guru Nanak Medical Centre - Gurdaspur,Gurdaspur,Rupnagar,General Surgery,4.2,69.6,50.0,79.68,208,3068,70179
Medicare Hospital - Malerkotla,Malerkotla,Pathankot,Ophthalmology,4.2,69.6,31.25,79.68,206,3069,70316
Mata Kaushalya Hospital - Patiala,Patiala,Phagwara,Pulmonology,4.2,69.6,43.75,79.68,204,3070,70453
Guru Nanak Hospital - Patiala,Patiala,Mohali,Cardiology,4.3,64.9,25.0,79.67,229,3071,70590
City Care Medical Centre - Jalandhar,Jalandhar,Rupnagar,Dermatology,4.3,64.9,25.0,79.67,205,3072,70727
Guru Nanak Healthcare - Ludhiana,Ludhiana,Patiala,Dermatology,4.3,64.9,25.0,79.67,206,3073,70864
Shivalik Medical Centre - Moga,Moga,Moga,Dermatology,4.3,64.9,25.0,79.67,207,3074,71001
Mata Kaushalya Healthcare - SAS Nagar,SAS Nagar,Nawanshahr,General Surgery,4.3,64.9,31.25,79.67,201,3075,71138
City Care Healthcare - Barnala,Barnala,Ludhiana,Neurology,4.3,64.9,31.25,79.67,190,3076,71275
Medicare Healthcare - Rupnagar,Rupnagar,Barnala,Ophthalmology,4.3,64.9,25.0,79.67,191,3077,71412
Punjab Hospital - Moga,Moga,Rupnagar,Pulmonology,4.3,64.9,25.0,79.67,199,3078,71549
Shaheed Bhagat Singh Multispeciality Hospital - Fatehgarh Sahib,Fatehgarh Sahib,Sangrur,Pulmonology,4.3,64.9,18.75,79.67,200,3079,71686
Lifeline Multispeciality Hospital - Ferozepur,Ferozepur,Abohar,General Medicine,4.2,69.5,31.25,79.65,221,3080,71823
Lifeline Medical Centre - SAS Nagar,SAS Nagar,Amritsar,Gynecology,4.2,69.5,31.25,79.65,230,3081,71960
Mata Kaushalya Multispeciality Hospital - Ferozepur,Ferozepur,Barnala,Cardiology,4.3,64.8,18.75,79.64,230,3082,72097
Shivalik Healthcare - Mansa,Mansa,Phagwara,General Surgery,4.3,64.8,25.0,79.64,202,3083,72234
Maharaja Ranjit Singh Multispeciality Hospital - Malerkotla,Malerkotla,Sangrur,Gynecology,4.3,64.8,25.0,79.64,219,3084,72371
Lifeline Medical Centre - Malerkotla,Malerkotla,Ludhiana,Oncology,4.3,64.8,25.0,79.64,175,3085,72508
Lifeline Hospital - Rupnagar,Rupnagar,Abohar,Pediatrics,4.3,64.8,31.25,79.64,191,3086,72645
Maharaja Ranjit Singh Medical Centre - Nawanshahr,Nawanshahr,Pathankot,General Medicine,4.3,64.7,18.75,79.61,207,3087,72782
Punjab Medical Centre - Barnala,Barnala,Amritsar,General Medicine,4.3,64.7,25.0,79.61,208,3088,72919
Fortune Multispeciality Hospital - Nawanshahr,Nawanshahr,Rajpura,Orthopedics,4.3,64.7,18.75,79.61,196,3089,73056
Sewa Hospital - Kapurthala,Kapurthala,Hoshiarpur,Ophthalmology,4.2,69.3,50.0,79.59,207,3090,73193
Shivalik Hospital - Amritsar,Amritsar,Mohali,Gynecology,4.3,64.6,31.25,79.58,220,3091,73330
Sewa Medical Centre - Patiala,Patiala,Hoshiarpur,Orthopedics,4.3,64.6,31.25,79.58,197,3092,73467
Shaheed Bhagat Singh Multispeciality Hospital - Mansa,Mansa,Gurdaspur,Orthopedics,4.3,64.6,31.25,79.58,198,3093,73604
Shaheed Bhagat Singh Medical Centre - Malerkotla,Malerkotla,Kapurthala,Pediatrics,4.3,64.6,31.25,79.58,192,3094,73741
Mata Kaushalya Healthcare - Malerkotla,Malerkotla,Rupnagar,Cardiology,4.2,69.2,43.75,79.56,239,3095,73878
Sunrise Healthcare - Barnala,Barnala,Khanna,General Medicine,4.2,69.2,43.75,79.56,222,3096,74015
Punjab Medical Centre - Faridkot,Faridkot,Sangrur,Cardiology,4.3,64.5,25.0,79.55,231,3097,74152
Healing Touch Multispeciality Hospital - Fazilka,Fazilka,Rupnagar,General Medicine,4.3,64.5,31.25,79.55,209,3098,74289
Punjab Hospital - Moga,Moga,Mansa,Ophthalmology,4.3,64.5,31.25,79.55,192,3099,74426
Fortune Medical Centre - Bathinda,Bathinda,Barnala,Orthopedics,4.3,64.5,31.25,79.55,199,3100,74563
Sunrise Multispeciality Hospital - Fazilka,Fazilka,Ludhiana,Neurology,4.2,69.1,37.5,79.53,202,3101,74700
Healing Touch Medical Centre - Sangrur,Sangrur,Moga,Oncology,4.2,69.1,43.75,79.53,187,3102,74837
Prime Care Medical Centre - Rupnagar,Rupnagar,Nawanshahr,Orthopedics,4.2,69.1,31.25,79.53,210,3103,74974
Maharaja Ranjit Singh Medical Centre - Ferozepur,Ferozepur,Rajpura,Pulmonology,4.2,69.1,37.5,79.53,205,3104,75111
Shaheed Bhagat Singh Medical Centre - SAS Nagar,SAS Nagar,Jalandhar,Cardiology,4.3,64.4,31.25,79.52,232,3105,75248
Fortune Multispeciality Hospital - Ferozepur,Ferozepur,Malerkotla,General Medicine,4.3,64.4,31.25,79.52,210,3106,75385
Guru Nanak Medical Centre - Rupnagar,Rupnagar,Nawanshahr,General Medicine,4.3,64.4,25.0,79.52,212,3107,75522
Maharaja Ranjit Singh Multispeciality Hospital - Fazilka,Fazilka,Gurdaspur,General Medicine,4.3,64.4,31.25,79.52,211,3108,75659
Fortune Hospital - Muktsar,Muktsar,Ludhiana,General Surgery,4.3,64.4,25.0,79.52,203,3109,75796
Maharaja Ranjit Singh Medical Centre - Pathankot,Pathankot,Mohali,Ophthalmology,4.3,64.4,25.0,79.52,193,3110,75933
Fortune Healthcare - Malerkotla,Malerkotla,Amritsar,Pediatrics,4.3,64.4,31.25,79.52,193,3111,76070
Punjab Healthcare - Rupnagar,Rupnagar,Abohar,Pulmonology,4.3,64.4,31.25,79.52,201,3112,76207
Guru Nanak Multispeciality Hospital - SAS Nagar,SAS Nagar,Rupnagar,General Medicine,4.2,69.0,50.0,79.5,223,3113,76344
Medicare Hospital - Ludhiana,Ludhiana,Mansa,Nephrology,4.2,69.0,37.5,79.5,233,3114,76481
Sunrise Hospital - Moga,Moga,Nawanshahr,Oncology,4.2,69.0,37.5,79.5,188,3115,76618
Maharaja Ranjit Singh Hospital - Gurdaspur,Gurdaspur,Firozpur,Pulmonology,4.2,69.0,37.5,79.5,206,3116,76755
Sunrise Healthcare - Muktsar,Muktsar,Kapurthala,Cardiology,4.3,64.3,25.0,79.49,233,3117,76892
Mata Kaushalya Medical Centre - Malerkotla,Malerkotla,Barnala,Neurology,4.3,64.3,25.0,79.49,191,3118,77029
Mata Kaushalya Multispeciality Hospital - Sangrur,Sangrur,Rupnagar,Orthopedics,4.3,64.3,31.25,79.49,200,3119,77166
Shivalik Medical Centre - Jalandhar,Jalandhar,Firozpur,Gastroenterology,4.2,68.9,43.75,79.47,231,3120,77303
Medicare Multispeciality Hospital - Jalandhar,Jalandhar,Rajpura,Nephrology,4.2,68.9,43.75,79.47,234,3121,77440
Maharaja Ranjit Singh Healthcare - Amritsar,Amritsar,Mohali,Pediatrics,4.2,68.9,37.5,79.47,202,3122,77577
Maharaja Ranjit Singh Medical Centre - Fazilka,Fazilka,Sangrur,Pediatrics,4.2,68.9,25.0,79.47,203,3123,77714
Fortune Medical Centre - Rupnagar,Rupnagar,Rajpura,Cardiology,4.3,64.2,31.25,79.46,235,3124,77851
Shaheed Bhagat Singh Medical Centre - Amritsar,Amritsar,Jalandhar,Cardiology,4.3,64.2,31.25,79.46,234,3125,77988
Medicare Multispeciality Hospital - Fazilka,Fazilka,Abohar,Gastroenterology,4.3,64.2,25.0,79.46,223,3126,78125
Healing Touch Healthcare - Rupnagar,Rupnagar,Pathankot,Gynecology,4.3,64.2,25.0,79.46,221,3127,78262
Sewa Medical Centre - Fazilka,Fazilka,Jalandhar,Nephrology,4.3,64.2,18.75,79.46,226,3128,78399
Sewa Medical Centre - Tarn Taran,Tarn Taran,Sangrur,Neurology,4.3,64.2,25.0,79.46,192,3129,78536
Healing Touch Medical Centre - Malerkotla,Malerkotla,Jalandhar,Ophthalmology,4.3,64.2,25.0,79.46,194,3130,78673
Sewa Medical Centre - Rupnagar,Rupnagar,Mansa,Pediatrics,4.3,64.2,31.25,79.46,194,3131,78810
Shaheed Bhagat Singh Medical Centre - Patiala,Patiala,Abohar,Cardiology,4.2,68.8,37.5,79.44,240,3132,78947
Sewa Hospital - Moga,Moga,Pathankot,General Surgery,4.2,68.8,31.25,79.44,209,3133,79084
Guru Nanak Medical Centre - Tarn Taran,Tarn Taran,Abohar,Gynecology,4.2,68.8,37.5,79.44,231,3134,79221
Sunrise Healthcare - Moga,Moga,Mohali,Ophthalmology,4.2,68.8,37.5,79.44,208,3135,79358
Prime Care Hospital - Ferozepur,Ferozepur,Ludhiana,General Medicine,4.3,64.1,25.0,79.43,213,3136,79495
Shivalik Hospital - Faridkot,Faridkot,Mohali,Neurology,4.3,64.1,31.25,79.43,193,3137,79632
City Care Multispeciality Hospital - Nawanshahr,Nawanshahr,Jalandhar,Ophthalmology,4.3,64.1,31.25,79.43,195,3138,79769
Sunrise Multispeciality Hospital - Fatehgarh Sahib,Fatehgarh Sahib,Gurdaspur,Ophthalmology,4.3,64.1,31.25,79.43,196,3139,79906
Healing Touch Multispeciality Hospital - Nawanshahr,Nawanshahr,Ludhiana,Pediatrics,4.3,64.1,25.0,79.43,195,3140,80043
Lifeline Healthcare - Muktsar,Muktsar,Rajpura,Urology,4.3,64.1,25.0,79.43,195,3141,80180
Shivalik Hospital - SAS Nagar,SAS Nagar,Gurdaspur,Urology,4.3,64.1,12.5,79.43,196,3142,80317
Prime Care Medical Centre - Malerkotla,Malerkotla,Hoshiarpur,Dermatology,4.2,68.7,43.75,79.41,211,3143,80454
Maharaja Ranjit Singh Hospital - Ferozepur,Ferozepur,Abohar,Dermatology,4.3,64.0,25.0,79.4,208,3144,80591
Lifeline Medical Centre - Jalandhar,Jalandhar,Mansa,Orthopedics,4.3,64.0,18.75,79.4,201,3145,80728
City Care Healthcare - Hoshiarpur,Hoshiarpur,Malerkotla,Pulmonology,4.3,64.0,25.0,79.4,202,3146,80865
Mata Kaushalya Multispeciality Hospital - Amritsar,Amritsar,Pathankot,Pulmonology,4.3,64.0,25.0,79.4,203,3147,81002
Lifeline Medical Centre - Malerkotla,Malerkotla,Khanna,Cardiology,4.2,68.6,37.5,79.38,241,3148,81139
Punjab Medical Centre - Rupnagar,Rupnagar,Kapurthala,General Surgery,4.2,68.6,37.5,79.38,210,3149,81276
Apex Medical Centre - Fatehgarh Sahib,Fatehgarh Sahib,Ludhiana,Pediatrics,4.2,68.6,31.25,79.38,204,3150,81413
Healing Touch Hospital - Kapurthala,Kapurthala,Barnala,Oncology,4.3,63.9,25.0,79.37,176,3151,81550
Apex Healthcare - Nawanshahr,Nawanshahr,Barnala,General Medicine,4.2,68.5,37.5,79.35,224,3152,81687
Maharaja Ranjit Singh Multispeciality Hospital - Moga,Moga,Patiala,Oncology,4.2,68.5,37.5,79.35,189,3153,81824
Prime Care Hospital - Patiala,Patiala,Sangrur,Pediatrics,4.2,68.5,31.25,79.35,205,3154,81961
Shaheed Bhagat Singh Healthcare - Fatehgarh Sahib,Fatehgarh Sahib,Firozpur,Pediatrics,4.2,68.5,50.0,79.35,206,3155,82098
Sunrise Hospital - Kapurthala,Kapurthala,Patiala,Urology,4.2,68.5,43.75,79.35,202,3156,82235
Lifeline Multispeciality Hospital - Tarn Taran,Tarn Taran,Pathankot,Gynecology,4.3,63.8,18.75,79.34,223,3157,82372
Shivalik Medical Centre - Rupnagar,Rupnagar,Mansa,Gynecology,4.3,63.8,25.0,79.34,222,3158,82509
Medicare Medical Centre - Nawanshahr,Nawanshahr,Gurdaspur,Neurology,4.3,63.8,18.75,79.34,194,3159,82646
Mata Kaushalya Medical Centre - Bathinda,Bathinda,Gurdaspur,Ophthalmology,4.3,63.8,18.75,79.34,197,3160,82783
Prime Care Healthcare - Amritsar,Amritsar,Rupnagar,Orthopedics,4.3,63.8,25.0,79.34,202,3161,82920
Apex Hospital - Tarn Taran,Tarn Taran,Khanna,Dermatology,4.2,68.4,37.5,79.32,213,3162,83057
Shivalik Healthcare - Ludhiana,Ludhiana,Sangrur,Dermatology,4.2,68.4,31.25,79.32,212,3163,83194
Punjab Hospital - Fazilka,Fazilka,Moga,Pediatrics,4.2,68.4,37.5,79.32,207,3164,83331
Healing Touch Multispeciality Hospital - Gurdaspur,Gurdaspur,Hoshiarpur,Urology,4.2,68.4,31.25,79.32,203,3165,83468
Prime Care Hospital - Ferozepur,Ferozepur,Moga,Cardiology,4.3,63.7,25.0,79.31,236,3166,83605
Prime Care Multispeciality Hospital - Mansa,Mansa,Barnala,Dermatology,4.2,68.3,37.5,79.29,215,3167,83742
Punjab Healthcare - Fatehgarh Sahib,Fatehgarh Sahib,Rajpura,Dermatology,4.2,68.3,31.25,79.29,214,3168,83879
Guru Nanak Medical Centre - Ferozepur,Ferozepur,Barnala,ENT,4.2,68.3,37.5,79.29,216,3169,84016
Fortune Hospital - Malerkotla,Malerkotla,Kapurthala,General Medicine,4.3,63.6,18.75,79.28,214,3170,84153
Mata Kaushalya Healthcare - Patiala,Patiala,Ludhiana,Orthopedics,4.3,63.6,25.0,79.28,203,3171,84290
Punjab Hospital - Jalandhar,Jalandhar,Hoshiarpur,General Surgery,4.2,68.2,37.5,79.26,211,3172,84427
Apex Healthcare - Mansa,Mansa,Barnala,Nephrology,4.2,68.2,37.5,79.26,236,3173,84564
City Care Hospital - Amritsar,Amritsar,Pathankot,Nephrology,4.2,68.2,37.5,79.26,235,3174,84701
Punjab Healthcare - Muktsar,Muktsar,Rajpura,Cardiology,4.3,63.5,25.0,79.25,237,3175,84838
Shivalik Multispeciality Hospital - Patiala,Patiala,Rupnagar,Gastroenterology,4.3,63.5,25.0,79.25,224,3176,84975
Mata Kaushalya Hospital - Pathankot,Pathankot,Nawanshahr,Nephrology,4.3,63.5,18.75,79.25,227,3177,85112
Maharaja Ranjit Singh Healthcare - Moga,Moga,Nawanshahr,Neurology,4.3,63.5,25.0,79.25,195,3178,85249
Fortune Healthcare - Mansa,Mansa,Rupnagar,Pediatrics,4.3,63.5,25.0,79.25,196,3179,85386
Healing Touch Hospital - Fatehgarh Sahib,Fatehgarh Sahib,Malerkotla,General Surgery,4.2,68.1,43.75,79.23,212,3180,85523
Fortune Hospital - Gurdaspur,Gurdaspur,Amritsar,Orthopedics,4.2,68.1,50.0,79.23,211,3181,85660
Sewa Medical Centre - Moga,Moga,Hoshiarpur,Urology,4.2,68.1,37.5,79.23,204,3182,85797
Lifeline Multispeciality Hospital - Mansa,Mansa,Patiala,ENT,4.3,63.4,25.0,79.22,211,3183,85934
Healing Touch Hospital - Bathinda,Bathinda,Kapurthala,Orthopedics,4.3,63.4,25.0,79.22,204,3184,86071
Mata Kaushalya Medical Centre - Rupnagar,Rupnagar,Gurdaspur,Urology,4.3,63.4,12.5,79.22,197,3185,86208
City Care Hospital - Rupnagar,Rupnagar,Firozpur,General Medicine,4.2,68.0,37.5,79.2,225,3186,86345
Shaheed Bhagat Singh Medical Centre - Bathinda,Bathinda,Phagwara,Urology,4.2,68.0,37.5,79.2,205,3187,86482
Sewa Multispeciality Hospital - Muktsar,Muktsar,Patiala,Cardiology,4.3,63.3,18.75,79.19,238,3188,86619
Punjab Multispeciality Hospital - Amritsar,Amritsar,Kapurthala,Dermatology,4.3,63.3,25.0,79.19,209,3189,86756
Guru Nanak Multispeciality Hospital - Ferozepur,Ferozepur,Abohar,Gastroenterology,4.3,63.3,18.75,79.19,226,3190,86893
Healing Touch Medical Centre - Nawanshahr,Nawanshahr,Nawanshahr,Gastroenterology,4.3,63.3,25.0,79.19,225,3191,87030
Apex Healthcare - Kapurthala,Kapurthala,Sangrur,General Medicine,4.3,63.3,18.75,79.19,215,3192,87167
Sewa Healthcare - Kapurthala,Kapurthala,Barnala,Gastroenterology,4.2,67.9,37.5,79.17,232,3193,87304
Punjab Medical Centre - Nawanshahr,Nawanshahr,Patiala,General Surgery,4.2,67.9,31.25,79.17,213,3194,87441
Shivalik Multispeciality Hospital - Fazilka,Fazilka,Ludhiana,Gynecology,4.2,67.9,37.5,79.17,232,3195,87578
Medicare Medical Centre - Fazilka,Fazilka,Rupnagar,Ophthalmology,4.2,67.9,25.0,79.17,209,3196,87715
Lifeline Medical Centre - Moga,Moga,Pathankot,Pediatrics,4.2,67.9,37.5,79.17,208,3197,87852
Punjab Healthcare - Hoshiarpur,Hoshiarpur,Mohali,Urology,4.2,67.9,25.0,79.17,206,3198,87989
Prime Care Medical Centre - Patiala,Patiala,Firozpur,General Surgery,4.3,63.2,25.0,79.16,204,3199,88126
Sunrise Multispeciality Hospital - Faridkot,Faridkot,Gurdaspur,Nephrology,4.3,63.2,12.5,79.16,228,3200,88263
Fortune Medical Centre - Rupnagar,Rupnagar,Khanna,Ophthalmology,4.3,63.2,25.0,79.16,199,3201,88400
Shaheed Bhagat Singh Medical Centre - Muktsar,Muktsar,Pathankot,Ophthalmology,4.3,63.2,18.75,79.16,198,3202,88537
Prime Care Medical Centre - Gurdaspur,Gurdaspur,Kapurthala,Pediatrics,4.3,63.2,12.5,79.16,197,3203,88674
Guru Nanak Hospital - Muktsar,Muktsar,Patiala,Dermatology,4.2,67.8,37.5,79.14,216,3204,88811
Shivalik Multispeciality Hospital - Muktsar,Muktsar,Patiala,ENT,4.2,67.8,43.75,79.14,217,3205,88948
Apex Hospital - Sangrur,Sangrur,Pathankot,Ophthalmology,4.2,67.8,37.5,79.14,212,3206,89085
City Care Medical Centre - Ludhiana,Ludhiana,Gurdaspur,Ophthalmology,4.2,67.8,43.75,79.14,211,3207,89222
Shivalik Multispeciality Hospital - Gurdaspur,Gurdaspur,Khanna,Ophthalmology,4.2,67.8,37.5,79.14,210,3208,89359
Maharaja Ranjit Singh Multispeciality Hospital - Kapurthala,Kapurthala,Phagwara,Nephrology,4.3,63.1,25.0,79.13,229,3209,89496
Sunrise Hospital - Malerkotla,Malerkotla,Abohar,Cardiology,4.2,67.7,25.0,79.11,242,3210,89633
Fortune Multispeciality Hospital - Muktsar,Muktsar,Phagwara,Gastroenterology,4.2,67.7,31.25,79.11,233,3211,89770
Shivalik Multispeciality Hospital - Amritsar,Amritsar,Hoshiarpur,General Medicine,4.2,67.7,37.5,79.11,226,3212,89907
Guru Nanak Hospital - Sangrur,Sangrur,Jalandhar,General Surgery,4.2,67.7,31.25,79.11,214,3213,90044
Shivalik Healthcare - Mansa,Mansa,Muktsar,General Surgery,4.2,67.7,31.25,79.11,215,3214,90181
Shivalik Healthcare - Ferozepur,Ferozepur,Khanna,Orthopedics,4.2,67.7,50.0,79.11,212,3215,90318
Mata Kaushalya Medical Centre - Ludhiana,Ludhiana,Rupnagar,Urology,4.2,67.7,25.0,79.11,207,3216,90455
Guru Nanak Medical Centre - Fatehgarh Sahib,Fatehgarh Sahib,Amritsar,General Surgery,4.3,63.0,25.0,79.1,205,3217,90592
Healing Touch Healthcare - Barnala,Barnala,Moga,Gynecology,4.3,63.0,12.5,79.1,224,3218,90729
Guru Nanak Hospital - Patiala,Patiala,Rajpura,Oncology,4.3,63.0,18.75,79.1,177,3219,90866
Mata Kaushalya Hospital - Rupnagar,Rupnagar,Hoshiarpur,Ophthalmology,4.3,63.0,25.0,79.1,200,3220,91003
Punjab Medical Centre - Kapurthala,Kapurthala,Barnala,Orthopedics,4.3,63.0,25.0,79.1,205,3221,91140
Apex Hospital - Faridkot,Faridkot,Mohali,Urology,4.3,63.0,25.0,79.1,198,3222,91277
Shivalik Hospital - Mansa,Mansa,Khanna,Gastroenterology,4.2,67.6,43.75,79.08,234,3223,91414
Fortune Multispeciality Hospital - Pathankot,Pathankot,Malerkotla,Gynecology,4.2,67.6,37.5,79.08,233,3224,91551
Sunrise Hospital - Nawanshahr,Nawanshahr,Pathankot,General Surgery,4.3,62.9,25.0,79.07,206,3225,91688
Healing Touch Healthcare - Fazilka,Fazilka,Mansa,Cardiology,4.2,67.5,31.25,79.05,243,3226,91825
Prime Care Medical Centre - Nawanshahr,Nawanshahr,Pathankot,Dermatology,4.2,67.5,37.5,79.05,217,3227,91962
Shaheed Bhagat Singh Medical Centre - Ludhiana,Ludhiana,Nawanshahr,Neurology,4.3,62.8,18.75,79.04,196,3228,92099
Medicare Healthcare - Moga,Moga,Malerkotla,Ophthalmology,4.3,62.8,25.0,79.04,201,3229,92236
City Care Medical Centre - Sangrur,Sangrur,Hoshiarpur,Cardiology,4.2,67.4,37.5,79.02,244,3230,92373
City Care Healthcare - Patiala,Patiala,Hoshiarpur,Dermatology,4.2,67.4,43.75,79.02,218,3231,92510
Shaheed Bhagat Singh Healthcare - Hoshiarpur,Hoshiarpur,Moga,General Surgery,4.2,67.4,31.25,79.02,216,3232,92647
Prime Care Hospital - Gurdaspur,Gurdaspur,Abohar,Nephrology,4.2,67.4,43.75,79.02,237,3233,92784
Medicare Healthcare - Ludhiana,Ludhiana,Pathankot,Neurology,4.2,67.4,37.5,79.02,203,3234,92921
Sunrise Multispeciality Hospital - Muktsar,Muktsar,Sangrur,Pediatrics,4.2,67.4,37.5,79.02,209,3235,93058
Sunrise Hospital - Barnala,Barnala,Rajpura,Gastroenterology,4.3,62.7,12.5,79.01,227,3236,93195
Apex Hospital - Patiala,Patiala,Bathinda,Dermatology,4.2,67.3,37.5,78.99,220,3237,93332
Punjab Multispeciality Hospital - Patiala,Patiala,Rajpura,Dermatology,4.2,67.3,37.5,78.99,219,3238,93469
Sewa Hospital - Ludhiana,Ludhiana,Muktsar,Gastroenterology,4.2,67.3,43.75,78.99,235,3239,93606
Prime Care Hospital - Fazilka,Fazilka,Rupnagar,General Surgery,4.2,67.3,25.0,78.99,217,3240,93743
Sewa Healthcare - SAS Nagar,SAS Nagar,Amritsar,General Surgery,4.2,67.3,43.75,78.99,218,3241,93880
Lifeline Hospital - Jalandhar,Jalandhar,Pathankot,Nephrology,4.2,67.3,25.0,78.99,238,3242,94017
City Care Healthcare - Muktsar,Muktsar,Phagwara,Ophthalmology,4.2,67.3,25.0,78.99,214,3243,94154
Shivalik Medical Centre - Mansa,Mansa,Amritsar,Ophthalmology,4.2,67.3,43.75,78.99,213,3244,94291
Shivalik Healthcare - Gurdaspur,Gurdaspur,Nawanshahr,Pediatrics,4.2,67.3,37.5,78.99,210,3245,94428
Shivalik Multispeciality Hospital - Nawanshahr,Nawanshahr,Pathankot,Gastroenterology,4.3,62.6,25.0,78.98,228,3246,94565
Prime Care Healthcare - Fatehgarh Sahib,Fatehgarh Sahib,Gurdaspur,General Medicine,4.3,62.6,18.75,78.98,216,3247,94702
Maharaja Ranjit Singh Medical Centre - Fatehgarh Sahib,Fatehgarh Sahib,Firozpur,Orthopedics,4.3,62.6,25.0,78.98,206,3248,94839
Lifeline Medical Centre - Mansa,Mansa,Malerkotla,Nephrology,4.2,67.2,43.75,78.96,240,3249,94976
Medicare Multispeciality Hospital - Fazilka,Fazilka,Ludhiana,Nephrology,4.2,67.2,31.25,78.96,239,3250,95113
Sunrise Multispeciality Hospital - Kapurthala,Kapurthala,Abohar,Neurology,4.2,67.2,37.5,78.96,204,3251,95250
Mata Kaushalya Hospital - Tarn Taran,Tarn Taran,Kapurthala,Orthopedics,4.2,67.2,37.5,78.96,213,3252,95387
Maharaja Ranjit Singh Medical Centre - Hoshiarpur,Hoshiarpur,Patiala,Gynecology,4.3,62.5,18.75,78.95,225,3253,95524
City Care Healthcare - Amritsar,Amritsar,Bathinda,Neurology,4.3,62.5,18.75,78.95,197,3254,95661
Healing Touch Hospital - Bathinda,Bathinda,Rupnagar,General Surgery,4.2,67.1,31.25,78.93,220,3255,95798
Sunrise Healthcare - Barnala,Barnala,Firozpur,General Surgery,4.2,67.1,31.25,78.93,219,3256,95935
City Care Multispeciality Hospital - Barnala,Barnala,Patiala,Nephrology,4.2,67.1,37.5,78.93,241,3257,96072
Shivalik Multispeciality Hospital - Malerkotla,Malerkotla,Khanna,Nephrology,4.2,67.1,37.5,78.93,242,3258,96209
City Care Healthcare - SAS Nagar,SAS Nagar,Malerkotla,Ophthalmology,4.2,67.1,43.75,78.93,215,3259,96346
Sewa Multispeciality Hospital - Gurdaspur,Gurdaspur,Jalandhar,Ophthalmology,4.2,67.1,37.5,78.93,216,3260,96483
Prime Care Medical Centre - Patiala,Patiala,Moga,Orthopedics,4.2,67.1,37.5,78.93,214,3261,96620
Shivalik Medical Centre - Amritsar,Amritsar,Sangrur,Oncology,4.3,62.4,18.75,78.92,178,3262,96757
Healing Touch Medical Centre - Moga,Moga,Phagwara,Cardiology,4.2,67.0,25.0,78.9,245,3263,96894
Sunrise Hospital - Muktsar,Muktsar,Mansa,Gastroenterology,4.2,67.0,31.25,78.9,236,3264,97031
Prime Care Medical Centre - Pathankot,Pathankot,Ludhiana,General Medicine,4.2,67.0,37.5,78.9,227,3265,97168
City Care Medical Centre - Barnala,Barnala,Firozpur,Neurology,4.2,67.0,43.75,78.9,205,3266,97305
Punjab Healthcare - Mansa,Mansa,Barnala,Oncology,4.2,67.0,43.75,78.9,190,3267,97442
Sunrise Multispeciality Hospital - Gurdaspur,Gurdaspur,Jalandhar,Oncology,4.2,67.0,37.5,78.9,191,3268,97579
Apex Hospital - Mansa,Mansa,Phagwara,Ophthalmology,4.2,67.0,43.75,78.9,217,3269,97716
Punjab Hospital - Nawanshahr,Nawanshahr,Patiala,Gynecology,4.3,62.3,12.5,78.89,226,3270,97853
Punjab Medical Centre - SAS Nagar,SAS Nagar,Hoshiarpur,Oncology,4.3,62.3,12.5,78.89,179,3271,97990
Punjab Multispeciality Hospital - Ludhiana,Ludhiana,Sangrur,Gynecology,4.2,66.9,37.5,78.87,234,3272,98127
Medicare Hospital - Fatehgarh Sahib,Fatehgarh Sahib,Abohar,Nephrology,4.2,66.9,31.25,78.87,243,3273,98264
Healing Touch Hospital - Faridkot,Faridkot,Mohali,Oncology,4.2,66.9,37.5,78.87,192,3274,98401
Mata Kaushalya Medical Centre - Barnala,Barnala,Amritsar,Oncology,4.2,66.9,43.75,78.87,193,3275,98538
Punjab Medical Centre - Gurdaspur,Gurdaspur,Amritsar,Oncology,4.3,62.2,18.75,78.86,180,3276,98675
Apex Multispeciality Hospital - Bathinda,Bathinda,Khanna,Pediatrics,4.3,62.2,12.5,78.86,198,3277,98812
Medicare Medical Centre - Faridkot,Faridkot,Nawanshahr,Neurology,4.2,66.8,31.25,78.84,206,3278,98949
Guru Nanak Healthcare - Faridkot,Faridkot,Ludhiana,Orthopedics,4.2,66.8,31.25,78.84,215,3279,99086
Punjab Medical Centre - Moga,Moga,Jalandhar,Pulmonology,4.2,66.8,43.75,78.84,207,3280,99223
Maharaja Ranjit Singh Hospital - Amritsar,Amritsar,Malerkotla,Dermatology,4.2,66.7,37.5,78.81,221,3281,99360
Shaheed Bhagat Singh Hospital - Ferozepur,Ferozepur,Nawanshahr,Gastroenterology,4.2,66.7,43.75,78.81,237,3282,99497
Sunrise Hospital - Ferozepur,Ferozepur,Abohar,Nephrology,4.2,66.7,31.25,78.81,244,3283,99634
City Care Hospital - Jalandhar,Jalandhar,Mansa,Ophthalmology,4.2,66.7,43.75,78.81,218,3284,99771
Guru Nanak Medical Centre - Tarn Taran,Tarn Taran,Ludhiana,Orthopedics,4.2,66.7,31.25,78.81,216,3285,99908
Punjab Medical Centre - Gurdaspur,Gurdaspur,Mansa,Orthopedics,4.2,66.7,43.75,78.81,217,3286,10045
Mata Kaushalya Healthcare - Jalandhar,Jalandhar,Firozpur,Pulmonology,4.2,66.7,37.5,78.81,208,3287,10182
Sunrise Medical Centre - Tarn Taran,Tarn Taran,Abohar,Pulmonology,4.2,66.7,37.5,78.81,209,3288,10319
Mata Kaushalya Medical Centre - Pathankot,Pathankot,Patiala,Urology,4.2,66.7,31.25,78.81,208,3289,10456
Fortune Multispeciality Hospital - Pathankot,Pathankot,Sangrur,ENT,4.3,62.0,12.5,78.8,212,3290,10593
Apex Hospital - Jalandhar,Jalandhar,Ludhiana,ENT,4.1,71.3,43.75,78.79,246,3291,10730
Shaheed Bhagat Singh Hospital - Jalandhar,Jalandhar,Gurdaspur,ENT,4.2,66.6,31.25,78.78,218,3292,10867
Guru Nanak Medical Centre - Fazilka,Fazilka,Bathinda,Gastroenterology,4.2,66.6,18.75,78.78,239,3293,11004
Sewa Multispeciality Hospital - Moga,Moga,Malerkotla,Gastroenterology,4.2,66.6,43.75,78.78,238,3294,11141
City Care Healthcare - Kapurthala,Kapurthala,Malerkotla,Oncology,4.2,66.6,31.25,78.78,194,3295,11278
Punjab Healthcare - Jalandhar,Jalandhar,Pathankot,Pediatrics,4.2,66.6,31.25,78.78,211,3296,11415
Apex Hospital - Mansa,Mansa,Abohar,Urology,4.2,66.6,31.25,78.78,209,3297,11552
City Care Medical Centre - Jalandhar,Jalandhar,Jalandhar,General Medicine,4.3,61.9,12.5,78.77,218,3298,11689
Fortune Multispeciality Hospital - Gurdaspur,Gurdaspur,Rajpura,General Medicine,4.3,61.9,18.75,78.77,217,3299,11826
Guru Nanak Hospital - Rupnagar,Rupnagar,Rupnagar,General Medicine,4.3,61.9,18.75,78.77,219,3300,11963
Guru Nanak Healthcare - Fazilka,Fazilka,Gurdaspur,Gynecology,4.3,61.9,12.5,78.77,227,3301,12100
Prime Care Multispeciality Hospital - Ferozepur,Ferozepur,Abohar,Dermatology,4.2,66.5,31.25,78.75,222,3302,12237
Sunrise Healthcare - Malerkotla,Malerkotla,Sangrur,ENT,4.2,66.5,37.5,78.75,219,3303,12374
Shivalik Hospital - Nawanshahr,Nawanshahr,Jalandhar,Gastroenterology,4.2,66.5,31.25,78.75,240,3304,12511
Healing Touch Healthcare - Moga,Moga,Abohar,Gynecology,4.2,66.5,25.0,78.75,235,3305,12648
Healing Touch Medical Centre - Faridkot,Faridkot,Kapurthala,Nephrology,4.2,66.5,37.5,78.75,245,3306,12785
Punjab Healthcare - Muktsar,Muktsar,Bathinda,Orthopedics,4.2,66.4,37.5,78.72,219,3307,12922
Shaheed Bhagat Singh Hospital - Ludhiana,Ludhiana,Sangrur,Orthopedics,4.2,66.4,31.25,78.72,218,3308,13059
Sewa Medical Centre - Bathinda,Bathinda,Barnala,Pediatrics,4.2,66.4,37.5,78.72,212,3309,13196
Fortune Medical Centre - Muktsar,Muktsar,Khanna,Urology,4.2,66.4,25.0,78.72,210,3310,13333
Shivalik Medical Centre - Pathankot,Pathankot,Hoshiarpur,Nephrology,4.3,61.7,18.75,78.71,230,3311,13470
Prime Care Hospital - Rupnagar,Rupnagar,Gurdaspur,Cardiology,4.2,66.3,25.0,78.69,247,3312,13607
Sunrise Healthcare - SAS Nagar,SAS Nagar,Phagwara,Cardiology,4.2,66.3,31.25,78.69,246,3313,13744
Fortune Hospital - Pathankot,Pathankot,Rupnagar,ENT,4.2,66.3,31.25,78.69,220,3314,13881
Prime Care Hospital - Nawanshahr,Nawanshahr,Mohali,Gynecology,4.2,66.3,43.75,78.69,236,3315,14018
City Care Medical Centre - Pathankot,Pathankot,Barnala,Oncology,4.2,66.3,37.5,78.69,196,3316,14155
Sewa Hospital - Malerkotla,Malerkotla,Moga,Oncology,4.2,66.3,37.5,78.69,195,3317,14292
Mata Kaushalya Hospital - Kapurthala,Kapurthala,Nawanshahr,Pulmonology,4.2,66.3,31.25,78.69,210,3318,14429
Medicare Hospital - Fazilka,Fazilka,Mohali,Orthopedics,4.3,61.6,18.75,78.68,207,3319,14566
Healing Touch Medical Centre - Fazilka,Fazilka,Mohali,Dermatology,4.2,66.2,37.5,78.66,225,3320,14703
Mata Kaushalya Hospital - Gurdaspur,Gurdaspur,Ludhiana,Dermatology,4.2,66.2,31.25,78.66,224,3321,14840
Medicare Medical Centre - Tarn Taran,Tarn Taran,Jalandhar,Dermatology,4.2,66.2,31.25,78.66,223,3322,14977
Punjab Healthcare - Barnala,Barnala,Rajpura,General Surgery,4.2,66.2,25.0,78.66,221,3323,15114
Prime Care Medical Centre - Rupnagar,Rupnagar,Bathinda,Nephrology,4.2,66.2,37.5,78.66,246,3324,15251
Healing Touch Hospital - Hoshiarpur,Hoshiarpur,Nawanshahr,Neurology,4.2,66.2,31.25,78.66,207,3325,15388
Sewa Medical Centre - SAS Nagar,SAS Nagar,Bathinda,Oncology,4.2,66.2,37.5,78.66,197,3326,15525
Fortune Multispeciality Hospital - Sangrur,Sangrur,Jalandhar,Pediatrics,4.2,66.2,25.0,78.66,213,3327,15662
Fortune Hospital - Ferozepur,Ferozepur,Nawanshahr,Ophthalmology,4.3,61.5,18.75,78.65,202,3328,15799
Maharaja Ranjit Singh Healthcare - Moga,Moga,Hoshiarpur,General Surgery,4.2,66.1,43.75,78.63,222,3329,15936
Lifeline Healthcare - SAS Nagar,SAS Nagar,Rupnagar,Pediatrics,4.2,66.1,25.0,78.63,214,3330,16073
Shaheed Bhagat Singh Hospital - Fatehgarh Sahib,Fatehgarh Sahib,Amritsar,Urology,4.2,66.1,25.0,78.63,211,3331,16210
Healing Touch Medical Centre - Nawanshahr,Nawanshahr,Ludhiana,Oncology,4.3,61.4,12.5,78.62,181,3332,16347
City Care Healthcare - SAS Nagar,SAS Nagar,Pathankot,Gynecology,4.1,70.7,31.25,78.61,252,3333,16484
Shaheed Bhagat Singh Hospital - Fazilka,Fazilka,Barnala,Dermatology,4.2,66.0,18.75,78.6,226,3334,16621
Shaheed Bhagat Singh Hospital - Ludhiana,Ludhiana,Firozpur,Gastroenterology,4.2,66.0,25.0,78.6,241,3335,16758
Prime Care Medical Centre - Patiala,Patiala,Jalandhar,General Medicine,4.2,66.0,31.25,78.6,228,3336,16895
Sewa Healthcare - Tarn Taran,Tarn Taran,Malerkotla,General Surgery,4.2,66.0,25.0,78.6,223,3337,17032
Lifeline Multispeciality Hospital - Tarn Taran,Tarn Taran,Mohali,Neurology,4.2,66.0,25.0,78.6,208,3338,17169
Fortune Multispeciality Hospital - Gurdaspur,Gurdaspur,Kapurthala,Ophthalmology,4.2,66.0,31.25,78.6,219,3339,17306
Maharaja Ranjit Singh Healthcare - Rupnagar,Rupnagar,Nawanshahr,Pediatrics,4.2,66.0,31.25,78.6,215,3340,17443
Medicare Multispeciality Hospital - Rupnagar,Rupnagar,Ludhiana,Pulmonology,4.2,66.0,37.5,78.6,211,3341,17580
City Care Multispeciality Hospital - Nawanshahr,Nawanshahr,Muktsar,Dermatology,4.2,65.9,37.5,78.57,227,3342,17717
Shivalik Medical Centre - Ludhiana,Ludhiana,Patiala,Dermatology,4.2,65.9,31.25,78.57,228,3343,17854
Mata Kaushalya Medical Centre - Fatehgarh Sahib,Fatehgarh Sahib,Rajpura,Gastroenterology,4.2,65.9,37.5,78.57,242,3344,17991
Fortune Healthcare - Muktsar,Muktsar,Abohar,Gynecology,4.2,65.9,37.5,78.57,238,3345,18128
Sunrise Medical Centre - Sangrur,Sangrur,Mansa,Gynecology,4.2,65.9,37.5,78.57,237,3346,18265
Guru Nanak Medical Centre - Ludhiana,Ludhiana,Kapurthala,Nephrology,4.2,65.9,31.25,78.57,247,3347,18402
Healing Touch Healthcare - Gurdaspur,Gurdaspur,Ludhiana,Neurology,4.2,65.9,25.0,78.57,209,3348,18539
City Care Hospital - Sangrur,Sangrur,Firozpur,Pediatrics,4.2,65.9,37.5,78.57,216,3349,18676
Guru Nanak Multispeciality Hospital - Patiala,Patiala,Khanna,Pulmonology,4.2,65.9,25.0,78.57,212,3350,18813
Shaheed Bhagat Singh Medical Centre - Jalandhar,Jalandhar,Rajpura,Dermatology,4.2,65.8,31.25,78.54,229,3351,18950
Prime Care Multispeciality Hospital - Fatehgarh Sahib,Fatehgarh Sahib,Jalandhar,Gastroenterology,4.2,65.8,25.0,78.54,243,3352,19087
Punjab Multispeciality Hospital - Muktsar,Muktsar,Gurdaspur,General Medicine,4.2,65.8,37.5,78.54,229,3353,19224
Shaheed Bhagat Singh Healthcare - Tarn Taran,Tarn Taran,Gurdaspur,Neurology,4.2,65.8,31.25,78.54,210,3354,19361
Mata Kaushalya Multispeciality Hospital - Kapurthala,Kapurthala,Abohar,Oncology,4.2,65.8,37.5,78.54,198,3355,19498
Shivalik Medical Centre - Bathinda,Bathinda,Mansa,Pediatrics,4.2,65.8,37.5,78.54,217,3356,19635
Lifeline Hospital - Barnala,Barnala,Muktsar,Gastroenterology,4.3,61.1,18.75,78.53,229,3357,19772
Fortune Healthcare - Muktsar,Muktsar,Phagwara,General Surgery,4.3,61.1,18.75,78.53,207,3358,19909
Medicare Medical Centre - Malerkotla,Malerkotla,Pathankot,Urology,4.1,70.4,37.5,78.52,232,3359,20046
City Care Hospital - Moga,Moga,Firozpur,General Surgery,4.2,65.7,31.25,78.51,225,3360,20183
Prime Care Healthcare - Barnala,Barnala,Mansa,General Surgery,4.2,65.7,31.25,78.51,224,3361,20320
Shivalik Healthcare - Hoshiarpur,Hoshiarpur,Mansa,Nephrology,4.2,65.7,31.25,78.51,248,3362,20457
Fortune Multispeciality Hospital - SAS Nagar,SAS Nagar,Hoshiarpur,Oncology,4.2,65.7,25.0,78.51,199,3363,20594
Prime Care Medical Centre - Malerkotla,Malerkotla,Moga,Oncology,4.2,65.7,25.0,78.51,200,3364,20731
Sewa Medical Centre - Jalandhar,Jalandhar,Pathankot,Ophthalmology,4.2,65.7,31.25,78.51,220,3365,20868
Lifeline Hospital - Moga,Moga,Pathankot,Orthopedics,4.2,65.7,18.75,78.51,220,3366,21005
Fortune Medical Centre - Jalandhar,Jalandhar,Barnala,Pulmonology,4.2,65.7,31.25,78.51,214,3367,21142
Sewa Healthcare - Rupnagar,Rupnagar,Mohali,Pulmonology,4.2,65.7,25.0,78.51,213,3368,21279
Fortune Medical Centre - Nawanshahr,Nawanshahr,Gurdaspur,Dermatology,4.3,61.0,12.5,78.5,210,3369,21416
Shivalik Healthcare - Sangrur,Sangrur,Phagwara,Oncology,4.3,61.0,18.75,78.5,182,3370,21553
Prime Care Healthcare - Muktsar,Muktsar,Muktsar,Ophthalmology,4.3,61.0,12.5,78.5,203,3371,21690
Shaheed Bhagat Singh Healthcare - Ludhiana,Ludhiana,Malerkotla,ENT,4.2,65.6,37.5,78.48,222,3372,21827
Sunrise Medical Centre - Amritsar,Amritsar,Bathinda,ENT,4.2,65.6,37.5,78.48,221,3373,21964
Maharaja Ranjit Singh Multispeciality Hospital - Fatehgarh Sahib,Fatehgarh Sahib,Firozpur,Neurology,4.2,65.6,18.75,78.48,211,3374,22101
Sewa Medical Centre - Muktsar,Muktsar,Phagwara,Ophthalmology,4.2,65.6,37.5,78.48,221,3375,22238
Sunrise Healthcare - Pathankot,Pathankot,Amritsar,Pediatrics,4.2,65.6,25.0,78.48,218,3376,22375
Mata Kaushalya Medical Centre - Fatehgarh Sahib,Fatehgarh Sahib,Rajpura,Dermatology,4.2,65.5,31.25,78.45,230,3377,22512
Prime Care Healthcare - Gurdaspur,Gurdaspur,Mansa,ENT,4.2,65.5,31.25,78.45,223,3378,22649
Maharaja Ranjit Singh Hospital - Sangrur,Sangrur,Mohali,Gastroenterology,4.2,65.5,31.25,78.45,244,3379,22786
City Care Healthcare - Ferozepur,Ferozepur,Mansa,General Surgery,4.2,65.5,31.25,78.45,227,3380,22923
Guru Nanak Multispeciality Hospital - Kapurthala,Kapurthala,Gurdaspur,General Surgery,4.2,65.5,31.25,78.45,226,3381,23060
Fortune Healthcare - Kapurthala,Kapurthala,Mansa,Gynecology,4.2,65.5,37.5,78.45,239,3382,23197
Fortune Multispeciality Hospital - Barnala,Barnala,Kapurthala,Gynecology,4.2,65.5,31.25,78.45,240,3383,23334
City Care Hospital - Faridkot,Faridkot,Kapurthala,Oncology,4.2,65.5,37.5,78.45,201,3384,23471
Prime Care Hospital - Ludhiana,Ludhiana,Nawanshahr,Urology,4.2,65.5,37.5,78.45,212,3385,23608
Maharaja Ranjit Singh Multispeciality Hospital - Amritsar,Amritsar,Abohar,General Surgery,4.2,65.4,25.0,78.42,228,3386,23745
Healing Touch Medical Centre - Kapurthala,Kapurthala,Bathinda,Ophthalmology,4.2,65.4,18.75,78.42,222,3387,23882
Punjab Medical Centre - Mansa,Mansa,Ludhiana,Orthopedics,4.2,65.4,31.25,78.42,221,3388,24019
Apex Medical Centre - Faridkot,Faridkot,Firozpur,Pediatrics,4.2,65.4,37.5,78.42,219,3389,24156
City Care Multispeciality Hospital - Tarn Taran,Tarn Taran,Amritsar,Pulmonology,4.2,65.4,25.0,78.42,215,3390,24293
Mata Kaushalya Hospital - Gurdaspur,Gurdaspur,Bathinda,Pediatrics,4.3,60.7,12.5,78.41,199,3391,24430
Prime Care Medical Centre - Amritsar,Amritsar,Muktsar,Dermatology,4.1,70.0,43.75,78.4,252,3392,24567
Shaheed Bhagat Singh Multispeciality Hospital - Fatehgarh Sahib,Fatehgarh Sahib,Mansa,Dermatology,4.2,65.3,31.25,78.39,231,3393,24704
Shaheed Bhagat Singh Multispeciality Hospital - Amritsar,Amritsar,Ludhiana,Gastroenterology,4.2,65.3,31.25,78.39,245,3394,24841
Guru Nanak Hospital - Nawanshahr,Nawanshahr,Patiala,General Medicine,4.2,65.3,31.25,78.39,230,3395,24978
Maharaja Ranjit Singh Hospital - Bathinda,Bathinda,Barnala,Gynecology,4.2,65.3,31.25,78.39,241,3396,25115
Healing Touch Healthcare - SAS Nagar,SAS Nagar,Pathankot,Ophthalmology,4.2,65.3,31.25,78.39,223,3397,25252
Sunrise Hospital - Rupnagar,Rupnagar,Bathinda,Orthopedics,4.2,65.3,18.75,78.39,222,3398,25389
Fortune Multispeciality Hospital - Fazilka,Fazilka,Nawanshahr,Urology,4.2,65.3,37.5,78.39,214,3399,25526
Lifeline Hospital - Nawanshahr,Nawanshahr,Pathankot,Urology,4.2,65.3,31.25,78.39,213,3400,25663
Healing Touch Multispeciality Hospital - Amritsar,Amritsar,Gurdaspur,Cardiology,4.2,65.2,25.0,78.36,248,3401,25800
Shivalik Medical Centre - Moga,Moga,Nawanshahr,Dermatology,4.2,65.2,31.25,78.36,232,3402,25937
Apex Hospital - Barnala,Barnala,Nawanshahr,ENT,4.2,65.2,31.25,78.36,225,3403,26074
Mata Kaushalya Multispeciality Hospital - Ludhiana,Ludhiana,Hoshiarpur,ENT,4.2,65.2,37.5,78.36,224,3404,26211
City Care Hospital - SAS Nagar,SAS Nagar,Barnala,General Medicine,4.2,65.2,31.25,78.36,231,3405,26348
City Care Medical Centre - Patiala,Patiala,Sangrur,General Surgery,4.2,65.2,25.0,78.36,229,3406,26485
Lifeline Healthcare - Sangrur,Sangrur,Kapurthala,Gynecology,4.2,65.2,25.0,78.36,242,3407,26622
Shaheed Bhagat Singh Medical Centre - Amritsar,Amritsar,Abohar,Pediatrics,4.2,65.2,25.0,78.36,220,3408,26759
Fortune Healthcare - Mansa,Mansa,Patiala,Urology,4.2,65.2,31.25,78.36,216,3409,26896
Sunrise Multispeciality Hospital - Hoshiarpur,Hoshiarpur,Nawanshahr,Urology,4.2,65.2,25.0,78.36,215,3410,27033
Punjab Medical Centre - Patiala,Patiala,Abohar,General Surgery,4.1,69.8,43.75,78.34,246,3411,27170
City Care Healthcare - Muktsar,Muktsar,Nawanshahr,Ophthalmology,4.1,69.8,37.5,78.34,241,3412,27307
Healing Touch Healthcare - Patiala,Patiala,Nawanshahr,Cardiology,4.2,65.1,31.25,78.33,249,3413,27444
Sunrise Healthcare - Jalandhar,Jalandhar,Mohali,Dermatology,4.2,65.1,25.0,78.33,233,3414,27581
Punjab Hospital - Muktsar,Muktsar,Sangrur,Gastroenterology,4.2,65.1,31.25,78.33,246,3415,27718
Healing Touch Multispeciality Hospital - Sangrur,Sangrur,Malerkotla,General Surgery,4.2,65.1,31.25,78.33,230,3416,27855
City Care Multispeciality Hospital - Pathankot,Pathankot,Moga,Gynecology,4.2,65.1,25.0,78.33,243,3417,27992
Medicare Multispeciality Hospital - Sangrur,Sangrur,Pathankot,Gynecology,4.2,65.1,37.5,78.33,244,3418,28129
Shaheed Bhagat Singh Hospital - Fatehgarh Sahib,Fatehgarh Sahib,Mansa,Nephrology,4.2,65.1,25.0,78.33,249,3419,28266
Medicare Medical Centre - Fazilka,Fazilka,Sangrur,Oncology,4.2,65.1,37.5,78.33,202,3420,28403
Guru Nanak Hospital - Faridkot,Faridkot,Rupnagar,Ophthalmology,4.2,65.1,25.0,78.33,224,3421,28540
Lifeline Medical Centre - Kapurthala,Kapurthala,Patiala,Ophthalmology,4.2,65.1,37.5,78.33,225,3422,28677
Healing Touch Multispeciality Hospital - Ludhiana,Ludhiana,Phagwara,Urology,4.2,65.1,25.0,78.33,217,3423,28814
Shaheed Bhagat Singh Multispeciality Hospital - Gurdaspur,Gurdaspur,Phagwara,Dermatology,4.2,65.0,25.0,78.3,234,3424,28951
Prime Care Healthcare - Pathankot,Pathankot,Hoshiarpur,ENT,4.2,65.0,31.25,78.3,226,3425,29088
Apex Multispeciality Hospital - Ferozepur,Ferozepur,Ludhiana,General Medicine,4.2,65.0,31.25,78.3,232,3426,29225
Apex Healthcare - Kapurthala,Kapurthala,Jalandhar,Nephrology,4.2,65.0,37.5,78.3,250,3427,29362
Sunrise Hospital - Fatehgarh Sahib,Fatehgarh Sahib,Phagwara,Neurology,4.2,65.0,25.0,78.3,212,3428,29499
Apex Healthcare - Gurdaspur,Gurdaspur,Sangrur,Ophthalmology,4.2,65.0,25.0,78.3,226,3429,29636
Medicare Healthcare - Sangrur,Sangrur,Rupnagar,Orthopedics,4.2,65.0,31.25,78.3,223,3430,29773
City Care Healthcare - Gurdaspur,Gurdaspur,Muktsar,Urology,4.2,65.0,37.5,78.3,218,3431,29910
Guru Nanak Healthcare - Hoshiarpur,Hoshiarpur,Khanna,Dermatology,4.2,64.9,31.25,78.27,235,3432,30047
Apex Medical Centre - Mansa,Mansa,Malerkotla,Gastroenterology,4.2,64.9,37.5,78.27,248,3433,30184
Punjab Hospital - Mansa,Mansa,Malerkotla,Gastroenterology,4.2,64.9,25.0,78.27,247,3434,30321
Punjab Multispeciality Hospital - Hoshiarpur,Hoshiarpur,Rajpura,General Medicine,4.2,64.9,37.5,78.27,233,3435,30458
City Care Medical Centre - Faridkot,Faridkot,Moga,General Surgery,4.2,64.9,37.5,78.27,231,3436,30595
Shaheed Bhagat Singh Hospital - Kapurthala,Kapurthala,Barnala,Neurology,4.2,64.9,31.25,78.27,213,3437,30732
Prime Care Multispeciality Hospital - Nawanshahr,Nawanshahr,Rajpura,Pulmonology,4.2,64.9,37.5,78.27,216,3438,30869
Shivalik Multispeciality Hospital - Fatehgarh Sahib,Fatehgarh Sahib,Sangrur,Pulmonology,4.2,64.9,25.0,78.27,217,3439,31006
Punjab Hospital - Tarn Taran,Tarn Taran,Amritsar,Urology,4.2,64.9,31.25,78.27,219,3440,31143
Sunrise Hospital - Faridkot,Faridkot,Nawanshahr,Oncology,4.3,60.2,12.5,78.26,183,3441,31280
Lifeline Hospital - Hoshiarpur,Hoshiarpur,Bathinda,Dermatology,4.1,69.5,43.75,78.25,254,3442,31417
Shivalik Medical Centre - Fazilka,Fazilka,Gurdaspur,Dermatology,4.1,69.5,37.5,78.25,253,3443,31554
Medicare Healthcare - Jalandhar,Jalandhar,Bathinda,Gastroenterology,4.1,69.5,37.5,78.25,264,3444,31691
City Care Medical Centre - Sangrur,Sangrur,Jalandhar,Gynecology,4.1,69.5,37.5,78.25,253,3445,31828
Fortune Healthcare - Bathinda,Bathinda,Amritsar,Urology,4.1,69.5,43.75,78.25,233,3446,31965
Shivalik Multispeciality Hospital - Patiala,Patiala,Sangrur,Urology,4.1,69.5,37.5,78.25,234,3447,32102
City Care Medical Centre - Jalandhar,Jalandhar,Amritsar,ENT,4.2,64.8,31.25,78.24,228,3448,32239
Fortune Hospital - Ferozepur,Ferozepur,Gurdaspur,ENT,4.2,64.8,37.5,78.24,227,3449,32376
Fortune Medical Centre - Gurdaspur,Gurdaspur,Patiala,General Medicine,4.2,64.8,25.0,78.24,236,3450,32513
Guru Nanak Healthcare - Tarn Taran,Tarn Taran,Sangrur,General Medicine,4.2,64.8,25.0,78.24,234,3451,32650
Sewa Medical Centre - Bathinda,Bathinda,Mohali,General Medicine,4.2,64.8,25.0,78.24,235,3452,32787
Guru Nanak Medical Centre - Ludhiana,Ludhiana,Rupnagar,Oncology,4.2,64.8,31.25,78.24,203,3453,32924
Sunrise Multispeciality Hospital - Moga,Moga,Sangrur,Oncology,4.2,64.8,25.0,78.24,204,3454,33061
Healing Touch Multispeciality Hospital - Jalandhar,Jalandhar,Kapurthala,Pulmonology,4.2,64.8,37.5,78.24,218,3455,33198
Fortune Hospital - Kapurthala,Kapurthala,Rajpura,Urology,4.2,64.8,25.0,78.24,220,3456,33335
Guru Nanak Hospital - Gurdaspur,Gurdaspur,Phagwara,General Surgery,4.2,64.7,37.5,78.21,232,3457,33472
Lifeline Multispeciality Hospital - Pathankot,Pathankot,Ludhiana,Gynecology,4.2,64.7,37.5,78.21,245,3458,33609
City Care Hospital - Mansa,Mansa,Nawanshahr,Ophthalmology,4.2,64.7,37.5,78.21,227,3459,33746
Guru Nanak Hospital - Gurdaspur,Gurdaspur,Hoshiarpur,Pediatrics,4.2,64.7,37.5,78.21,221,3460,33883
City Care Medical Centre - Amritsar,Amritsar,Bathinda,Orthopedics,4.3,60.0,12.5,78.2,208,3461,34020
Apex Multispeciality Hospital - Ferozepur,Ferozepur,Moga,Cardiology,4.1,69.3,37.5,78.19,264,3462,34157
Fortune Medical Centre - Ludhiana,Ludhiana,Barnala,Ophthalmology,4.1,69.3,43.75,78.19,242,3463,34294
Fortune Medical Centre - Patiala,Patiala,Sangrur,Pulmonology,4.1,69.3,37.5,78.19,238,3464,34431
City Care Medical Centre - Barnala,Barnala,Pathankot,ENT,4.2,64.6,31.25,78.18,230,3465,34568
Maharaja Ranjit Singh Multispeciality Hospital - Rupnagar,Rupnagar,Khanna,ENT,4.2,64.6,31.25,78.18,229,3466,34705
Mata Kaushalya Healthcare - Hoshiarpur,Hoshiarpur,Firozpur,ENT,4.2,64.6,25.0,78.18,231,3467,34842
Healing Touch Multispeciality Hospital - SAS Nagar,SAS Nagar,Pathankot,Gastroenterology,4.2,64.6,37.5,78.18,249,3468,34979
Shaheed Bhagat Singh Healthcare - Barnala,Barnala,Hoshiarpur,General Medicine,4.2,64.6,31.25,78.18,237,3469,35116
Prime Care Multispeciality Hospital - Ferozepur,Ferozepur,Rajpura,Gynecology,4.2,64.6,18.75,78.18,246,3470,35253
Shivalik Medical Centre - Patiala,Patiala,Malerkotla,Oncology,4.2,64.6,25.0,78.18,205,3471,35390
Maharaja Ranjit Singh Multispeciality Hospital - Pathankot,Pathankot,Patiala,Pediatrics,4.2,64.6,25.0,78.18,222,3472,35527
Shivalik Medical Centre - SAS Nagar,SAS Nagar,Pathankot,Pulmonology,4.2,64.6,37.5,78.18,219,3473,35664
Maharaja Ranjit Singh Hospital - Barnala,Barnala,Firozpur,Cardiology,4.2,64.5,37.5,78.15,250,3474,35801
Mata Kaushalya Medical Centre - Bathinda,Bathinda,Phagwara,Dermatology,4.2,64.5,31.25,78.15,236,3475,35938
Punjab Hospital - Jalandhar,Jalandhar,Malerkotla,ENT,4.2,64.5,25.0,78.15,232,3476,36075
Healing Touch Multispeciality Hospital - Fazilka,Fazilka,Amritsar,Gastroenterology,4.2,64.5,31.25,78.15,250,3477,36212
Medicare Hospital - Mansa,Mansa,Ludhiana,Gastroenterology,4.2,64.5,31.25,78.15,251,3478,36349
Mata Kaushalya Healthcare - Rupnagar,Rupnagar,Ludhiana,Neurology,4.2,64.5,37.5,78.15,214,3479,36486
Prime Care Medical Centre - Mansa,Mansa,Amritsar,Neurology,4.2,64.5,25.0,78.15,215,3480,36623
Punjab Healthcare - Mansa,Mansa,Barnala,Oncology,4.2,64.5,25.0,78.15,206,3481,36760
Healing Touch Medical Centre - Bathinda,Bathinda,Pathankot,Ophthalmology,4.2,64.5,31.25,78.15,229,3482,36897
Sunrise Healthcare - Bathinda,Bathinda,Hoshiarpur,Ophthalmology,4.2,64.5,31.25,78.15,228,3483,37034
Shaheed Bhagat Singh Multispeciality Hospital - Ferozepur,Ferozepur,Bathinda,Pulmonology,4.2,64.5,31.25,78.15,220,3484,37171
Fortune Hospital - Faridkot,Faridkot,Mohali,Ophthalmology,4.1,69.1,37.5,78.13,243,3485,37308
Mata Kaushalya Hospital - Ludhiana,Ludhiana,Moga,Pediatrics,4.1,69.1,37.5,78.13,232,3486,37445
Mata Kaushalya Multispeciality Hospital - Barnala,Barnala,Moga,Cardiology,4.2,64.4,37.5,78.12,251,3487,37582
Medicare Hospital - Bathinda,Bathinda,Hoshiarpur,Dermatology,4.2,64.4,25.0,78.12,237,3488,37719
Healing Touch Medical Centre - Faridkot,Faridkot,Nawanshahr,Gastroenterology,4.2,64.4,37.5,78.12,252,3489,37856
Mata Kaushalya Medical Centre - Ferozepur,Ferozepur,Moga,General Surgery,4.2,64.4,31.25,78.12,233,3490,37993
Apex Hospital - Hoshiarpur,Hoshiarpur,Hoshiarpur,Pediatrics,4.2,64.4,31.25,78.12,223,3491,38130
Apex Healthcare - Jalandhar,Jalandhar,Phagwara,Oncology,4.1,69.0,43.75,78.1,220,3492,38267
Fortune Medical Centre - Nawanshahr,Nawanshahr,Muktsar,Ophthalmology,4.1,69.0,43.75,78.1,244,3493,38404
Sewa Medical Centre - Faridkot,Faridkot,Khanna,Cardiology,4.2,64.3,18.75,78.09,252,3494,38541
Lifeline Hospital - Bathinda,Bathinda,Abohar,Dermatology,4.2,64.3,37.5,78.09,238,3495,38678
Maharaja Ranjit Singh Hospital - Kapurthala,Kapurthala,Jalandhar,Dermatology,4.2,64.3,18.75,78.09,240,3496,38815
Prime Care Hospital - Jalandhar,Jalandhar,Rupnagar,Dermatology,4.2,64.3,25.0,78.09,239,3497,38952
Punjab Medical Centre - Pathankot,Pathankot,Hoshiarpur,Gastroenterology,4.2,64.3,31.25,78.09,253,3498,39089
Apex Multispeciality Hospital - Pathankot,Pathankot,Hoshiarpur,Gynecology,4.2,64.3,31.25,78.09,248,3499,39226
Sunrise Multispeciality Hospital - Ludhiana,Ludhiana,Mohali,Gynecology,4.2,64.3,25.0,78.09,247,3500,39363
Apex Healthcare - Malerkotla,Malerkotla,Khanna,Ophthalmology,4.2,64.3,25.0,78.09,230,3501,39500
Shaheed Bhagat Singh Medical Centre - Rupnagar,Rupnagar,Amritsar,Orthopedics,4.2,64.3,25.0,78.09,224,3502,39637
Fortune Medical Centre - Fatehgarh Sahib,Fatehgarh Sahib,Malerkotla,Pulmonology,4.2,64.3,25.0,78.09,221,3503,39774
Shivalik Healthcare - Ferozepur,Ferozepur,Mansa,Gynecology,4.1,68.9,50.0,78.07,254,3504,39911
Lifeline Multispeciality Hospital - Fatehgarh Sahib,Fatehgarh Sahib,Moga,Cardiology,4.2,64.2,25.0,78.06,253,3505,40048
Punjab Multispeciality Hospital - Rupnagar,Rupnagar,Abohar,Gastroenterology,4.2,64.2,31.25,78.06,254,3506,40185
Punjab Healthcare - Kapurthala,Kapurthala,Firozpur,General Medicine,4.2,64.2,31.25,78.06,238,3507,40322
Punjab Multispeciality Hospital - Jalandhar,Jalandhar,Mohali,Neurology,4.2,64.2,18.75,78.06,216,3508,40459
Healing Touch Multispeciality Hospital - Moga,Moga,Pathankot,Ophthalmology,4.2,64.2,25.0,78.06,231,3509,40596
Punjab Medical Centre - Faridkot,Faridkot,Kapurthala,Urology,4.2,64.2,31.25,78.06,221,3510,40733
Shivalik Hospital - Malerkotla,Malerkotla,Abohar,Gynecology,4.1,68.8,43.75,78.04,255,3511,40870
Maharaja Ranjit Singh Multispeciality Hospital - Muktsar,Muktsar,Khanna,Nephrology,4.1,68.8,37.5,78.04,256,3512,41007
Lifeline Hospital - Fazilka,Fazilka,Bathinda,Cardiology,4.2,64.1,31.25,78.03,254,3513,41144
Sunrise Healthcare - Jalandhar,Jalandhar,Firozpur,General Medicine,4.2,64.1,25.0,78.03,239,3514,41281
Lifeline Multispeciality Hospital - Sangrur,Sangrur,Barnala,Gynecology,4.2,64.1,31.25,78.03,249,3515,41418
Mata Kaushalya Healthcare - Barnala,Barnala,Nawanshahr,Nephrology,4.2,64.1,31.25,78.03,251,3516,41555
Healing Touch Medical Centre - Ferozepur,Ferozepur,Patiala,Ophthalmology,4.2,64.1,18.75,78.03,232,3517,41692
Guru Nanak Healthcare - Jalandhar,Jalandhar,Malerkotla,Pulmonology,4.2,64.1,31.25,78.03,223,3518,41829
Guru Nanak Hospital - Nawanshahr,Nawanshahr,Abohar,Pulmonology,4.2,64.1,25.0,78.03,222,3519,41966
Punjab Multispeciality Hospital - Tarn Taran,Tarn Taran,Phagwara,Pulmonology,4.2,64.1,18.75,78.03,224,3520,42103
Healing Touch Multispeciality Hospital - Fazilka,Fazilka,Pathankot,Urology,4.2,64.1,31.25,78.03,222,3521,42240
Mata Kaushalya Multispeciality Hospital - Tarn Taran,Tarn Taran,Hoshiarpur,Neurology,4.1,68.7,37.5,78.01,225,3522,42377
Fortune Healthcare - Rupnagar,Rupnagar,Mansa,Pulmonology,4.1,68.7,43.75,78.01,239,3523,42514
Sewa Multispeciality Hospital - Bathinda,Bathinda,Hoshiarpur,Cardiology,4.2,64.0,31.25,78.0,255,3524,42651
Shaheed Bhagat Singh Multispeciality Hospital - Patiala,Patiala,Mansa,Gastroenterology,4.2,64.0,31.25,78.0,255,3525,42788
Lifeline Hospital - Bathinda,Bathinda,Sangrur,General Medicine,4.2,64.0,25.0,78.0,240,3526,42925
Shivalik Multispeciality Hospital - Pathankot,Pathankot,Muktsar,General Surgery,4.2,64.0,31.25,78.0,234,3527,43062
Sewa Healthcare - Faridkot,Faridkot,Patiala,Neurology,4.2,64.0,25.0,78.0,217,3528,43199
Mata Kaushalya Multispeciality Hospital - Jalandhar,Jalandhar,Gurdaspur,Oncology,4.2,64.0,25.0,78.0,207,3529,43336
Prime Care Medical Centre - Ludhiana,Ludhiana,Rajpura,Ophthalmology,4.2,64.0,25.0,78.0,233,3530,43473
Shivalik Hospital - Tarn Taran,Tarn Taran,Barnala,Pulmonology,4.2,64.0,25.0,78.0,225,3531,43610
Healing Touch Multispeciality Hospital - Nawanshahr,Nawanshahr,Hoshiarpur,Urology,4.2,64.0,31.25,78.0,223,3532,43747
Medicare Multispeciality Hospital - Patiala,Patiala,Amritsar,Urology,4.2,64.0,31.25,78.0,224,3533,43884
Shaheed Bhagat Singh Hospital - Rupnagar,Rupnagar,Hoshiarpur,Pulmonology,4.1,68.6,37.5,77.98,240,3534,44021
Sunrise Healthcare - Patiala,Patiala,Khanna,Dermatology,4.2,63.9,25.0,77.97,241,3535,44158
Medicare Hospital - Barnala,Barnala,Mansa,Gastroenterology,4.2,63.9,31.25,77.97,256,3536,44295
Lifeline Multispeciality Hospital - Barnala,Barnala,Rajpura,Neurology,4.2,63.9,18.75,77.97,218,3537,44432
Medicare Healthcare - Rupnagar,Rupnagar,Patiala,Neurology,4.2,63.9,25.0,77.97,219,3538,44569
Apex Multispeciality Hospital - Malerkotla,Malerkotla,Barnala,Oncology,4.2,63.9,25.0,77.97,208,3539,44706
Maharaja Ranjit Singh Medical Centre - Muktsar,Muktsar,Muktsar,Oncology,4.2,63.9,31.25,77.97,209,3540,44843
Apex Hospital - Faridkot,Faridkot,Malerkotla,Orthopedics,4.2,63.9,31.25,77.97,225,3541,44980
Medicare Multispeciality Hospital - Hoshiarpur,Hoshiarpur,Gurdaspur,Pediatrics,4.2,63.9,25.0,77.97,224,3542,45117
Prime Care Hospital - Faridkot,Faridkot,Khanna,Nephrology,4.1,68.5,31.25,77.95,257,3543,45254
Shaheed Bhagat Singh Multispeciality Hospital - Malerkotla,Malerkotla,Gurdaspur,ENT,4.2,63.8,31.25,77.94,233,3544,45391
Punjab Healthcare - Fatehgarh Sahib,Fatehgarh Sahib,Abohar,Oncology,4.2,63.8,25.0,77.94,210,3545,45528
Shaheed Bhagat Singh Hospital - Tarn Taran,Tarn Taran,Ludhiana,Orthopedics,4.2,63.8,18.75,77.94,226,3546,45665
City Care Hospital - SAS Nagar,SAS Nagar,Sangrur,Pulmonology,4.2,63.8,31.25,77.94,227,3547,45802
Maharaja Ranjit Singh Multispeciality Hospital - Rupnagar,Rupnagar,Ludhiana,Pulmonology,4.2,63.8,25.0,77.94,226,3548,45939
Shivalik Medical Centre - Sangrur,Sangrur,Pathankot,Urology,4.2,63.8,31.25,77.94,225,3549,46076
Sewa Hospital - Patiala,Patiala,Rajpura,Gastroenterology,4.1,68.4,37.5,77.92,265,3550,46213
Sunrise Multispeciality Hospital - Faridkot,Faridkot,Pathankot,Nephrology,4.1,68.4,37.5,77.92,258,3551,46350
Apex Multispeciality Hospital - Amritsar,Amritsar,Barnala,Neurology,4.1,68.4,25.0,77.92,226,3552,46487
Healing Touch Hospital - Tarn Taran,Tarn Taran,Hoshiarpur,Cardiology,4.2,63.7,31.25,77.91,256,3553,46624
Sewa Healthcare - Faridkot,Faridkot,Jalandhar,Dermatology,4.2,63.7,25.0,77.91,242,3554,46761
Lifeline Medical Centre - SAS Nagar,SAS Nagar,Malerkotla,ENT,4.2,63.7,25.0,77.91,234,3555,46898
City Care Medical Centre - Jalandhar,Jalandhar,Mansa,Gastroenterology,4.2,63.7,31.25,77.91,257,3556,47035
Lifeline Multispeciality Hospital - Ferozepur,Ferozepur,Amritsar,General Surgery,4.2,63.7,25.0,77.91,235,3557,47172
Shaheed Bhagat Singh Hospital - Rupnagar,Rupnagar,Firozpur,Gynecology,4.2,63.7,25.0,77.91,251,3558,47309
Sunrise Medical Centre - Malerkotla,Malerkotla,Amritsar,Gynecology,4.2,63.7,25.0,77.91,250,3559,47446
City Care Hospital - Mansa,Mansa,Pathankot,Urology,4.2,63.7,31.25,77.91,227,3560,47583
Maharaja Ranjit Singh Healthcare - Tarn Taran,Tarn Taran,Barnala,Urology,4.2,63.7,31.25,77.91,226,3561,47720
Shaheed Bhagat Singh Hospital - Gurdaspur,Gurdaspur,Nawanshahr,Pulmonology,4.1,68.3,43.75,77.89,241,3562,47857
Sunrise Hospital - Pathankot,Pathankot,Nawanshahr,ENT,4.2,63.6,31.25,77.88,235,3563,47994
Fortune Medical Centre - Barnala,Barnala,Bathinda,General Medicine,4.2,63.6,25.0,77.88,241,3564,48131
Maharaja Ranjit Singh Healthcare - Bathinda,Bathinda,Hoshiarpur,General Medicine,4.2,63.6,25.0,77.88,242,3565,48268
Lifeline Healthcare - Fazilka,Fazilka,Rupnagar,Oncology,4.2,63.6,25.0,77.88,211,3566,48405
Fortune Healthcare - Ludhiana,Ludhiana,Rupnagar,General Medicine,4.1,68.2,37.5,77.86,249,3567,48542
Shivalik Healthcare - Barnala,Barnala,Nawanshahr,Nephrology,4.1,68.2,37.5,77.86,259,3568,48679
Punjab Medical Centre - Ludhiana,Ludhiana,Rajpura,Cardiology,4.2,63.5,18.75,77.85,257,3569,48816
Shaheed Bhagat Singh Hospital - Mansa,Mansa,Pathankot,Dermatology,4.2,63.5,25.0,77.85,243,3570,48953
Lifeline Multispeciality Hospital - Mansa,Mansa,Hoshiarpur,General Surgery,4.2,63.5,18.75,77.85,236,3571,49090
City Care Hospital - Sangrur,Sangrur,Firozpur,Ophthalmology,4.2,63.5,18.75,77.85,234,3572,49227
Mata Kaushalya Healthcare - Gurdaspur,Gurdaspur,Moga,Orthopedics,4.2,63.5,25.0,77.85,227,3573,49364
Medicare Healthcare - Jalandhar,Jalandhar,Pathankot,Pediatrics,4.2,63.5,31.25,77.85,225,3574,49501
Shivalik Healthcare - Malerkotla,Malerkotla,Jalandhar,Gastroenterology,4.1,68.1,43.75,77.83,266,3575,49638
Shivalik Medical Centre - Gurdaspur,Gurdaspur,Firozpur,ENT,4.2,63.4,25.0,77.82,237,3576,49775
Sunrise Multispeciality Hospital - Gurdaspur,Gurdaspur,Muktsar,ENT,4.2,63.4,25.0,77.82,236,3577,49912
Sewa Medical Centre - Sangrur,Sangrur,Ludhiana,General Medicine,4.2,63.4,25.0,77.82,243,3578,50049
Shaheed Bhagat Singh Healthcare - Barnala,Barnala,Hoshiarpur,Pulmonology,4.2,63.4,18.75,77.82,228,3579,50186
Medicare Hospital - Amritsar,Amritsar,Kapurthala,Urology,4.2,63.4,31.25,77.82,228,3580,50323
Punjab Healthcare - Jalandhar,Jalandhar,Malerkotla,Nephrology,4.1,68.0,43.75,77.8,260,3581,50460
Fortune Medical Centre - Sangrur,Sangrur,Sangrur,Oncology,4.1,68.0,37.5,77.8,221,3582,50597
Mata Kaushalya Multispeciality Hospital - Faridkot,Faridkot,Jalandhar,Pulmonology,4.1,68.0,37.5,77.8,242,3583,50734
Prime Care Multispeciality Hospital - Malerkotla,Malerkotla,Hoshiarpur,Dermatology,4.2,63.3,31.25,77.79,245,3584,50871
Punjab Hospital - Malerkotla,Malerkotla,Moga,Dermatology,4.2,63.3,25.0,77.79,244,3585,51008
Sunrise Multispeciality Hospital - Mansa,Mansa,Mohali,Gastroenterology,4.2,63.3,31.25,77.79,258,3586,51145
Apex Multispeciality Hospital - Bathinda,Bathinda,Rupnagar,Orthopedics,4.2,63.3,31.25,77.79,228,3587,51282
Sewa Medical Centre - Nawanshahr,Nawanshahr,Malerkotla,Oncology,4.1,67.9,31.25,77.77,222,3588,51419
City Care Multispeciality Hospital - Fazilka,Fazilka,Phagwara,ENT,4.2,63.2,25.0,77.76,239,3589,51556
Prime Care Medical Centre - Malerkotla,Malerkotla,Firozpur,ENT,4.2,63.2,31.25,77.76,238,3590,51693
Shivalik Medical Centre - Moga,Moga,Malerkotla,Gastroenterology,4.2,63.2,12.5,77.76,259,3591,51830
Prime Care Medical Centre - Barnala,Barnala,Muktsar,General Surgery,4.2,63.2,31.25,77.76,237,3592,51967
Punjab Multispeciality Hospital - Ferozepur,Ferozepur,Hoshiarpur,Neurology,4.2,63.2,25.0,77.76,220,3593,52104
City Care Hospital - Faridkot,Faridkot,Mohali,Gynecology,4.1,67.8,31.25,77.74,256,3594,52241
Shivalik Multispeciality Hospital - Fatehgarh Sahib,Fatehgarh Sahib,Phagwara,Ophthalmology,4.1,67.8,43.75,77.74,245,3595,52378
Shaheed Bhagat Singh Multispeciality Hospital - Pathankot,Pathankot,Kapurthala,Pulmonology,4.1,67.8,37.5,77.74,243,3596,52515
Maharaja Ranjit Singh Medical Centre - Pathankot,Pathankot,Muktsar,ENT,4.2,63.1,31.25,77.73,240,3597,52652
Shaheed Bhagat Singh Multispeciality Hospital - Nawanshahr,Nawanshahr,Mohali,General Medicine,4.2,63.1,25.0,77.73,244,3598,52789
City Care Hospital - Fatehgarh Sahib,Fatehgarh Sahib,Abohar,Neurology,4.2,63.1,25.0,77.73,221,3599,52926
Sunrise Hospital - SAS Nagar,SAS Nagar,Khanna,Orthopedics,4.2,63.1,31.25,77.73,229,3600,53063
Sewa Healthcare - Bathinda,Bathinda,Mohali,Pulmonology,4.2,63.1,18.75,77.73,229,3601,53200
Punjab Healthcare - Fatehgarh Sahib,Fatehgarh Sahib,Hoshiarpur,Gastroenterology,4.1,67.7,37.5,77.71,267,3602,53337
Healing Touch Medical Centre - Gurdaspur,Gurdaspur,Gurdaspur,Cardiology,4.2,63.0,25.0,77.7,258,3603,53474
Fortune Multispeciality Hospital - Jalandhar,Jalandhar,Abohar,ENT,4.2,63.0,25.0,77.7,242,3604,53611
Shaheed Bhagat Singh Healthcare - Jalandhar,Jalandhar,Patiala,ENT,4.2,63.0,25.0,77.7,241,3605,53748
Maharaja Ranjit Singh Multispeciality Hospital - Gurdaspur,Gurdaspur,Abohar,General Medicine,4.2,63.0,18.75,77.7,245,3606,53885
Sewa Hospital - Malerkotla,Malerkotla,Amritsar,General Surgery,4.2,63.0,31.25,77.7,238,3607,54022
Punjab Medical Centre - Sangrur,Sangrur,Malerkotla,Nephrology,4.2,63.0,18.75,77.7,252,3608,54159
Healing Touch Medical Centre - Fazilka,Fazilka,Moga,Oncology,4.2,63.0,31.25,77.7,212,3609,54296
Maharaja Ranjit Singh Multispeciality Hospital - Mansa,Mansa,Hoshiarpur,Oncology,4.2,63.0,31.25,77.7,213,3610,54433
Shivalik Healthcare - Faridkot,Faridkot,Patiala,Pediatrics,4.2,63.0,25.0,77.7,226,3611,54570
Healing Touch Healthcare - Rupnagar,Rupnagar,Ludhiana,Pulmonology,4.1,67.6,31.25,77.68,244,3612,54707
City Care Hospital - Muktsar,Muktsar,Muktsar,Urology,4.1,67.6,31.25,77.68,236,3613,54844
Shivalik Healthcare - Tarn Taran,Tarn Taran,Mohali,Urology,4.1,67.6,50.0,77.68,235,3614,54981
Apex Medical Centre - Kapurthala,Kapurthala,Rupnagar,Dermatology,4.2,62.9,31.25,77.67,246,3615,55118
Sewa Hospital - Tarn Taran,Tarn Taran,Sangrur,ENT,4.2,62.9,25.0,77.67,243,3616,55255
Lifeline Medical Centre - Faridkot,Faridkot,Abohar,Neurology,4.2,62.9,31.25,77.67,222,3617,55392
Apex Medical Centre - Mansa,Mansa,Ludhiana,Pediatrics,4.2,62.9,31.25,77.67,227,3618,55529
Maharaja Ranjit Singh Medical Centre - Amritsar,Amritsar,Khanna,Pediatrics,4.1,67.5,43.75,77.65,233,3619,55666
Shaheed Bhagat Singh Healthcare - Rupnagar,Rupnagar,Mohali,Pediatrics,4.1,67.5,43.75,77.65,234,3620,55803
Sunrise Medical Centre - Faridkot,Faridkot,Khanna,Oncology,4.2,62.8,18.75,77.64,214,3621,55940
Healing Touch Medical Centre - Tarn Taran,Tarn Taran,Moga,Gastroenterology,4.1,67.4,37.5,77.62,268,3622,56077
Sunrise Hospital - Patiala,Patiala,Ludhiana,Orthopedics,4.1,67.4,37.5,77.62,238,3623,56214
Sunrise Multispeciality Hospital - Fatehgarh Sahib,Fatehgarh Sahib,Nawanshahr,Gastroenterology,4.2,62.7,25.0,77.61,260,3624,56351
Mata Kaushalya Multispeciality Hospital - Fazilka,Fazilka,Jalandhar,Orthopedics,4.2,62.7,25.0,77.61,230,3625,56488
Maharaja Ranjit Singh Hospital - Tarn Taran,Tarn Taran,Moga,Urology,4.2,62.7,18.75,77.61,229,3626,56625
Punjab Multispeciality Hospital - Muktsar,Muktsar,Malerkotla,ENT,4.1,67.3,37.5,77.59,247,3627,56762
Maharaja Ranjit Singh Healthcare - Faridkot,Faridkot,Firozpur,Gastroenterology,4.1,67.3,31.25,77.59,269,3628,56899
Medicare Healthcare - Ludhiana,Ludhiana,Gurdaspur,Cardiology,4.2,62.6,18.75,77.58,259,3629,57036
Fortune Healthcare - Barnala,Barnala,Pathankot,Dermatology,4.2,62.6,25.0,77.58,247,3630,57173
Fortune Hospital - Mansa,Mansa,Moga,Ophthalmology,4.2,62.6,25.0,77.58,235,3631,57310
Shivalik Healthcare - Jalandhar,Jalandhar,Nawanshahr,Urology,4.2,62.6,12.5,77.58,230,3632,57447
Shaheed Bhagat Singh Multispeciality Hospital - Gurdaspur,Gurdaspur,Abohar,ENT,4.1,67.2,37.5,77.56,248,3633,57584
Mata Kaushalya Medical Centre - Moga,Moga,Rupnagar,Gastroenterology,4.1,67.2,25.0,77.56,270,3634,57721
Prime Care Hospital - SAS Nagar,SAS Nagar,Mohali,Nephrology,4.1,67.2,31.25,77.56,261,3635,57858
Lifeline Hospital - Fatehgarh Sahib,Fatehgarh Sahib,Rajpura,Pediatrics,4.1,67.2,37.5,77.56,235,3636,57995
Healing Touch Hospital - Hoshiarpur,Hoshiarpur,Bathinda,Cardiology,4.2,62.5,25.0,77.55,260,3637,58132
Sewa Healthcare - Kapurthala,Kapurthala,Hoshiarpur,General Surgery,4.2,62.5,25.0,77.55,239,3638,58269
Shaheed Bhagat Singh Hospital - Gurdaspur,Gurdaspur,Ludhiana,Pulmonology,4.2,62.5,18.75,77.55,230,3639,58406
Prime Care Healthcare - Fazilka,Fazilka,Khanna,Nephrology,4.1,67.1,43.75,77.53,262,3640,58543
Mata Kaushalya Medical Centre - Malerkotla,Malerkotla,Moga,Ophthalmology,4.1,67.1,31.25,77.53,246,3641,58680
City Care Multispeciality Hospital - Bathinda,Bathinda,Bathinda,General Surgery,4.2,62.4,25.0,77.52,240,3642,58817
Fortune Medical Centre - Mansa,Mansa,Pathankot,Oncology,4.2,62.4,18.75,77.52,215,3643,58954
Punjab Medical Centre - Moga,Moga,Bathinda,Pulmonology,4.2,62.4,25.0,77.52,231,3644,59091
City Care Medical Centre - Gurdaspur,Gurdaspur,Hoshiarpur,ENT,4.1,67.0,37.5,77.5,249,3645,59228
Healing Touch Healthcare - Tarn Taran,Tarn Taran,Jalandhar,Gastroenterology,4.1,67.0,25.0,77.5,271,3646,59365
Healing Touch Medical Centre - Pathankot,Pathankot,Rajpura,Gastroenterology,4.1,67.0,50.0,77.5,272,3647,59502
Apex Hospital - Pathankot,Pathankot,Ludhiana,General Surgery,4.1,67.0,37.5,77.5,247,3648,59639
Sewa Medical Centre - Kapurthala,Kapurthala,Firozpur,Oncology,4.1,67.0,31.25,77.5,223,3649,59776
Prime Care Healthcare - Jalandhar,Jalandhar,Jalandhar,Ophthalmology,4.1,67.0,37.5,77.5,247,3650,59913
Shivalik Medical Centre - Mansa,Mansa,Rupnagar,Urology,4.1,67.0,43.75,77.5,237,3651,60050
City Care Hospital - Jalandhar,Jalandhar,Kapurthala,Cardiology,4.2,62.3,25.0,77.49,261,3652,60187
Punjab Hospital - Jalandhar,Jalandhar,Gurdaspur,General Medicine,4.2,62.3,25.0,77.49,246,3653,60324
City Care Hospital - Muktsar,Muktsar,Abohar,Cardiology,4.1,66.9,37.5,77.47,265,3654,60461
Fortune Medical Centre - SAS Nagar,SAS Nagar,Amritsar,Neurology,4.1,66.9,37.5,77.47,227,3655,60598
Lifeline Healthcare - Muktsar,Muktsar,Patiala,Oncology,4.1,66.9,37.5,77.47,224,3656,60735
Shivalik Hospital - Fazilka,Fazilka,Mansa,Urology,4.1,66.9,37.5,77.47,238,3657,60872
Maharaja Ranjit Singh Hospital - Ferozepur,Ferozepur,Moga,Oncology,4.2,62.2,18.75,77.46,216,3658,61009
Medicare Medical Centre - Patiala,Patiala,Mohali,General Medicine,4.1,66.8,31.25,77.44,250,3659,61146
Shaheed Bhagat Singh Hospital - Fatehgarh Sahib,Fatehgarh Sahib,Barnala,General Medicine,4.1,66.8,31.25,77.44,251,3660,61283
Apex Healthcare - Fazilka,Fazilka,Bathinda,Gynecology,4.1,66.8,31.25,77.44,257,3661,61420
Sewa Hospital - Barnala,Barnala,Rajpura,Nephrology,4.1,66.8,37.5,77.44,263,3662,61557
Medicare Medical Centre - Ludhiana,Ludhiana,Phagwara,Neurology,4.1,66.8,37.5,77.44,228,3663,61694
Punjab Healthcare - Rupnagar,Rupnagar,Mansa,Oncology,4.1,66.8,37.5,77.44,225,3664,61831
Healing Touch Hospital - Barnala,Barnala,Amritsar,Ophthalmology,4.1,66.8,37.5,77.44,248,3665,61968
Shaheed Bhagat Singh Healthcare - Mansa,Mansa,Ludhiana,Nephrology,4.2,62.1,25.0,77.43,253,3666,62105
Prime Care Healthcare - Kapurthala,Kapurthala,Ludhiana,Neurology,4.2,62.1,25.0,77.43,223,3667,62242
Punjab Healthcare - Mansa,Mansa,Jalandhar,Pediatrics,4.2,62.1,25.0,77.43,228,3668,62379
Fortune Medical Centre - Gurdaspur,Gurdaspur,Patiala,ENT,4.1,66.7,50.0,77.41,252,3669,62516
Mata Kaushalya Hospital - Muktsar,Muktsar,Jalandhar,ENT,4.1,66.7,37.5,77.41,250,3670,62653
Punjab Medical Centre - Muktsar,Muktsar,Firozpur,ENT,4.1,66.7,43.75,77.41,251,3671,62790
Shaheed Bhagat Singh Healthcare - Rupnagar,Rupnagar,Abohar,ENT,4.1,66.7,31.25,77.41,253,3672,62927
Fortune Hospital - Hoshiarpur,Hoshiarpur,Patiala,Nephrology,4.1,66.7,31.25,77.41,264,3673,63064
City Care Multispeciality Hospital - Kapurthala,Kapurthala,Sangrur,Neurology,4.1,66.7,37.5,77.41,229,3674,63201
Sewa Healthcare - Kapurthala,Kapurthala,Barnala,Ophthalmology,4.1,66.7,37.5,77.41,249,3675,63338
Lifeline Healthcare - Amritsar,Amritsar,Patiala,General Surgery,4.2,62.0,25.0,77.4,241,3676,63475
Fortune Healthcare - Barnala,Barnala,Abohar,Ophthalmology,4.2,62.0,25.0,77.4,236,3677,63612
Guru Nanak Medical Centre - Ludhiana,Ludhiana,Muktsar,Pediatrics,4.2,62.0,18.75,77.4,229,3678,63749
Sunrise Hospital - Malerkotla,Malerkotla,Khanna,Pulmonology,4.2,62.0,25.0,77.4,232,3679,63886
Sewa Healthcare - Muktsar,Muktsar,Jalandhar,Dermatology,4.1,66.6,31.25,77.38,255,3680,64023
Shaheed Bhagat Singh Healthcare - Malerkotla,Malerkotla,Amritsar,Nephrology,4.1,66.6,37.5,77.38,265,3681,64160
Mata Kaushalya Medical Centre - Fazilka,Fazilka,Rajpura,Pulmonology,4.1,66.6,31.25,77.38,245,3682,64297
Sewa Healthcare - Rupnagar,Rupnagar,Rajpura,Pulmonology,4.1,66.6,37.5,77.38,246,3683,64434
Healing Touch Multispeciality Hospital - Rupnagar,Rupnagar,Moga,Ophthalmology,4.2,61.9,12.5,77.37,237,3684,64571
Shaheed Bhagat Singh Healthcare - Fatehgarh Sahib,Fatehgarh Sahib,Rajpura,Dermatology,4.1,66.5,25.0,77.35,256,3685,64708
Punjab Multispeciality Hospital - Muktsar,Muktsar,Barnala,Gynecology,4.1,66.5,37.5,77.35,258,3686,64845
Sewa Hospital - Moga,Moga,Barnala,General Medicine,4.2,61.8,18.75,77.34,247,3687,64982
Apex Medical Centre - Rupnagar,Rupnagar,Muktsar,Orthopedics,4.2,61.8,25.0,77.34,231,3688,65119
Guru Nanak Hospital - Moga,Moga,Barnala,Pediatrics,4.2,61.8,25.0,77.34,230,3689,65256
Mata Kaushalya Medical Centre - Kapurthala,Kapurthala,Nawanshahr,Gastroenterology,4.1,66.4,31.25,77.32,273,3690,65393
Prime Care Multispeciality Hospital - Ferozepur,Ferozepur,Pathankot,Pediatrics,4.1,66.4,43.75,77.32,236,3691,65530
Maharaja Ranjit Singh Healthcare - Muktsar,Muktsar,Khanna,Pulmonology,4.1,66.4,37.5,77.32,247,3692,65667
Shivalik Hospital - Faridkot,Faridkot,Muktsar,Gastroenterology,4.2,61.7,18.75,77.31,261,3693,65804
Medicare Healthcare - Kapurthala,Kapurthala,Jalandhar,Oncology,4.2,61.7,18.75,77.31,217,3694,65941
Apex Hospital - Muktsar,Muktsar,Hoshiarpur,Orthopedics,4.2,61.7,25.0,77.31,232,3695,66078
Fortune Hospital - Fazilka,Fazilka,Firozpur,ENT,4.1,66.3,37.5,77.29,254,3696,66215
Apex Hospital - Barnala,Barnala,Mohali,Gastroenterology,4.1,66.3,31.25,77.29,274,3697,66352
Sunrise Healthcare - Patiala,Patiala,Gurdaspur,Neurology,4.1,66.3,37.5,77.29,230,3698,66489
Shivalik Medical Centre - Malerkotla,Malerkotla,Phagwara,Cardiology,4.2,61.6,25.0,77.28,262,3699,66626
Apex Medical Centre - Amritsar,Amritsar,Moga,ENT,4.2,61.6,12.5,77.28,244,3700,66763
Sewa Medical Centre - Bathinda,Bathinda,Malerkotla,Oncology,4.1,66.2,25.0,77.26,226,3701,66900
City Care Healthcare - Hoshiarpur,Hoshiarpur,Bathinda,Pulmonology,4.1,66.2,37.5,77.26,248,3702,67037
Apex Hospital - Malerkotla,Malerkotla,Bathinda,Urology,4.1,66.2,25.0,77.26,239,3703,67174
Mata Kaushalya Multispeciality Hospital - Malerkotla,Malerkotla,Malerkotla,General Medicine,4.2,61.5,18.75,77.25,248,3704,67311
Prime Care Hospital - Fazilka,Fazilka,Bathinda,Orthopedics,4.2,61.5,18.75,77.25,233,3705,67448
Guru Nanak Multispeciality Hospital - Pathankot,Pathankot,Rupnagar,Pediatrics,4.2,61.5,18.75,77.25,231,3706,67585
City Care Medical Centre - Gurdaspur,Gurdaspur,Abohar,Pulmonology,4.2,61.5,25.0,77.25,233,3707,67722
Guru Nanak Multispeciality Hospital - Pathankot,Pathankot,Mansa,Pulmonology,4.2,61.5,25.0,77.25,234,3708,67859
Maharaja Ranjit Singh Healthcare - Pathankot,Pathankot,Malerkotla,Dermatology,4.1,66.1,43.75,77.23,257,3709,67996
Healing Touch Healthcare - Gurdaspur,Gurdaspur,Khanna,Gastroenterology,4.1,66.1,37.5,77.23,275,3710,68133
Shivalik Medical Centre - Rupnagar,Rupnagar,Nawanshahr,Neurology,4.1,66.1,37.5,77.23,231,3711,68270
Mata Kaushalya Multispeciality Hospital - Patiala,Patiala,Moga,Orthopedics,4.1,66.1,31.25,77.23,239,3712,68407
Sunrise Medical Centre - Jalandhar,Jalandhar,Nawanshahr,Pulmonology,4.1,66.1,25.0,77.23,249,3713,68544
Shivalik Hospital - Gurdaspur,Gurdaspur,Muktsar,ENT,4.2,61.4,18.75,77.22,245,3714,68681
Sewa Multispeciality Hospital - Gurdaspur,Gurdaspur,Barnala,Gastroenterology,4.2,61.4,25.0,77.22,262,3715,68818
Healing Touch Multispeciality Hospital - Malerkotla,Malerkotla,Firozpur,Nephrology,4.2,61.4,25.0,77.22,254,3716,68955
Punjab Medical Centre - Tarn Taran,Tarn Taran,Mohali,Ophthalmology,4.2,61.4,18.75,77.22,238,3717,69092
Lifeline Hospital - Muktsar,Muktsar,Rupnagar,Orthopedics,4.2,61.4,18.75,77.22,234,3718,69229
Mata Kaushalya Medical Centre - Ludhiana,Ludhiana,Mansa,Pulmonology,4.2,61.4,25.0,77.22,235,3719,69366
Shaheed Bhagat Singh Healthcare - Hoshiarpur,Hoshiarpur,Gurdaspur,Dermatology,4.1,66.0,31.25,77.2,258,3720,69503
Sewa Medical Centre - Malerkotla,Malerkotla,Sangrur,General Medicine,4.1,66.0,31.25,77.2,252,3721,69640
Guru Nanak Multispeciality Hospital - Kapurthala,Kapurthala,Gurdaspur,General Surgery,4.1,66.0,37.5,77.2,250,3722,69777
Healing Touch Medical Centre - Kapurthala,Kapurthala,Muktsar,General Surgery,4.1,66.0,37.5,77.2,249,3723,69914
Maharaja Ranjit Singh Healthcare - Faridkot,Faridkot,Rupnagar,General Surgery,4.1,66.0,31.25,77.2,248,3724,70051
City Care Healthcare - Faridkot,Faridkot,Mohali,Neurology,4.1,66.0,31.25,77.2,232,3725,70188
Sunrise Medical Centre - Bathinda,Bathinda,Jalandhar,Oncology,4.1,66.0,31.25,77.2,227,3726,70325
Fortune Medical Centre - Moga,Moga,Pathankot,Dermatology,4.2,61.3,25.0,77.19,248,3727,70462
Punjab Medical Centre - Patiala,Patiala,Amritsar,Ophthalmology,4.0,70.6,50.0,77.18,266,3728,70599
Shivalik Healthcare - Fazilka,Fazilka,Khanna,Cardiology,4.1,65.9,25.0,77.17,267,3729,70736
Sunrise Healthcare - Moga,Moga,Malerkotla,Cardiology,4.1,65.9,37.5,77.17,266,3730,70873
Medicare Healthcare - SAS Nagar,SAS Nagar,Phagwara,Nephrology,4.1,65.9,31.25,77.17,266,3731,71010
Healing Touch Hospital - Hoshiarpur,Hoshiarpur,Bathinda,Orthopedics,4.1,65.9,37.5,77.17,240,3732,71147
Guru Nanak Multispeciality Hospital - Bathinda,Bathinda,Abohar,Urology,4.1,65.9,25.0,77.17,240,3733,71284
Sunrise Healthcare - Nawanshahr,Nawanshahr,Barnala,Nephrology,4.2,61.2,25.0,77.16,255,3734,71421
Healing Touch Healthcare - Nawanshahr,Nawanshahr,Bathinda,Pulmonology,4.2,61.2,18.75,77.16,236,3735,71558
Apex Multispeciality Hospital - Faridkot,Faridkot,Nawanshahr,Cardiology,4.1,65.8,37.5,77.14,268,3736,71695
Sunrise Medical Centre - Nawanshahr,Nawanshahr,Patiala,ENT,4.1,65.8,43.75,77.14,255,3737,71832
Maharaja Ranjit Singh Medical Centre - Hoshiarpur,Hoshiarpur,Ludhiana,General Medicine,4.1,65.8,43.75,77.14,253,3738,71969
Guru Nanak Hospital - Patiala,Patiala,Jalandhar,General Surgery,4.1,65.8,31.25,77.14,251,3739,72106
Maharaja Ranjit Singh Healthcare - Fatehgarh Sahib,Fatehgarh Sahib,Firozpur,Orthopedics,4.1,65.8,37.5,77.14,242,3740,72243
Maharaja Ranjit Singh Multispeciality Hospital - Sangrur,Sangrur,Hoshiarpur,Orthopedics,4.1,65.8,37.5,77.14,241,3741,72380
Sunrise Hospital - Bathinda,Bathinda,Jalandhar,Pulmonology,4.1,65.8,37.5,77.14,250,3742,72517
Apex Multispeciality Hospital - Patiala,Patiala,Gurdaspur,Neurology,4.2,61.1,12.5,77.13,224,3743,72654
Apex Medical Centre - Bathinda,Bathinda,Pathankot,Orthopedics,4.2,61.1,18.75,77.13,235,3744,72791
Sewa Multispeciality Hospital - Pathankot,Pathankot,Phagwara,Pulmonology,4.2,61.1,18.75,77.13,237,3745,72928
Apex Healthcare - Amritsar,Amritsar,Rajpura,ENT,4.1,65.7,43.75,77.11,256,3746,73065
Lifeline Hospital - Mansa,Mansa,Ludhiana,ENT,4.1,65.7,31.25,77.11,257,3747,73202
Punjab Medical Centre - Nawanshahr,Nawanshahr,Muktsar,Nephrology,4.1,65.7,25.0,77.11,267,3748,73339
Guru Nanak Medical Centre - Barnala,Barnala,Kapurthala,Oncology,4.1,65.7,31.25,77.11,228,3749,73476
Fortune Multispeciality Hospital - Ludhiana,Ludhiana,Firozpur,Orthopedics,4.1,65.7,37.5,77.11,243,3750,73613
Prime Care Healthcare - Kapurthala,Kapurthala,Rajpura,Pediatrics,4.1,65.7,31.25,77.11,237,3751,73750
Sewa Hospital - Rupnagar,Rupnagar,Rajpura,Pulmonology,4.1,65.7,31.25,77.11,251,3752,73887
Sunrise Multispeciality Hospital - Ferozepur,Ferozepur,Gurdaspur,Orthopedics,4.2,61.0,18.75,77.1,236,3753,74024
Maharaja Ranjit Singh Multispeciality Hospital - Faridkot,Faridkot,Patiala,Nephrology,4.0,70.3,37.5,77.09,294,3754,74161
Guru Nanak Multispeciality Hospital - Sangrur,Sangrur,Ludhiana,Dermatology,4.1,65.6,37.5,77.08,259,3755,74298
Mata Kaushalya Medical Centre - Fatehgarh Sahib,Fatehgarh Sahib,Pathankot,Dermatology,4.1,65.6,25.0,77.08,260,3756,74435
Sewa Multispeciality Hospital - SAS Nagar,SAS Nagar,Bathinda,Oncology,4.1,65.6,37.5,77.08,229,3757,74572
Shivalik Hospital - Mansa,Mansa,Amritsar,Orthopedics,4.1,65.6,37.5,77.08,244,3758,74709
Guru Nanak Hospital - Barnala,Barnala,Phagwara,Pulmonology,4.1,65.6,37.5,77.08,252,3759,74846
Shaheed Bhagat Singh Multispeciality Hospital - Rupnagar,Rupnagar,Gurdaspur,ENT,4.1,65.5,31.25,77.05,258,3760,74983
Fortune Medical Centre - Sangrur,Sangrur,Rajpura,Oncology,4.1,65.5,31.25,77.05,230,3761,75120
Guru Nanak Multispeciality Hospital - Mansa,Mansa,Abohar,Oncology,4.1,65.5,25.0,77.05,231,3762,75257
Shivalik Healthcare - Hoshiarpur,Hoshiarpur,Rajpura,Pulmonology,4.1,65.5,43.75,77.05,253,3763,75394
Mata Kaushalya Medical Centre - Faridkot,Faridkot,Rajpura,Urology,4.1,65.5,31.25,77.05,241,3764,75531
Prime Care Healthcare - Ludhiana,Ludhiana,Gurdaspur,General Surgery,4.2,60.8,12.5,77.04,242,3765,75668
Shivalik Healthcare - Moga,Moga,Ludhiana,Orthopedics,4.2,60.8,18.75,77.04,237,3766,75805
Apex Medical Centre - Bathinda,Bathinda,Muktsar,Cardiology,4.1,65.4,31.25,77.02,269,3767,75942
Lifeline Hospital - Tarn Taran,Tarn Taran,Phagwara,ENT,4.1,65.4,37.5,77.02,259,3768,76079
Prime Care Multispeciality Hospital - Faridkot,Faridkot,Patiala,ENT,4.1,65.4,31.25,77.02,260,3769,76216
Punjab Multispeciality Hospital - SAS Nagar,SAS Nagar,Rupnagar,General Medicine,4.1,65.4,37.5,77.02,254,3770,76353
Prime Care Healthcare - Moga,Moga,Bathinda,Nephrology,4.1,65.4,25.0,77.02,268,3771,76490
Punjab Healthcare - Hoshiarpur,Hoshiarpur,Rajpura,Neurology,4.1,65.4,37.5,77.02,233,3772,76627
Maharaja Ranjit Singh Multispeciality Hospital - Kapurthala,Kapurthala,Khanna,Pediatrics,4.1,65.4,31.25,77.02,238,3773,76764
Punjab Healthcare - Pathankot,Pathankot,Khanna,Pediatrics,4.1,65.4,37.5,77.02,239,3774,76901
Prime Care Healthcare - Ferozepur,Ferozepur,Bathinda,Ophthalmology,4.2,60.7,18.75,77.01,239,3775,77038
Mata Kaushalya Hospital - Faridkot,Faridkot,Firozpur,Cardiology,4.1,65.3,31.25,76.99,270,3776,77175
City Care Healthcare - Malerkotla,Malerkotla,Phagwara,Dermatology,4.1,65.3,31.25,76.99,262,3777,77312
Medicare Medical Centre - Jalandhar,Jalandhar,Mohali,Dermatology,4.1,65.3,31.25,76.99,263,3778,77449
Shivalik Multispeciality Hospital - Bathinda,Bathinda,Ludhiana,Dermatology,4.1,65.3,31.25,76.99,261,3779,77586
Fortune Multispeciality Hospital - Bathinda,Bathinda,Pathankot,ENT,4.1,65.3,37.5,76.99,261,3780,77723
Punjab Healthcare - SAS Nagar,SAS Nagar,Mansa,ENT,4.1,65.3,37.5,76.99,262,3781,77860
Fortune Medical Centre - Sangrur,Sangrur,Nawanshahr,Gastroenterology,4.1,65.3,43.75,76.99,276,3782,77997
Lifeline Healthcare - Mansa,Mansa,Hoshiarpur,Oncology,4.1,65.3,25.0,76.99,232,3783,78134
Fortune Medical Centre - Ferozepur,Ferozepur,Firozpur,Ophthalmology,4.1,65.3,37.5,76.99,250,3784,78271
Healing Touch Hospital - Mansa,Mansa,Khanna,Orthopedics,4.1,65.3,31.25,76.99,245,3785,78408
Guru Nanak Multispeciality Hospital - Pathankot,Pathankot,Muktsar,Gastroenterology,4.2,60.6,18.75,76.98,263,3786,78545
Medicare Medical Centre - Faridkot,Faridkot,Moga,Gastroenterology,4.1,65.2,37.5,76.96,277,3787,78682
Shaheed Bhagat Singh Healthcare - Jalandhar,Jalandhar,Amritsar,Oncology,4.1,65.2,25.0,76.96,233,3788,78819
Punjab Healthcare - Muktsar,Muktsar,Pathankot,ENT,4.1,65.1,37.5,76.93,263,3789,78956
Apex Multispeciality Hospital - Gurdaspur,Gurdaspur,Jalandhar,Gastroenterology,4.1,65.1,31.25,76.93,280,3790,79093
Guru Nanak Multispeciality Hospital - Ferozepur,Ferozepur,Amritsar,Gastroenterology,4.1,65.1,37.5,76.93,281,3791,79230
Shivalik Hospital - Hoshiarpur,Hoshiarpur,Mansa,Gastroenterology,4.1,65.1,37.5,76.93,279,3792,79367
Sunrise Medical Centre - Bathinda,Bathinda,Firozpur,Gastroenterology,4.1,65.1,25.0,76.93,278,3793,79504
Shivalik Healthcare - Mansa,Mansa,Rupnagar,General Medicine,4.1,65.1,31.25,76.93,255,3794,79641
Apex Hospital - Patiala,Patiala,Rajpura,Gynecology,4.1,65.1,43.75,76.93,260,3795,79778
Fortune Hospital - Bathinda,Bathinda,Amritsar,Gynecology,4.1,65.1,43.75,76.93,262,3796,79915
Lifeline Healthcare - Fatehgarh Sahib,Fatehgarh Sahib,Ludhiana,Gynecology,4.1,65.1,31.25,76.93,261,3797,80052
Punjab Healthcare - Ludhiana,Ludhiana,Sangrur,Gynecology,4.1,65.1,37.5,76.93,259,3798,80189
Shaheed Bhagat Singh Medical Centre - Moga,Moga,Hoshiarpur,Nephrology,4.1,65.1,18.75,76.93,269,3799,80326
Guru Nanak Medical Centre - Pathankot,Pathankot,Rajpura,Neurology,4.1,65.1,31.25,76.93,234,3800,80463
Lifeline Multispeciality Hospital - Kapurthala,Kapurthala,Bathinda,Oncology,4.1,65.1,25.0,76.93,235,3801,80600
Shaheed Bhagat Singh Medical Centre - Tarn Taran,Tarn Taran,Mansa,Oncology,4.1,65.1,31.25,76.93,234,3802,80737
Healing Touch Medical Centre - Rupnagar,Rupnagar,Moga,Ophthalmology,4.1,65.1,31.25,76.93,251,3803,80874
Sewa Multispeciality Hospital - Sangrur,Sangrur,Abohar,Pediatrics,4.1,65.1,31.25,76.93,240,3804,81011
Guru Nanak Healthcare - Kapurthala,Kapurthala,Gurdaspur,Cardiology,4.2,60.4,18.75,76.92,263,3805,81148
Guru Nanak Medical Centre - Patiala,Patiala,Pathankot,General Surgery,4.2,60.4,18.75,76.92,243,3806,81285
Maharaja Ranjit Singh Healthcare - Mansa,Mansa,Rajpura,General Surgery,4.1,65.0,31.25,76.9,252,3807,81422
Shaheed Bhagat Singh Medical Centre - Faridkot,Faridkot,Sangrur,Gynecology,4.1,65.0,31.25,76.9,263,3808,81559
Shivalik Medical Centre - SAS Nagar,SAS Nagar,Gurdaspur,Gynecology,4.1,65.0,43.75,76.9,264,3809,81696
Punjab Hospital - Barnala,Barnala,Bathinda,Nephrology,4.1,65.0,37.5,76.9,270,3810,81833
Maharaja Ranjit Singh Hospital - Patiala,Patiala,Patiala,Neurology,4.1,65.0,31.25,76.9,235,3811,81970
Shaheed Bhagat Singh Healthcare - Moga,Moga,Mohali,Ophthalmology,4.1,65.0,31.25,76.9,252,3812,82107
Shivalik Multispeciality Hospital - Rupnagar,Rupnagar,Rupnagar,Pediatrics,4.1,65.0,18.75,76.9,241,3813,82244
Lifeline Hospital - Fazilka,Fazilka,Malerkotla,ENT,4.1,64.9,37.5,76.87,264,3814,82381
Healing Touch Medical Centre - Fatehgarh Sahib,Fatehgarh Sahib,Moga,Oncology,4.1,64.9,25.0,76.87,236,3815,82518
Prime Care Multispeciality Hospital - SAS Nagar,SAS Nagar,Sangrur,Ophthalmology,4.1,64.9,25.0,76.87,253,3816,82655
Apex Hospital - Hoshiarpur,Hoshiarpur,Mohali,Dermatology,4.1,64.8,31.25,76.84,264,3817,82792
Shivalik Hospital - Kapurthala,Kapurthala,Malerkotla,Gastroenterology,4.1,64.8,31.25,76.84,282,3818,82929
City Care Hospital - Barnala,Barnala,Malerkotla,General Medicine,4.1,64.8,31.25,76.84,258,3819,83066
Fortune Hospital - Nawanshahr,Nawanshahr,Jalandhar,General Medicine,4.1,64.8,31.25,76.84,257,3820,83203
Sunrise Multispeciality Hospital - Bathinda,Bathinda,Ludhiana,General Medicine,4.1,64.8,31.25,76.84,256,3821,83340
Healing Touch Medical Centre - Malerkotla,Malerkotla,Moga,General Surgery,4.1,64.8,31.25,76.84,253,3822,83477
Guru Nanak Hospital - Moga,Moga,Pathankot,Urology,4.1,64.8,37.5,76.84,242,3823,83614
Mata Kaushalya Hospital - Moga,Moga,Moga,Dermatology,4.2,60.1,12.5,76.83,249,3824,83751
Apex Multispeciality Hospital - Bathinda,Bathinda,Sangrur,Cardiology,4.1,64.7,37.5,76.81,271,3825,83888
Shaheed Bhagat Singh Healthcare - Hoshiarpur,Hoshiarpur,Bathinda,Cardiology,4.1,64.7,37.5,76.81,272,3826,84025
Medicare Healthcare - Barnala,Barnala,Nawanshahr,ENT,4.1,64.7,31.25,76.81,265,3827,84162
Mata Kaushalya Hospital - Bathinda,Bathinda,Rupnagar,General Medicine,4.1,64.7,43.75,76.81,259,3828,84299
Maharaja Ranjit Singh Medical Centre - Malerkotla,Malerkotla,Moga,General Surgery,4.1,64.7,31.25,76.81,256,3829,84436
Sewa Hospital - Muktsar,Muktsar,Hoshiarpur,General Surgery,4.1,64.7,37.5,76.81,254,3830,84573
Sunrise Hospital - Faridkot,Faridkot,Bathinda,General Surgery,4.1,64.7,31.25,76.81,255,3831,84710
Apex Multispeciality Hospital - Ludhiana,Ludhiana,Barnala,Gynecology,4.1,64.7,37.5,76.81,265,3832,84847
City Care Healthcare - Moga,Moga,Hoshiarpur,Nephrology,4.1,64.7,31.25,76.81,271,3833,84984
City Care Healthcare - Ferozepur,Ferozepur,Patiala,Oncology,4.1,64.7,37.5,76.81,237,3834,85121
Shivalik Healthcare - Pathankot,Pathankot,Mansa,Dermatology,4.2,60.0,12.5,76.8,250,3835,85258
Mata Kaushalya Healthcare - Fatehgarh Sahib,Fatehgarh Sahib,Khanna,Nephrology,4.1,64.6,31.25,76.78,272,3836,85395
Medicare Healthcare - Moga,Moga,Firozpur,Ophthalmology,4.1,64.6,25.0,76.78,254,3837,85532
Shaheed Bhagat Singh Hospital - Pathankot,Pathankot,Sangrur,Ophthalmology,4.1,64.6,25.0,76.78,255,3838,85669
Maharaja Ranjit Singh Multispeciality Hospital - Ludhiana,Ludhiana,Firozpur,Pediatrics,4.1,64.6,25.0,76.78,242,3839,85806
Shaheed Bhagat Singh Hospital - Mansa,Mansa,Khanna,Pulmonology,4.1,64.6,31.25,76.78,254,3840,85943
Maharaja Ranjit Singh Multispeciality Hospital - Mansa,Mansa,Gurdaspur,Oncology,4.2,59.9,12.5,76.77,218,3841,86080
Maharaja Ranjit Singh Hospital - Hoshiarpur,Hoshiarpur,Rajpura,ENT,4.1,64.5,25.0,76.75,266,3842,86217
City Care Multispeciality Hospital - Malerkotla,Malerkotla,Malerkotla,Gastroenterology,4.1,64.5,31.25,76.75,284,3843,86354
Healing Touch Medical Centre - Rupnagar,Rupnagar,Jalandhar,Gastroenterology,4.1,64.5,37.5,76.75,283,3844,86491
Apex Multispeciality Hospital - Nawanshahr,Nawanshahr,Gurdaspur,General Medicine,4.1,64.5,25.0,76.75,260,3845,86628
Fortune Healthcare - Amritsar,Amritsar,Khanna,Gynecology,4.1,64.5,37.5,76.75,266,3846,86765
Lifeline Healthcare - Fatehgarh Sahib,Fatehgarh Sahib,Patiala,Oncology,4.1,64.5,31.25,76.75,238,3847,86902
Sunrise Hospital - Jalandhar,Jalandhar,Phagwara,Oncology,4.1,64.5,37.5,76.75,239,3848,87039
Prime Care Multispeciality Hospital - Nawanshahr,Nawanshahr,Gurdaspur,Pediatrics,4.1,64.5,25.0,76.75,243,3849,87176
Fortune Hospital - Jalandhar,Jalandhar,Jalandhar,General Surgery,4.2,59.8,12.5,76.74,244,3850,87313
Apex Hospital - Kapurthala,Kapurthala,Rajpura,Oncology,4.2,59.8,12.5,76.74,219,3851,87450
Punjab Healthcare - Faridkot,Faridkot,Muktsar,Gastroenterology,4.1,64.4,31.25,76.72,285,3852,87587
Fortune Medical Centre - Rupnagar,Rupnagar,Mohali,Nephrology,4.1,64.4,37.5,76.72,273,3853,87724
Apex Hospital - Ludhiana,Ludhiana,Rajpura,Neurology,4.1,64.4,31.25,76.72,236,3854,87861
Maharaja Ranjit Singh Hospital - Bathinda,Bathinda,Rajpura,Oncology,4.1,64.4,31.25,76.72,240,3855,87998
Healing Touch Multispeciality Hospital - SAS Nagar,SAS Nagar,Ludhiana,Orthopedics,4.1,64.4,25.0,76.72,246,3856,88135
Lifeline Multispeciality Hospital - Mansa,Mansa,Gurdaspur,General Surgery,4.2,59.7,12.5,76.71,245,3857,88272
Sunrise Medical Centre - Kapurthala,Kapurthala,Nawanshahr,Urology,4.2,59.7,18.75,76.71,231,3858,88409
Maharaja Ranjit Singh Healthcare - Barnala,Barnala,Khanna,Cardiology,4.1,64.3,31.25,76.69,273,3859,88546
City Care Multispeciality Hospital - Amritsar,Amritsar,Rupnagar,Gastroenterology,4.1,64.3,31.25,76.69,286,3860,88683
City Care Healthcare - Malerkotla,Malerkotla,Ludhiana,General Medicine,4.1,64.3,37.5,76.69,261,3861,88820
Healing Touch Healthcare - Amritsar,Amritsar,Khanna,Nephrology,4.1,64.3,31.25,76.69,274,3862,88957
Mata Kaushalya Multispeciality Hospital - Ferozepur,Ferozepur,Gurdaspur,Nephrology,4.1,64.3,25.0,76.69,275,3863,89094
Sunrise Multispeciality Hospital - Kapurthala,Kapurthala,Rajpura,Pediatrics,4.1,64.3,31.25,76.69,244,3864,89231
Sewa Hospital - Kapurthala,Kapurthala,Hoshiarpur,Neurology,4.0,68.9,43.75,76.67,253,3865,89368
Punjab Medical Centre - Fazilka,Fazilka,Malerkotla,General Medicine,4.1,64.2,25.0,76.66,262,3866,89505
Apex Healthcare - Tarn Taran,Tarn Taran,Moga,Gynecology,4.1,64.2,25.0,76.66,267,3867,89642
Mata Kaushalya Multispeciality Hospital - Patiala,Patiala,Mohali,Orthopedics,4.1,64.2,31.25,76.66,247,3868,89779
Sunrise Multispeciality Hospital - Amritsar,Amritsar,Bathinda,Urology,4.1,64.2,31.25,76.66,243,3869,89916
Shivalik Healthcare - Sangrur,Sangrur,Rupnagar,Cardiology,4.1,64.1,25.0,76.63,274,3870,90053
Sewa Healthcare - Jalandhar,Jalandhar,Moga,Dermatology,4.1,64.1,31.25,76.63,265,3871,90190
Maharaja Ranjit Singh Hospital - Patiala,Patiala,Patiala,ENT,4.1,64.1,31.25,76.63,267,3872,90327
Sunrise Hospital - Malerkotla,Malerkotla,Nawanshahr,ENT,4.1,64.1,31.25,76.63,268,3873,90464
Sunrise Medical Centre - Fatehgarh Sahib,Fatehgarh Sahib,Muktsar,Oncology,4.1,64.1,37.5,76.63,241,3874,90601
Apex Hospital - Fatehgarh Sahib,Fatehgarh Sahib,Gurdaspur,Ophthalmology,4.1,64.1,25.0,76.63,258,3875,90738
Sewa Multispeciality Hospital - Mansa,Mansa,Nawanshahr,Ophthalmology,4.1,64.1,37.5,76.63,256,3876,90875
Sunrise Multispeciality Hospital - Ludhiana,Ludhiana,Barnala,Ophthalmology,4.1,64.1,37.5,76.63,257,3877,91012
Mata Kaushalya Hospital - Amritsar,Amritsar,Hoshiarpur,Dermatology,4.1,64.0,25.0,76.6,266,3878,91149
Punjab Multispeciality Hospital - Nawanshahr,Nawanshahr,Nawanshahr,Gastroenterology,4.1,64.0,25.0,76.6,287,3879,91286
Medicare Multispeciality Hospital - Fatehgarh Sahib,Fatehgarh Sahib,Hoshiarpur,Nephrology,4.1,64.0,12.5,76.6,276,3880,91423
Maharaja Ranjit Singh Hospital - Faridkot,Faridkot,Bathinda,Oncology,4.1,64.0,31.25,76.6,243,3881,91560
Medicare Medical Centre - Jalandhar,Jalandhar,Patiala,Oncology,4.1,64.0,31.25,76.6,242,3882,91697
Punjab Medical Centre - SAS Nagar,SAS Nagar,Mansa,Oncology,4.1,64.0,37.5,76.6,244,3883,91834
Sunrise Multispeciality Hospital - Kapurthala,Kapurthala,Patiala,Ophthalmology,4.1,64.0,25.0,76.6,259,3884,91971
Guru Nanak Medical Centre - Amritsar,Amritsar,Rupnagar,Pediatrics,4.1,64.0,37.5,76.6,245,3885,92108
Maharaja Ranjit Singh Hospital - Fazilka,Fazilka,Ludhiana,Pulmonology,4.1,64.0,25.0,76.6,255,3886,92245
Prime Care Hospital - Bathinda,Bathinda,Gurdaspur,Urology,4.1,64.0,31.25,76.6,244,3887,92382
Lifeline Multispeciality Hospital - Tarn Taran,Tarn Taran,Patiala,Gastroenterology,4.0,68.6,43.75,76.58,306,3888,92519
Sewa Healthcare - Rupnagar,Rupnagar,Patiala,Neurology,4.0,68.6,43.75,76.58,254,3889,92656
Shaheed Bhagat Singh Hospital - Jalandhar,Jalandhar,Mansa,Pulmonology,4.0,68.6,43.75,76.58,272,3890,92793
City Care Hospital - Nawanshahr,Nawanshahr,Pathankot,Cardiology,4.1,63.9,25.0,76.57,275,3891,92930
Sewa Hospital - Hoshiarpur,Hoshiarpur,Pathankot,ENT,4.1,63.9,31.25,76.57,269,3892,93067
Sunrise Hospital - Rupnagar,Rupnagar,Jalandhar,General Surgery,4.1,63.9,31.25,76.57,257,3893,93204
Sewa Medical Centre - Jalandhar,Jalandhar,Rajpura,Neurology,4.1,63.9,31.25,76.57,237,3894,93341
Prime Care Hospital - Barnala,Barnala,Pathankot,Urology,4.1,63.9,18.75,76.57,245,3895,93478
Maharaja Ranjit Singh Hospital - Tarn Taran,Tarn Taran,Patiala,Cardiology,4.1,63.8,31.25,76.54,276,3896,93615
Fortune Healthcare - Nawanshahr,Nawanshahr,Ludhiana,ENT,4.1,63.8,37.5,76.54,270,3897,93752
Healing Touch Hospital - Gurdaspur,Gurdaspur,Barnala,ENT,4.1,63.8,31.25,76.54,271,3898,93889
Fortune Hospital - Barnala,Barnala,Firozpur,Gastroenterology,4.1,63.8,37.5,76.54,288,3899,94026
Apex Medical Centre - Tarn Taran,Tarn Taran,Phagwara,General Medicine,4.1,63.8,25.0,76.54,263,3900,94163
Lifeline Healthcare - Gurdaspur,Gurdaspur,Bathinda,General Surgery,4.1,63.8,25.0,76.54,259,3901,94300
Lifeline Multispeciality Hospital - Bathinda,Bathinda,Sangrur,General Surgery,4.1,63.8,12.5,76.54,258,3902,94437
Healing Touch Healthcare - Hoshiarpur,Hoshiarpur,Malerkotla,Gynecology,4.1,63.8,31.25,76.54,268,3903,94574
Prime Care Hospital - Rupnagar,Rupnagar,Khanna,Gynecology,4.1,63.8,31.25,76.54,270,3904,94711
Prime Care Medical Centre - Pathankot,Pathankot,Malerkotla,Gynecology,4.1,63.8,25.0,76.54,269,3905,94848
Sewa Healthcare - Bathinda,Bathinda,Rajpura,Oncology,4.1,63.8,18.75,76.54,245,3906,94985
Mata Kaushalya Hospital - Ferozepur,Ferozepur,Gurdaspur,Urology,4.1,63.8,37.5,76.54,246,3907,95122
Sewa Multispeciality Hospital - Jalandhar,Jalandhar,Mansa,Cardiology,4.1,63.7,31.25,76.51,277,3908,95259
Apex Medical Centre - Ludhiana,Ludhiana,Firozpur,Oncology,4.1,63.7,25.0,76.51,246,3909,95396
Guru Nanak Hospital - Barnala,Barnala,Abohar,Oncology,4.1,63.7,31.25,76.51,247,3910,95533
Lifeline Medical Centre - Rupnagar,Rupnagar,Gurdaspur,Oncology,4.1,63.7,37.5,76.51,248,3911,95670
Maharaja Ranjit Singh Healthcare - Moga,Moga,Nawanshahr,Pediatrics,4.1,63.7,37.5,76.51,246,3912,95807
Punjab Multispeciality Hospital - Sangrur,Sangrur,Bathinda,Pulmonology,4.1,63.7,25.0,76.51,256,3913,95944
Healing Touch Medical Centre - Fatehgarh Sahib,Fatehgarh Sahib,Hoshiarpur,Dermatology,4.2,59.0,12.5,76.5,251,3914,96081
Punjab Medical Centre - Pathankot,Pathankot,Hoshiarpur,Neurology,4.0,68.3,43.75,76.49,255,3915,96218
Apex Hospital - Barnala,Barnala,Mohali,Oncology,4.0,68.3,37.5,76.49,262,3916,96355
Lifeline Hospital - Fazilka,Fazilka,Moga,Pulmonology,4.0,68.3,50.0,76.49,273,3917,96492
Guru Nanak Hospital - Patiala,Patiala,Ludhiana,Nephrology,4.1,63.6,18.75,76.48,277,3918,96629
Prime Care Multispeciality Hospital - Malerkotla,Malerkotla,Sangrur,Ophthalmology,4.1,63.6,25.0,76.48,260,3919,96766
Fortune Medical Centre - Pathankot,Pathankot,Mansa,Orthopedics,4.1,63.6,31.25,76.48,248,3920,96903
Healing Touch Medical Centre - Sangrur,Sangrur,Malerkotla,Pediatrics,4.1,63.6,37.5,76.48,247,3921,97040
City Care Medical Centre - Ferozepur,Ferozepur,Mohali,Cardiology,4.1,63.5,31.25,76.45,279,3922,97177
Lifeline Healthcare - SAS Nagar,SAS Nagar,Moga,Cardiology,4.1,63.5,25.0,76.45,280,3923,97314
Maharaja Ranjit Singh Healthcare - Faridkot,Faridkot,Nawanshahr,Cardiology,4.1,63.5,31.25,76.45,278,3924,97451
Medicare Hospital - Nawanshahr,Nawanshahr,Kapurthala,Gastroenterology,4.1,63.5,25.0,76.45,289,3925,97588
Healing Touch Multispeciality Hospital - Malerkotla,Malerkotla,Hoshiarpur,Nephrology,4.1,63.5,31.25,76.45,278,3926,97725
Mata Kaushalya Healthcare - Pathankot,Pathankot,Mohali,Neurology,4.1,63.5,31.25,76.45,240,3927,97862
Medicare Healthcare - Nawanshahr,Nawanshahr,Rupnagar,Neurology,4.1,63.5,18.75,76.45,239,3928,97999
Prime Care Hospital - Patiala,Patiala,Mansa,Neurology,4.1,63.5,31.25,76.45,238,3929,98136
Maharaja Ranjit Singh Medical Centre - Bathinda,Bathinda,Rajpura,Nephrology,4.0,68.1,50.0,76.43,295,3930,98273
Fortune Healthcare - Pathankot,Pathankot,Phagwara,Gynecology,4.1,63.4,25.0,76.42,271,3931,98410
Healing Touch Healthcare - SAS Nagar,SAS Nagar,Sangrur,Urology,4.1,63.4,37.5,76.42,247,3932,98547
Sunrise Medical Centre - Barnala,Barnala,Pathankot,Pulmonology,4.0,68.0,37.5,76.4,274,3933,98684
Prime Care Healthcare - Malerkotla,Malerkotla,Moga,Gastroenterology,4.1,63.3,25.0,76.39,290,3934,98821
Guru Nanak Multispeciality Hospital - Patiala,Patiala,Barnala,General Medicine,4.1,63.3,31.25,76.39,264,3935,98958
Apex Medical Centre - Ludhiana,Ludhiana,Patiala,Neurology,4.1,63.3,25.0,76.39,242,3936,99095
Mata Kaushalya Hospital - Tarn Taran,Tarn Taran,Rupnagar,Neurology,4.1,63.3,31.25,76.39,241,3937,99232
Shaheed Bhagat Singh Hospital - Moga,Moga,Rajpura,Neurology,4.1,63.3,31.25,76.39,243,3938,99369
Lifeline Medical Centre - Hoshiarpur,Hoshiarpur,Abohar,Oncology,4.1,63.3,31.25,76.39,249,3939,99506
City Care Healthcare - Kapurthala,Kapurthala,Kapurthala,Orthopedics,4.1,63.3,31.25,76.39,251,3940,99643
Prime Care Healthcare - Faridkot,Faridkot,Khanna,Orthopedics,4.1,63.3,31.25,76.39,250,3941,99780
Sewa Medical Centre - Patiala,Patiala,Kapurthala,Orthopedics,4.1,63.3,37.5,76.39,249,3942,99917
Sewa Multispeciality Hospital - Pathankot,Pathankot,Khanna,Pediatrics,4.1,63.3,37.5,76.39,248,3943,10054
Lifeline Hospital - Mansa,Mansa,Moga,Ophthalmology,4.2,58.6,12.5,76.38,240,3944,10191
Lifeline Medical Centre - Sangrur,Sangrur,Mohali,Dermatology,4.1,63.2,31.25,76.36,267,3945,10328
Fortune Healthcare - Tarn Taran,Tarn Taran,Phagwara,Gynecology,4.1,63.2,37.5,76.36,272,3946,10465
Lifeline Multispeciality Hospital - Faridkot,Faridkot,Barnala,Nephrology,4.1,63.2,31.25,76.36,279,3947,10602
Apex Healthcare - Sangrur,Sangrur,Bathinda,Oncology,4.1,63.2,31.25,76.36,251,3948,10739
City Care Healthcare - Moga,Moga,Patiala,Oncology,4.1,63.2,37.5,76.36,250,3949,10876
City Care Healthcare - Ferozepur,Ferozepur,Khanna,Urology,4.1,63.2,25.0,76.36,249,3950,11013
Punjab Healthcare - Sangrur,Sangrur,Abohar,Urology,4.1,63.2,31.25,76.36,248,3951,11150
Guru Nanak Healthcare - Barnala,Barnala,Moga,Neurology,4.0,67.8,50.0,76.34,256,3952,11287
Maharaja Ranjit Singh Medical Centre - SAS Nagar,SAS Nagar,Rajpura,Pediatrics,4.0,67.8,37.5,76.34,265,3953,11424
Healing Touch Multispeciality Hospital - Barnala,Barnala,Amritsar,Dermatology,4.1,63.1,37.5,76.33,268,3954,11561
Maharaja Ranjit Singh Healthcare - Jalandhar,Jalandhar,Abohar,Gastroenterology,4.1,63.1,25.0,76.33,292,3955,11698
Shivalik Healthcare - Tarn Taran,Tarn Taran,Pathankot,Gastroenterology,4.1,63.1,31.25,76.33,291,3956,11835
Punjab Medical Centre - Tarn Taran,Tarn Taran,Phagwara,General Medicine,4.1,63.1,37.5,76.33,265,3957,11972
Apex Healthcare - Sangrur,Sangrur,Barnala,General Surgery,4.1,63.1,37.5,76.33,260,3958,12109
Fortune Medical Centre - Ludhiana,Ludhiana,Gurdaspur,General Surgery,4.1,63.1,25.0,76.33,261,3959,12246
Mata Kaushalya Multispeciality Hospital - Ferozepur,Ferozepur,Sangrur,Orthopedics,4.1,63.1,37.5,76.33,252,3960,12383
Maharaja Ranjit Singh Hospital - Barnala,Barnala,Firozpur,Gastroenterology,4.0,67.7,43.75,76.31,307,3961,12520
Apex Multispeciality Hospital - Faridkot,Faridkot,Mohali,General Surgery,4.0,67.7,43.75,76.31,272,3962,12657
City Care Hospital - Hoshiarpur,Hoshiarpur,Rupnagar,Oncology,4.0,67.7,31.25,76.31,263,3963,12794
Sewa Hospital - Fatehgarh Sahib,Fatehgarh Sahib,Kapurthala,General Medicine,4.1,63.0,31.25,76.3,266,3964,12931
Mata Kaushalya Medical Centre - Patiala,Patiala,Ludhiana,Gynecology,4.1,63.0,25.0,76.3,273,3965,13068
Healing Touch Healthcare - Gurdaspur,Gurdaspur,Phagwara,Neurology,4.1,63.0,25.0,76.3,244,3966,13205
Prime Care Multispeciality Hospital - Amritsar,Amritsar,Kapurthala,Ophthalmology,4.1,63.0,31.25,76.3,261,3967,13342
Apex Medical Centre - Gurdaspur,Gurdaspur,Rajpura,Pediatrics,4.1,63.0,31.25,76.3,249,3968,13479
Shivalik Hospital - Malerkotla,Malerkotla,Phagwara,Pulmonology,4.1,63.0,25.0,76.3,257,3969,13616
Punjab Medical Centre - Moga,Moga,Malerkotla,Cardiology,4.0,67.6,43.75,76.28,291,3970,13753
Sewa Healthcare - Patiala,Patiala,Rajpura,Gynecology,4.0,67.6,37.5,76.28,289,3971,13890
Punjab Multispeciality Hospital - Ferozepur,Ferozepur,Kapurthala,Dermatology,4.1,62.9,25.0,76.27,269,3972,14027
Sunrise Multispeciality Hospital - Ferozepur,Ferozepur,Mansa,Dermatology,4.1,62.9,31.25,76.27,270,3973,14164
Guru Nanak Medical Centre - Sangrur,Sangrur,Firozpur,ENT,4.1,62.9,25.0,76.27,272,3974,14301
Medicare Multispeciality Hospital - Mansa,Mansa,Kapurthala,ENT,4.1,62.9,25.0,76.27,273,3975,14438
Sewa Hospital - Muktsar,Muktsar,Sangrur,General Surgery,4.1,62.9,25.0,76.27,262,3976,14575
Guru Nanak Medical Centre - Hoshiarpur,Hoshiarpur,Malerkotla,Gynecology,4.1,62.9,31.25,76.27,274,3977,14712
Maharaja Ranjit Singh Hospital - Kapurthala,Kapurthala,Barnala,Orthopedics,4.1,62.9,25.0,76.27,254,3978,14849
Mata Kaushalya Multispeciality Hospital - Jalandhar,Jalandhar,Nawanshahr,Orthopedics,4.1,62.9,31.25,76.27,253,3979,14986
Sunrise Hospital - Muktsar,Muktsar,Ludhiana,General Surgery,4.1,62.8,31.25,76.24,263,3980,15123
Maharaja Ranjit Singh Hospital - Malerkotla,Malerkotla,Sangrur,Nephrology,4.1,62.8,31.25,76.24,280,3981,15260
Fortune Hospital - Ludhiana,Ludhiana,Ludhiana,Pediatrics,4.1,62.8,31.25,76.24,250,3982,15397
Prime Care Healthcare - Pathankot,Pathankot,Nawanshahr,Pulmonology,4.1,62.8,31.25,76.24,258,3983,15534
Shaheed Bhagat Singh Hospital - Faridkot,Faridkot,Nawanshahr,Urology,4.1,62.8,18.75,76.24,250,3984,15671
Fortune Multispeciality Hospital - Moga,Moga,Moga,Urology,4.0,67.4,43.75,76.22,264,3985,15808
Prime Care Hospital - Ferozepur,Ferozepur,Muktsar,Cardiology,4.1,62.7,31.25,76.21,281,3986,15945
Shivalik Hospital - Fatehgarh Sahib,Fatehgarh Sahib,Bathinda,Dermatology,4.1,62.7,31.25,76.21,271,3987,16082
City Care Multispeciality Hospital - Gurdaspur,Gurdaspur,Nawanshahr,Nephrology,4.1,62.7,25.0,76.21,281,3988,16219
City Care Medical Centre - Ferozepur,Ferozepur,Bathinda,Neurology,4.1,62.7,31.25,76.21,245,3989,16356
Fortune Hospital - Moga,Moga,Hoshiarpur,Oncology,4.1,62.7,31.25,76.21,252,3990,16493
City Care Multispeciality Hospital - Fazilka,Fazilka,Rupnagar,Pulmonology,4.1,62.7,25.0,76.21,259,3991,16630
Prime Care Medical Centre - Kapurthala,Kapurthala,Mansa,Gynecology,4.1,62.6,31.25,76.18,275,3992,16767
Healing Touch Medical Centre - Jalandhar,Jalandhar,Amritsar,Neurology,4.1,62.6,31.25,76.18,246,3993,16904
Mata Kaushalya Hospital - Nawanshahr,Nawanshahr,Gurdaspur,Orthopedics,4.1,62.6,25.0,76.18,255,3994,17041
Mata Kaushalya Hospital - Tarn Taran,Tarn Taran,Nawanshahr,Pediatrics,4.1,62.6,25.0,76.18,251,3995,17178
Medicare Medical Centre - Amritsar,Amritsar,Malerkotla,General Medicine,4.1,62.5,31.25,76.15,267,3996,17315
Shaheed Bhagat Singh Medical Centre - Fazilka,Fazilka,Moga,Gynecology,4.1,62.5,31.25,76.15,276,3997,17452
Apex Healthcare - Amritsar,Amritsar,Abohar,Neurology,4.1,62.5,31.25,76.15,247,3998,17589
Guru Nanak Healthcare - Muktsar,Muktsar,Moga,Ophthalmology,4.1,62.5,31.25,76.15,262,3999,17726
Punjab Hospital - Ferozepur,Ferozepur,Firozpur,Ophthalmology,4.1,62.5,31.25,76.15,263,4000,17863
Fortune Hospital - Barnala,Barnala,Bathinda,Orthopedics,4.1,62.5,31.25,76.15,257,4001,18000
Medicare Healthcare - Ludhiana,Ludhiana,Gurdaspur,Orthopedics,4.1,62.5,31.25,76.15,256,4002,18137
Fortune Medical Centre - Bathinda,Bathinda,Hoshiarpur,Pediatrics,4.1,62.5,25.0,76.15,252,4003,18274
Fortune Healthcare - Malerkotla,Malerkotla,Bathinda,Oncology,3.9,71.8,50.0,76.14,292,4004,18411
Punjab Medical Centre - Bathinda,Bathinda,Khanna,Dermatology,4.0,67.1,37.5,76.13,279,4005,18548
Punjab Multispeciality Hospital - Kapurthala,Kapurthala,Bathinda,Oncology,4.0,67.1,37.5,76.13,264,4006,18685
Punjab Multispeciality Hospital - Ludhiana,Ludhiana,Ludhiana,Cardiology,4.1,62.4,31.25,76.12,282,4007,18822
Mata Kaushalya Healthcare - Malerkotla,Malerkotla,Patiala,Dermatology,4.1,62.4,18.75,76.12,272,4008,18959
Maharaja Ranjit Singh Multispeciality Hospital - Tarn Taran,Tarn Taran,Barnala,Gynecology,4.1,62.4,31.25,76.12,277,4009,19096
Prime Care Hospital - Pathankot,Pathankot,Rupnagar,Nephrology,4.1,62.4,31.25,76.12,282,4010,19233
Fortune Healthcare - Barnala,Barnala,Ludhiana,Oncology,4.1,62.4,31.25,76.12,253,4011,19370
Shivalik Medical Centre - Ferozepur,Ferozepur,Khanna,Oncology,4.1,62.4,31.25,76.12,254,4012,19507
Lifeline Hospital - Sangrur,Sangrur,Hoshiarpur,Orthopedics,4.1,62.4,25.0,76.12,259,4013,19644
Prime Care Medical Centre - Nawanshahr,Nawanshahr,Malerkotla,Orthopedics,4.1,62.4,31.25,76.12,258,4014,19781
Fortune Medical Centre - Ferozepur,Ferozepur,Gurdaspur,Pediatrics,4.1,62.4,31.25,76.12,253,4015,19918
Apex Multispeciality Hospital - Nawanshahr,Nawanshahr,Mansa,Dermatology,4.0,67.0,43.75,76.1,281,4016,20055
Medicare Medical Centre - Malerkotla,Malerkotla,Hoshiarpur,Dermatology,4.0,67.0,37.5,76.1,280,4017,20192
Punjab Medical Centre - Ferozepur,Ferozepur,Ludhiana,Nephrology,4.0,67.0,37.5,76.1,296,4018,20329
Mata Kaushalya Healthcare - Muktsar,Muktsar,Sangrur,Pediatrics,4.0,67.0,43.75,76.1,266,4019,20466
Medicare Healthcare - Amritsar,Amritsar,Nawanshahr,Cardiology,4.1,62.3,25.0,76.09,283,4020,20603
Sewa Multispeciality Hospital - Moga,Moga,Sangrur,Cardiology,4.1,62.3,25.0,76.09,284,4021,20740
Prime Care Hospital - SAS Nagar,SAS Nagar,Firozpur,Dermatology,4.1,62.3,31.25,76.09,273,4022,20877
Guru Nanak Medical Centre - Fatehgarh Sahib,Fatehgarh Sahib,Khanna,Gastroenterology,4.1,62.3,25.0,76.09,293,4023,21014
Shivalik Medical Centre - Barnala,Barnala,Amritsar,Gastroenterology,4.1,62.3,18.75,76.09,294,4024,21151
Medicare Hospital - Sangrur,Sangrur,Khanna,Gynecology,4.1,62.3,25.0,76.09,278,4025,21288
Lifeline Hospital - Jalandhar,Jalandhar,Moga,Pediatrics,4.1,62.3,31.25,76.09,254,4026,21425
Prime Care Healthcare - Hoshiarpur,Hoshiarpur,Patiala,Pediatrics,4.1,62.3,18.75,76.09,255,4027,21562
Healing Touch Healthcare - SAS Nagar,SAS Nagar,Abohar,Pulmonology,4.1,62.3,25.0,76.09,262,4028,21699
Lifeline Healthcare - Pathankot,Pathankot,Malerkotla,Pulmonology,4.1,62.3,31.25,76.09,260,4029,21836
Shaheed Bhagat Singh Healthcare - Sangrur,Sangrur,Jalandhar,Pulmonology,4.1,62.3,31.25,76.09,261,4030,21973
Healing Touch Multispeciality Hospital - Barnala,Barnala,Rajpura,Urology,4.1,62.3,31.25,76.09,251,4031,22110
Mata Kaushalya Hospital - Amritsar,Amritsar,Sangrur,Gastroenterology,4.0,66.9,37.5,76.07,308,4032,22247
Sunrise Hospital - Jalandhar,Jalandhar,Rupnagar,General Medicine,4.0,66.9,37.5,76.07,274,4033,22384
Prime Care Healthcare - Rupnagar,Rupnagar,Sangrur,Pediatrics,4.1,62.2,31.25,76.06,256,4034,22521
Sewa Hospital - Mansa,Mansa,Firozpur,Pulmonology,4.1,62.2,25.0,76.06,263,4035,22658
Guru Nanak Multispeciality Hospital - Gurdaspur,Gurdaspur,Barnala,Gastroenterology,4.0,66.8,37.5,76.04,309,4036,22795
Fortune Medical Centre - Amritsar,Amritsar,Jalandhar,Neurology,4.0,66.8,37.5,76.04,257,4037,22932
Healing Touch Medical Centre - SAS Nagar,SAS Nagar,Hoshiarpur,Orthopedics,4.0,66.8,37.5,76.04,264,4038,23069
Guru Nanak Medical Centre - Rupnagar,Rupnagar,Ludhiana,Cardiology,4.1,62.1,25.0,76.03,285,4039,23206
Prime Care Hospital - Hoshiarpur,Hoshiarpur,Malerkotla,Gastroenterology,4.1,62.1,31.25,76.03,295,4040,23343
Shivalik Hospital - Kapurthala,Kapurthala,Jalandhar,General Medicine,4.1,62.1,25.0,76.03,268,4041,23480
Punjab Hospital - Mansa,Mansa,Barnala,Oncology,4.1,62.1,31.25,76.03,255,4042,23617
Maharaja Ranjit Singh Medical Centre - Moga,Moga,Khanna,Orthopedics,4.1,62.1,31.25,76.03,260,4043,23754
Medicare Healthcare - Pathankot,Pathankot,Rajpura,Pulmonology,4.1,62.1,18.75,76.03,264,4044,23891
City Care Healthcare - Rupnagar,Rupnagar,Barnala,Dermatology,4.0,66.7,43.75,76.01,282,4045,24028
Medicare Multispeciality Hospital - Muktsar,Muktsar,Mansa,Pediatrics,4.0,66.7,43.75,76.01,267,4046,24165
Shivalik Medical Centre - Bathinda,Bathinda,Firozpur,Pulmonology,4.0,66.7,37.5,76.01,275,4047,24302
Apex Hospital - Malerkotla,Malerkotla,Patiala,ENT,4.1,62.0,31.25,76.0,274,4048,24439
Apex Healthcare - Ferozepur,Ferozepur,Bathinda,Gastroenterology,4.1,62.0,25.0,76.0,296,4049,24576
Sunrise Medical Centre - SAS Nagar,SAS Nagar,Patiala,General Surgery,4.1,62.0,25.0,76.0,264,4050,24713
Apex Medical Centre - Mansa,Mansa,Sangrur,Nephrology,4.1,62.0,25.0,76.0,283,4051,24850
Medicare Multispeciality Hospital - Moga,Moga,Kapurthala,Neurology,4.1,62.0,31.25,76.0,248,4052,24987
City Care Hospital - Gurdaspur,Gurdaspur,Jalandhar,Oncology,4.1,62.0,31.25,76.0,256,4053,25124
Mata Kaushalya Healthcare - Barnala,Barnala,Barnala,Pulmonology,4.1,62.0,31.25,76.0,265,4054,25261
Prime Care Medical Centre - Fatehgarh Sahib,Fatehgarh Sahib,Abohar,Pulmonology,4.1,62.0,31.25,76.0,267,4055,25398
Punjab Healthcare - Gurdaspur,Gurdaspur,Kapurthala,Pulmonology,4.1,62.0,31.25,76.0,266,4056,25535
Punjab Medical Centre - Tarn Taran,Tarn Taran,Mansa,Gynecology,4.0,66.6,37.5,75.98,290,4057,25672
Apex Hospital - Ferozepur,Ferozepur,Malerkotla,Pulmonology,4.0,66.6,50.0,75.98,276,4058,25809
Shivalik Medical Centre - Patiala,Patiala,Mohali,Urology,4.0,66.6,37.5,75.98,265,4059,25946
Fortune Healthcare - Gurdaspur,Gurdaspur,Sangrur,Cardiology,4.1,61.9,18.75,75.97,286,4060,26083
Guru Nanak Multispeciality Hospital - Gurdaspur,Gurdaspur,Sangrur,ENT,4.1,61.9,25.0,75.97,275,4061,26220
Mata Kaushalya Healthcare - Sangrur,Sangrur,Sangrur,General Medicine,4.1,61.9,25.0,75.97,269,4062,26357
Fortune Healthcare - Gurdaspur,Gurdaspur,Hoshiarpur,Gynecology,4.1,61.9,31.25,75.97,279,4063,26494
Sewa Medical Centre - Ludhiana,Ludhiana,Pathankot,Gynecology,4.1,61.9,18.75,75.97,280,4064,26631
Shivalik Medical Centre - Barnala,Barnala,Kapurthala,Gynecology,4.1,61.9,31.25,75.97,281,4065,26768
Healing Touch Multispeciality Hospital - Malerkotla,Malerkotla,Phagwara,Oncology,4.1,61.9,31.25,75.97,257,4066,26905
Healing Touch Hospital - Patiala,Patiala,Pathankot,Urology,4.1,61.9,31.25,75.97,252,4067,27042
Prime Care Medical Centre - Barnala,Barnala,Hoshiarpur,Urology,4.1,61.9,25.0,75.97,253,4068,27179
Shivalik Multispeciality Hospital - Muktsar,Muktsar,Sangrur,General Surgery,4.0,66.5,43.75,75.95,273,4069,27316
Apex Hospital - Fatehgarh Sahib,Fatehgarh Sahib,Gurdaspur,Oncology,4.0,66.5,37.5,75.95,265,4070,27453
Shivalik Multispeciality Hospital - Hoshiarpur,Hoshiarpur,Rupnagar,Orthopedics,4.0,66.5,50.0,75.95,265,4071,27590
Lifeline Medical Centre - Bathinda,Bathinda,Nawanshahr,Pulmonology,4.0,66.5,43.75,75.95,277,4072,27727
Lifeline Multispeciality Hospital - Bathinda,Bathinda,Muktsar,General Surgery,4.1,61.8,25.0,75.94,265,4073,27864
Sewa Hospital - Muktsar,Muktsar,Gurdaspur,Oncology,4.1,61.8,31.25,75.94,258,4074,28001
Apex Multispeciality Hospital - Faridkot,Faridkot,Abohar,Ophthalmology,4.1,61.8,25.0,75.94,264,4075,28138
Apex Hospital - Kapurthala,Kapurthala,Pathankot,Pediatrics,4.1,61.8,18.75,75.94,257,4076,28275
Maharaja Ranjit Singh Multispeciality Hospital - Malerkotla,Malerkotla,Pathankot,Pulmonology,4.0,66.4,37.5,75.92,278,4077,28412
Punjab Multispeciality Hospital - Fazilka,Fazilka,Mansa,Urology,4.0,66.4,43.75,75.92,266,4078,28549
Sewa Hospital - Nawanshahr,Nawanshahr,Moga,Dermatology,4.1,61.7,18.75,75.91,274,4079,28686
Guru Nanak Healthcare - Moga,Moga,Pathankot,ENT,4.1,61.7,31.25,75.91,276,4080,28823
Punjab Multispeciality Hospital - Fazilka,Fazilka,Pathankot,Neurology,4.1,61.7,18.75,75.91,249,4081,28960
City Care Hospital - Kapurthala,Kapurthala,Muktsar,Urology,4.1,61.7,31.25,75.91,254,4082,29097
Sunrise Multispeciality Hospital - Muktsar,Muktsar,Rupnagar,ENT,4.0,66.3,31.25,75.89,281,4083,29234
City Care Healthcare - Malerkotla,Malerkotla,Jalandhar,Gastroenterology,4.0,66.3,25.0,75.89,310,4084,29371
Mata Kaushalya Multispeciality Hospital - Kapurthala,Kapurthala,Mansa,Neurology,4.0,66.3,37.5,75.89,258,4085,29508
Medicare Healthcare - Ludhiana,Ludhiana,Kapurthala,Orthopedics,4.0,66.3,43.75,75.89,266,4086,29645
Sunrise Medical Centre - Ferozepur,Ferozepur,Muktsar,Dermatology,4.1,61.6,25.0,75.88,275,4087,29782
Maharaja Ranjit Singh Medical Centre - Fatehgarh Sahib,Fatehgarh Sahib,Malerkotla,Gastroenterology,4.1,61.6,25.0,75.88,297,4088,29919
Shivalik Healthcare - Sangrur,Sangrur,Gurdaspur,Oncology,4.1,61.6,31.25,75.88,259,4089,30056
Prime Care Medical Centre - Fatehgarh Sahib,Fatehgarh Sahib,Hoshiarpur,Urology,4.1,61.6,31.25,75.88,255,4090,30193
Shivalik Medical Centre - Ludhiana,Ludhiana,Gurdaspur,Nephrology,4.0,66.2,43.75,75.86,297,4091,30330
Prime Care Hospital - Amritsar,Amritsar,Ludhiana,Pulmonology,4.0,66.2,37.5,75.86,279,4092,30467
City Care Multispeciality Hospital - Kapurthala,Kapurthala,Nawanshahr,Cardiology,4.1,61.5,25.0,75.85,287,4093,30604
Lifeline Healthcare - Pathankot,Pathankot,Gurdaspur,Gastroenterology,4.1,61.5,25.0,75.85,299,4094,30741
Prime Care Multispeciality Hospital - Barnala,Barnala,Bathinda,Gastroenterology,4.1,61.5,31.25,75.85,298,4095,30878
Sunrise Healthcare - Nawanshahr,Nawanshahr,Patiala,Gastroenterology,4.1,61.5,25.0,75.85,300,4096,31015
Fortune Medical Centre - Pathankot,Pathankot,Malerkotla,General Medicine,4.1,61.5,25.0,75.85,270,4097,31152
Prime Care Medical Centre - Ludhiana,Ludhiana,Hoshiarpur,General Surgery,4.1,61.5,18.75,75.85,266,4098,31289
Sunrise Hospital - SAS Nagar,SAS Nagar,Sangrur,Gynecology,4.1,61.5,25.0,75.85,282,4099,31426
Fortune Multispeciality Hospital - Faridkot,Faridkot,Pathankot,Pulmonology,4.1,61.5,18.75,75.85,268,4100,31563
Healing Touch Hospital - Patiala,Patiala,Sangrur,Urology,4.1,61.5,18.75,75.85,256,4101,31700
Guru Nanak Multispeciality Hospital - Mansa,Mansa,Malerkotla,Gynecology,4.0,66.1,37.5,75.83,291,4102,31837
Lifeline Medical Centre - Fatehgarh Sahib,Fatehgarh Sahib,Pathankot,Neurology,4.0,66.1,31.25,75.83,259,4103,31974
Healing Touch Healthcare - SAS Nagar,SAS Nagar,Mohali,Pediatrics,4.0,66.1,43.75,75.83,269,4104,32111
Medicare Hospital - Faridkot,Faridkot,Mansa,Pediatrics,4.0,66.1,37.5,75.83,268,4105,32248
Guru Nanak Multispeciality Hospital - Faridkot,Faridkot,Gurdaspur,Gastroenterology,4.1,61.4,25.0,75.82,301,4106,32385
Mata Kaushalya Healthcare - Bathinda,Bathinda,Khanna,Gynecology,4.1,61.4,25.0,75.82,283,4107,32522
Sunrise Multispeciality Hospital - Malerkotla,Malerkotla,Gurdaspur,Oncology,4.1,61.4,25.0,75.82,260,4108,32659
Healing Touch Multispeciality Hospital - Fazilka,Fazilka,Nawanshahr,Pediatrics,4.1,61.4,25.0,75.82,258,4109,32796
Shaheed Bhagat Singh Medical Centre - Barnala,Barnala,Ludhiana,Pediatrics,4.1,61.4,25.0,75.82,259,4110,32933
Mata Kaushalya Hospital - Malerkotla,Malerkotla,Firozpur,Pediatrics,4.0,66.0,25.0,75.8,270,4111,33070
Mata Kaushalya Medical Centre - Sangrur,Sangrur,Rajpura,Pulmonology,4.0,66.0,31.25,75.8,280,4112,33207
Sunrise Hospital - Kapurthala,Kapurthala,Mohali,Dermatology,4.1,61.3,18.75,75.79,276,4113,33344
Sunrise Hospital - Amritsar,Amritsar,Mohali,Neurology,4.1,61.3,25.0,75.79,250,4114,33481
Maharaja Ranjit Singh Medical Centre - Tarn Taran,Tarn Taran,Muktsar,Gynecology,4.0,65.9,37.5,75.77,292,4115,33618
Punjab Multispeciality Hospital - Amritsar,Amritsar,Rupnagar,Oncology,4.0,65.9,43.75,75.77,266,4116,33755
City Care Hospital - Patiala,Patiala,Nawanshahr,Nephrology,4.1,61.2,18.75,75.76,284,4117,33892
Apex Healthcare - Tarn Taran,Tarn Taran,Mansa,Orthopedics,4.1,61.2,18.75,75.76,262,4118,34029
Apex Multispeciality Hospital - Moga,Moga,Pathankot,Orthopedics,4.1,61.2,18.75,75.76,261,4119,34166
Fortune Healthcare - SAS Nagar,SAS Nagar,Malerkotla,Cardiology,4.0,65.8,37.5,75.74,292,4120,34303
Mata Kaushalya Medical Centre - Rupnagar,Rupnagar,Sangrur,ENT,4.0,65.8,43.75,75.74,282,4121,34440
City Care Multispeciality Hospital - Nawanshahr,Nawanshahr,Gurdaspur,Gastroenterology,4.0,65.8,37.5,75.74,311,4122,34577
Guru Nanak Hospital - Muktsar,Muktsar,Nawanshahr,General Surgery,4.0,65.8,43.75,75.74,274,4123,34714
Punjab Hospital - Ferozepur,Ferozepur,Amritsar,Ophthalmology,4.0,65.8,37.5,75.74,267,4124,34851
Sunrise Healthcare - Kapurthala,Kapurthala,Khanna,Ophthalmology,4.0,65.8,43.75,75.74,268,4125,34988
City Care Healthcare - Bathinda,Bathinda,Moga,Pulmonology,4.0,65.8,43.75,75.74,281,4126,35125
City Care Healthcare - Ferozepur,Ferozepur,Hoshiarpur,Gynecology,4.1,61.1,25.0,75.73,284,4127,35262
Prime Care Healthcare - Faridkot,Faridkot,Sangrur,Nephrology,4.1,61.1,18.75,75.73,285,4128,35399
Prime Care Healthcare - SAS Nagar,SAS Nagar,Sangrur,Pulmonology,4.1,61.1,25.0,75.73,269,4129,35536
Apex Healthcare - Patiala,Patiala,Nawanshahr,Urology,4.1,61.1,25.0,75.73,258,4130,35673
Guru Nanak Multispeciality Hospital - Muktsar,Muktsar,Phagwara,Urology,4.1,61.1,25.0,75.73,257,4131,35810
Sewa Medical Centre - Nawanshahr,Nawanshahr,Moga,Gastroenterology,4.0,65.7,43.75,75.71,312,4132,35947
Shivalik Medical Centre - Ludhiana,Ludhiana,Patiala,Gastroenterology,4.0,65.7,31.25,75.71,313,4133,36084
Guru Nanak Hospital - Patiala,Patiala,Hoshiarpur,General Surgery,4.0,65.7,31.25,75.71,275,4134,36221
Apex Hospital - Tarn Taran,Tarn Taran,Rajpura,General Medicine,4.1,61.0,25.0,75.7,271,4135,36358
Mata Kaushalya Healthcare - Bathinda,Bathinda,Ludhiana,Gynecology,4.1,61.0,18.75,75.7,286,4136,36495
Sunrise Hospital - Nawanshahr,Nawanshahr,Bathinda,Gynecology,4.1,61.0,25.0,75.7,285,4137,36632
Maharaja Ranjit Singh Hospital - Ferozepur,Ferozepur,Nawanshahr,General Surgery,4.0,65.6,31.25,75.68,276,4138,36769
Healing Touch Hospital - Amritsar,Amritsar,Mohali,Neurology,4.0,65.6,37.5,75.68,260,4139,36906
Lifeline Hospital - Rupnagar,Rupnagar,Mansa,Oncology,4.0,65.6,31.25,75.68,267,4140,37043
Lifeline Multispeciality Hospital - Jalandhar,Jalandhar,Jalandhar,Oncology,4.0,65.6,37.5,75.68,268,4141,37180
Shaheed Bhagat Singh Medical Centre - Muktsar,Muktsar,Firozpur,Oncology,4.0,65.6,43.75,75.68,269,4142,37317
Mata Kaushalya Hospital - Tarn Taran,Tarn Taran,Pathankot,Urology,4.0,65.6,43.75,75.68,267,4143,37454
Punjab Healthcare - Fazilka,Fazilka,Pathankot,General Surgery,4.0,65.5,31.25,75.65,277,4144,37591
Mata Kaushalya Multispeciality Hospital - Barnala,Barnala,Ludhiana,Nephrology,4.0,65.5,43.75,75.65,298,4145,37728
Medicare Hospital - SAS Nagar,SAS Nagar,Ludhiana,Neurology,4.0,65.5,43.75,75.65,261,4146,37865
Shaheed Bhagat Singh Medical Centre - Moga,Moga,Firozpur,Ophthalmology,4.0,65.5,31.25,75.65,269,4147,38002
Mata Kaushalya Multispeciality Hospital - Ferozepur,Ferozepur,Moga,Pediatrics,4.0,65.5,31.25,75.65,271,4148,38139
Punjab Hospital - Moga,Moga,Malerkotla,Gastroenterology,4.1,60.8,12.5,75.64,302,4149,38276
Fortune Medical Centre - Rupnagar,Rupnagar,Kapurthala,Pediatrics,4.1,60.8,25.0,75.64,260,4150,38413
Prime Care Hospital - Rupnagar,Rupnagar,Malerkotla,Neurology,4.0,65.4,37.5,75.62,262,4151,38550
Medicare Multispeciality Hospital - Pathankot,Pathankot,Rupnagar,Urology,4.0,65.4,31.25,75.62,268,4152,38687
Shivalik Medical Centre - Faridkot,Faridkot,Mohali,Gynecology,4.1,60.7,18.75,75.61,287,4153,38824
Lifeline Healthcare - Kapurthala,Kapurthala,Mansa,Nephrology,4.1,60.7,18.75,75.61,286,4154,38961
Prime Care Healthcare - Kapurthala,Kapurthala,Moga,Nephrology,4.1,60.7,18.75,75.61,287,4155,39098
Punjab Medical Centre - Ludhiana,Ludhiana,Muktsar,Urology,4.1,60.7,18.75,75.61,259,4156,39235
Sewa Hospital - Hoshiarpur,Hoshiarpur,Khanna,Dermatology,4.0,65.3,37.5,75.59,283,4157,39372
Maharaja Ranjit Singh Medical Centre - Hoshiarpur,Hoshiarpur,Mansa,Gynecology,4.0,65.3,43.75,75.59,293,4158,39509
Apex Hospital - Gurdaspur,Gurdaspur,Barnala,Nephrology,4.0,65.3,31.25,75.59,299,4159,39646
Shaheed Bhagat Singh Medical Centre - Moga,Moga,Sangrur,Nephrology,4.0,65.3,31.25,75.59,300,4160,39783
Fortune Multispeciality Hospital - Nawanshahr,Nawanshahr,Bathinda,Orthopedics,4.0,65.3,31.25,75.59,267,4161,39920
Shaheed Bhagat Singh Healthcare - Jalandhar,Jalandhar,Malerkotla,Cardiology,4.1,60.6,25.0,75.58,288,4162,40057
Sunrise Hospital - Jalandhar,Jalandhar,Mohali,General Surgery,4.1,60.6,25.0,75.58,267,4163,40194
Shivalik Healthcare - Kapurthala,Kapurthala,Hoshiarpur,Pediatrics,4.1,60.6,18.75,75.58,261,4164,40331
City Care Medical Centre - Pathankot,Pathankot,Rajpura,ENT,4.1,60.5,25.0,75.55,277,4165,40468
Sunrise Medical Centre - Malerkotla,Malerkotla,Jalandhar,General Surgery,4.1,60.5,25.0,75.55,268,4166,40605
Guru Nanak Multispeciality Hospital - Kapurthala,Kapurthala,Hoshiarpur,Pediatrics,4.1,60.5,18.75,75.55,262,4167,40742
Shivalik Healthcare - Jalandhar,Jalandhar,Bathinda,Orthopedics,4.0,65.1,37.5,75.53,268,4168,40879
Shaheed Bhagat Singh Multispeciality Hospital - Moga,Moga,Kapurthala,Pulmonology,4.0,65.1,31.25,75.53,282,4169,41016
Maharaja Ranjit Singh Medical Centre - Ferozepur,Ferozepur,Hoshiarpur,Urology,4.0,65.1,31.25,75.53,269,4170,41153
Mata Kaushalya Medical Centre - Bathinda,Bathinda,Mohali,Cardiology,4.1,60.4,18.75,75.52,289,4171,41290
Shivalik Healthcare - Moga,Moga,Moga,ENT,4.1,60.4,25.0,75.52,278,4172,41427
Healing Touch Hospital - Patiala,Patiala,Nawanshahr,General Medicine,4.0,65.0,31.25,75.5,276,4173,41564
Lifeline Medical Centre - Fatehgarh Sahib,Fatehgarh Sahib,Khanna,General Medicine,4.0,65.0,31.25,75.5,275,4174,41701
Mata Kaushalya Healthcare - Pathankot,Pathankot,Kapurthala,Neurology,4.0,65.0,37.5,75.5,263,4175,41838
Fortune Hospital - Malerkotla,Malerkotla,Amritsar,Orthopedics,4.0,65.0,37.5,75.5,269,4176,41975
Maharaja Ranjit Singh Multispeciality Hospital - Amritsar,Amritsar,Barnala,Pediatrics,4.0,65.0,31.25,75.5,272,4177,42112
Shaheed Bhagat Singh Healthcare - Muktsar,Muktsar,Kapurthala,Pediatrics,4.0,65.0,31.25,75.5,273,4178,42249
Maharaja Ranjit Singh Medical Centre - Muktsar,Muktsar,Amritsar,Dermatology,4.1,60.3,25.0,75.49,277,4179,42386
Sunrise Healthcare - Jalandhar,Jalandhar,Sangrur,ENT,4.1,60.3,25.0,75.49,279,4180,42523
City Care Multispeciality Hospital - Sangrur,Sangrur,Rajpura,Gastroenterology,4.1,60.3,25.0,75.49,303,4181,42660
Sunrise Healthcare - Faridkot,Faridkot,Muktsar,Nephrology,4.1,60.3,25.0,75.49,288,4182,42797
Sewa Medical Centre - Muktsar,Muktsar,Malerkotla,Cardiology,4.0,64.9,43.75,75.47,293,4183,42934
Healing Touch Hospital - Jalandhar,Jalandhar,Gurdaspur,ENT,4.0,64.9,43.75,75.47,283,4184,43071
City Care Multispeciality Hospital - Barnala,Barnala,Patiala,Gastroenterology,4.0,64.9,37.5,75.47,314,4185,43208
Fortune Multispeciality Hospital - Gurdaspur,Gurdaspur,Bathinda,Pulmonology,4.0,64.9,37.5,75.47,283,4186,43345
City Care Multispeciality Hospital - Patiala,Patiala,Nawanshahr,General Surgery,4.1,60.2,18.75,75.46,269,4187,43482
Punjab Healthcare - Barnala,Barnala,Patiala,Nephrology,4.1,60.2,18.75,75.46,289,4188,43619
Lifeline Multispeciality Hospital - Nawanshahr,Nawanshahr,Patiala,Cardiology,4.0,64.8,43.75,75.44,294,4189,43756
Mata Kaushalya Medical Centre - Ferozepur,Ferozepur,Khanna,ENT,4.0,64.8,31.25,75.44,284,4190,43893
Medicare Multispeciality Hospital - Pathankot,Pathankot,Gurdaspur,General Medicine,4.0,64.8,31.25,75.44,277,4191,44030
Sewa Hospital - Amritsar,Amritsar,Ludhiana,General Medicine,4.0,64.8,43.75,75.44,278,4192,44167
Healing Touch Hospital - Pathankot,Pathankot,Hoshiarpur,Gynecology,4.0,64.8,43.75,75.44,294,4193,44304
Fortune Hospital - Malerkotla,Malerkotla,Kapurthala,Ophthalmology,4.0,64.8,31.25,75.44,270,4194,44441
Punjab Hospital - Rupnagar,Rupnagar,Malerkotla,Gastroenterology,4.1,60.1,18.75,75.43,304,4195,44578
City Care Hospital - Nawanshahr,Nawanshahr,Moga,Nephrology,4.1,60.1,25.0,75.43,290,4196,44715
Punjab Healthcare - Barnala,Barnala,Moga,Urology,4.1,60.1,18.75,75.43,260,4197,44852
City Care Multispeciality Hospital - SAS Nagar,SAS Nagar,Gurdaspur,General Surgery,4.0,64.7,31.25,75.41,278,4198,44989
Maharaja Ranjit Singh Multispeciality Hospital - Barnala,Barnala,Moga,Gynecology,4.0,64.7,37.5,75.41,295,4199,45126
Punjab Healthcare - Rupnagar,Rupnagar,Ludhiana,Oncology,4.0,64.7,43.75,75.41,270,4200,45263
Sewa Healthcare - Nawanshahr,Nawanshahr,Rajpura,Urology,4.1,60.0,25.0,75.4,261,4201,45400
City Care Hospital - Tarn Taran,Tarn Taran,Malerkotla,Gynecology,3.9,69.3,50.0,75.39,313,4202,45537
Shaheed Bhagat Singh Healthcare - SAS Nagar,SAS Nagar,Kapurthala,Neurology,4.0,64.6,37.5,75.38,264,4203,45674
Apex Hospital - Ludhiana,Ludhiana,Barnala,Orthopedics,4.0,64.6,31.25,75.38,270,4204,45811
City Care Multispeciality Hospital - Fatehgarh Sahib,Fatehgarh Sahib,Kapurthala,Pulmonology,4.0,64.6,31.25,75.38,284,4205,45948
Prime Care Medical Centre - Ludhiana,Ludhiana,Firozpur,Urology,4.0,64.6,25.0,75.38,270,4206,46085
Punjab Hospital - Moga,Moga,Mansa,ENT,4.1,59.9,18.75,75.37,280,4207,46222
Shaheed Bhagat Singh Hospital - Bathinda,Bathinda,Nawanshahr,Urology,4.1,59.9,18.75,75.37,262,4208,46359
Healing Touch Multispeciality Hospital - Rupnagar,Rupnagar,Nawanshahr,Cardiology,4.0,64.5,37.5,75.35,295,4209,46496
Healing Touch Multispeciality Hospital - Tarn Taran,Tarn Taran,Malerkotla,Gastroenterology,4.0,64.5,43.75,75.35,315,4210,46633
City Care Hospital - Tarn Taran,Tarn Taran,Nawanshahr,Neurology,4.0,64.5,31.25,75.35,265,4211,46770
Prime Care Healthcare - Moga,Moga,Hoshiarpur,Ophthalmology,4.0,64.5,37.5,75.35,272,4212,46907
Punjab Healthcare - Pathankot,Pathankot,Rajpura,Ophthalmology,4.0,64.5,37.5,75.35,271,4213,47044
Guru Nanak Hospital - Rupnagar,Rupnagar,Abohar,Cardiology,4.0,64.4,43.75,75.32,296,4214,47181
Medicare Hospital - Rupnagar,Rupnagar,Ludhiana,Dermatology,4.0,64.4,37.5,75.32,284,4215,47318
Fortune Medical Centre - Bathinda,Bathinda,Firozpur,Gastroenterology,4.0,64.4,31.25,75.32,317,4216,47455
Guru Nanak Healthcare - Patiala,Patiala,Bathinda,Gastroenterology,4.0,64.4,25.0,75.32,316,4217,47592
Sunrise Hospital - Amritsar,Amritsar,Hoshiarpur,General Surgery,4.0,64.4,43.75,75.32,279,4218,47729
Fortune Medical Centre - Malerkotla,Malerkotla,Barnala,Gynecology,4.0,64.4,37.5,75.32,296,4219,47866
Fortune Medical Centre - SAS Nagar,SAS Nagar,Mansa,Gynecology,4.0,64.4,31.25,75.32,297,4220,48003
Sunrise Multispeciality Hospital - Sangrur,Sangrur,Firozpur,Nephrology,4.0,64.4,31.25,75.32,301,4221,48140
Fortune Multispeciality Hospital - Pathankot,Pathankot,Bathinda,Neurology,4.0,64.4,37.5,75.32,266,4222,48277
Healing Touch Hospital - Muktsar,Muktsar,Barnala,Oncology,4.0,64.4,37.5,75.32,271,4223,48414
Guru Nanak Medical Centre - Fazilka,Fazilka,Kapurthala,Orthopedics,4.0,64.4,31.25,75.32,272,4224,48551
Healing Touch Multispeciality Hospital - Bathinda,Bathinda,Firozpur,Orthopedics,4.0,64.4,37.5,75.32,271,4225,48688
Shaheed Bhagat Singh Medical Centre - Mansa,Mansa,Firozpur,Orthopedics,4.0,64.4,43.75,75.32,273,4226,48825
Shaheed Bhagat Singh Healthcare - Barnala,Barnala,Rajpura,Pulmonology,4.0,64.4,43.75,75.32,285,4227,48962
Sunrise Healthcare - Tarn Taran,Tarn Taran,Firozpur,Pulmonology,4.0,64.4,31.25,75.32,286,4228,49099
Fortune Healthcare - Gurdaspur,Gurdaspur,Moga,Pediatrics,4.1,59.7,12.5,75.31,263,4229,49236
Fortune Healthcare - Rupnagar,Rupnagar,Firozpur,Dermatology,4.0,64.3,31.25,75.29,285,4230,49373
City Care Medical Centre - Sangrur,Sangrur,Patiala,ENT,4.0,64.3,25.0,75.29,285,4231,49510
Sunrise Healthcare - Ferozepur,Ferozepur,Firozpur,Nephrology,4.0,64.3,18.75,75.29,302,4232,49647
Mata Kaushalya Medical Centre - SAS Nagar,SAS Nagar,Rupnagar,Neurology,4.0,64.3,43.75,75.29,267,4233,49784
Shivalik Hospital - Bathinda,Bathinda,Bathinda,Orthopedics,4.0,64.3,37.5,75.29,274,4234,49921
City Care Healthcare - Faridkot,Faridkot,Jalandhar,Urology,4.0,64.3,37.5,75.29,272,4235,50058
Shaheed Bhagat Singh Healthcare - SAS Nagar,SAS Nagar,Abohar,Urology,4.0,64.3,31.25,75.29,271,4236,50195
Sewa Medical Centre - Hoshiarpur,Hoshiarpur,Amritsar,General Medicine,4.1,59.6,12.5,75.28,272,4237,50332
Punjab Medical Centre - Jalandhar,Jalandhar,Abohar,Dermatology,4.0,64.2,37.5,75.26,286,4238,50469
Shivalik Multispeciality Hospital - Tarn Taran,Tarn Taran,Moga,General Medicine,4.0,64.2,31.25,75.26,279,4239,50606
Fortune Hospital - Hoshiarpur,Hoshiarpur,Rupnagar,Nephrology,4.0,64.2,43.75,75.26,303,4240,50743
Mata Kaushalya Healthcare - Gurdaspur,Gurdaspur,Sangrur,General Medicine,4.0,64.1,25.0,75.23,280,4241,50880
Apex Healthcare - Patiala,Patiala,Firozpur,General Surgery,4.0,64.1,43.75,75.23,280,4242,51017
Lifeline Multispeciality Hospital - Amritsar,Amritsar,Malerkotla,Urology,4.0,64.1,31.25,75.23,273,4243,51154
Guru Nanak Medical Centre - Gurdaspur,Gurdaspur,Malerkotla,General Surgery,4.0,64.0,43.75,75.2,281,4244,51291
Guru Nanak Multispeciality Hospital - Gurdaspur,Gurdaspur,Jalandhar,Nephrology,4.0,64.0,43.75,75.2,305,4245,51428
Prime Care Medical Centre - Patiala,Patiala,Bathinda,Nephrology,4.0,64.0,31.25,75.2,304,4246,51565
Punjab Multispeciality Hospital - Ludhiana,Ludhiana,Patiala,Ophthalmology,4.0,64.0,25.0,75.2,274,4247,51702
Sunrise Medical Centre - Bathinda,Bathinda,Jalandhar,Ophthalmology,4.0,64.0,37.5,75.2,273,4248,51839
Mata Kaushalya Medical Centre - Ferozepur,Ferozepur,Gurdaspur,Orthopedics,4.0,64.0,25.0,75.2,276,4249,51976
Medicare Hospital - Faridkot,Faridkot,Firozpur,Orthopedics,4.0,64.0,25.0,75.2,275,4250,52113
Mata Kaushalya Multispeciality Hospital - Jalandhar,Jalandhar,Moga,Urology,4.0,64.0,31.25,75.2,274,4251,52250
Fortune Hospital - Sangrur,Sangrur,Kapurthala,Dermatology,4.0,63.9,31.25,75.17,287,4252,52387
Shivalik Multispeciality Hospital - Moga,Moga,Pathankot,Nephrology,4.0,63.9,37.5,75.17,306,4253,52524
Sunrise Healthcare - Malerkotla,Malerkotla,Rupnagar,Neurology,4.0,63.9,37.5,75.17,268,4254,52661
Healing Touch Medical Centre - Malerkotla,Malerkotla,Phagwara,Ophthalmology,4.0,63.9,31.25,75.17,275,4255,52798
Sunrise Hospital - Jalandhar,Jalandhar,Pathankot,Ophthalmology,4.0,63.9,31.25,75.17,276,4256,52935
Prime Care Hospital - Nawanshahr,Nawanshahr,Rupnagar,Pulmonology,4.0,63.9,31.25,75.17,287,4257,53072
Shivalik Medical Centre - Malerkotla,Malerkotla,Jalandhar,Urology,4.0,63.9,37.5,75.17,275,4258,53209
Sewa Hospital - Hoshiarpur,Hoshiarpur,Nawanshahr,Gynecology,4.1,59.2,6.25,75.16,288,4259,53346
Lifeline Hospital - Moga,Moga,Amritsar,ENT,3.9,68.5,43.75,75.15,303,4260,53483
Apex Healthcare - Hoshiarpur,Hoshiarpur,Rajpura,Gastroenterology,4.0,63.8,37.5,75.14,318,4261,53620
Medicare Healthcare - Kapurthala,Kapurthala,Nawanshahr,General Surgery,4.0,63.8,37.5,75.14,282,4262,53757
Apex Multispeciality Hospital - Muktsar,Muktsar,Sangrur,Neurology,4.0,63.8,31.25,75.14,270,4263,53894
Shivalik Hospital - Hoshiarpur,Hoshiarpur,Mansa,Neurology,4.0,63.8,31.25,75.14,269,4264,54031
Lifeline Healthcare - SAS Nagar,SAS Nagar,Barnala,Orthopedics,4.0,63.8,31.25,75.14,277,4265,54168
Sewa Medical Centre - Malerkotla,Malerkotla,Rupnagar,Pediatrics,4.0,63.8,43.75,75.14,274,4266,54305
City Care Healthcare - Malerkotla,Malerkotla,Abohar,Urology,4.0,63.8,31.25,75.14,276,4267,54442
Punjab Hospital - Barnala,Barnala,Muktsar,Urology,4.0,63.8,31.25,75.14,277,4268,54579
Sewa Medical Centre - Patiala,Patiala,Pathankot,Nephrology,4.1,59.1,18.75,75.13,291,4269,54716
Mata Kaushalya Hospital - Amritsar,Amritsar,Rajpura,Gynecology,4.0,63.7,43.75,75.11,298,4270,54853
Punjab Medical Centre - Patiala,Patiala,Rupnagar,Nephrology,4.0,63.7,18.75,75.11,307,4271,54990
Fortune Healthcare - Kapurthala,Kapurthala,Rupnagar,Pediatrics,4.0,63.7,31.25,75.11,275,4272,55127
Shaheed Bhagat Singh Healthcare - Gurdaspur,Gurdaspur,Barnala,Pulmonology,4.0,63.7,31.25,75.11,288,4273,55264
Apex Medical Centre - Moga,Moga,Khanna,General Surgery,4.1,59.0,18.75,75.1,271,4274,55401
Lifeline Medical Centre - Muktsar,Muktsar,Gurdaspur,General Surgery,4.1,59.0,18.75,75.1,270,4275,55538
Fortune Hospital - Muktsar,Muktsar,Rajpura,Neurology,4.1,59.0,12.5,75.1,252,4276,55675
Medicare Healthcare - Moga,Moga,Rajpura,Neurology,4.1,59.0,12.5,75.1,251,4277,55812
Sunrise Healthcare - Ferozepur,Ferozepur,Hoshiarpur,Orthopedics,4.1,59.0,18.75,75.1,263,4278,55949
Lifeline Multispeciality Hospital - Patiala,Patiala,Firozpur,General Medicine,4.0,63.6,31.25,75.08,281,4279,56086
Guru Nanak Healthcare - Muktsar,Muktsar,Phagwara,General Surgery,4.0,63.6,37.5,75.08,283,4280,56223
Mata Kaushalya Multispeciality Hospital - Bathinda,Bathinda,Rajpura,Nephrology,4.0,63.6,25.0,75.08,308,4281,56360
Lifeline Multispeciality Hospital - Pathankot,Pathankot,Moga,Neurology,4.0,63.6,25.0,75.08,271,4282,56497
Maharaja Ranjit Singh Multispeciality Hospital - Gurdaspur,Gurdaspur,Rupnagar,Oncology,4.0,63.6,31.25,75.08,272,4283,56634
Sewa Multispeciality Hospital - Ludhiana,Ludhiana,Hoshiarpur,Urology,4.1,58.9,18.75,75.07,263,4284,56771
Sewa Multispeciality Hospital - Muktsar,Muktsar,Ludhiana,Cardiology,4.0,63.5,37.5,75.05,297,4285,56908
Shivalik Healthcare - Muktsar,Muktsar,Hoshiarpur,Dermatology,4.0,63.5,37.5,75.05,288,4286,57045
Apex Medical Centre - Rupnagar,Rupnagar,Patiala,Gynecology,4.0,63.5,31.25,75.05,299,4287,57182
Shivalik Hospital - Pathankot,Pathankot,Ludhiana,Nephrology,4.0,63.5,37.5,75.05,309,4288,57319
Shivalik Multispeciality Hospital - SAS Nagar,SAS Nagar,Mohali,Oncology,4.0,63.5,31.25,75.05,273,4289,57456
Apex Healthcare - Barnala,Barnala,Malerkotla,Dermatology,4.1,58.8,18.75,75.04,278,4290,57593
Medicare Medical Centre - Muktsar,Muktsar,Mansa,Nephrology,4.1,58.8,12.5,75.04,292,4291,57730
Sewa Medical Centre - Malerkotla,Malerkotla,Moga,Pulmonology,4.1,58.8,18.75,75.04,270,4292,57867
City Care Medical Centre - Rupnagar,Rupnagar,Amritsar,Cardiology,3.9,68.1,43.75,75.03,321,4293,58004
Guru Nanak Hospital - Amritsar,Amritsar,Moga,Gastroenterology,4.0,63.4,31.25,75.02,320,4294,58141
Healing Touch Multispeciality Hospital - Amritsar,Amritsar,Kapurthala,Gastroenterology,4.0,63.4,37.5,75.02,322,4295,58278
Sewa Healthcare - Rupnagar,Rupnagar,Gurdaspur,Gastroenterology,4.0,63.4,37.5,75.02,321,4296,58415
Sewa Multispeciality Hospital - Muktsar,Muktsar,Pathankot,Gastroenterology,4.0,63.4,37.5,75.02,319,4297,58552
Prime Care Hospital - Nawanshahr,Nawanshahr,Pathankot,General Medicine,4.0,63.4,31.25,75.02,282,4298,58689
Sunrise Hospital - Ferozepur,Ferozepur,Bathinda,Gynecology,4.0,63.4,25.0,75.02,300,4299,58826
Guru Nanak Multispeciality Hospital - Barnala,Barnala,Gurdaspur,Cardiology,4.0,63.3,37.5,74.99,298,4300,58963
Healing Touch Healthcare - Barnala,Barnala,Sangrur,Oncology,4.0,63.3,31.25,74.99,274,4301,59100
Mata Kaushalya Hospital - Gurdaspur,Gurdaspur,Gurdaspur,Orthopedics,4.0,63.3,31.25,74.99,278,4302,59237
Shivalik Medical Centre - Ludhiana,Ludhiana,Abohar,Urology,4.0,63.3,37.5,74.99,278,4303,59374
Maharaja Ranjit Singh Healthcare - Patiala,Patiala,Abohar,Dermatology,4.0,63.2,31.25,74.96,289,4304,59511
Mata Kaushalya Hospital - Kapurthala,Kapurthala,Amritsar,Gynecology,4.0,63.2,25.0,74.96,301,4305,59648
Lifeline Hospital - Patiala,Patiala,Muktsar,Nephrology,4.0,63.2,31.25,74.96,310,4306,59785
Mata Kaushalya Multispeciality Hospital - Ferozepur,Ferozepur,Moga,Oncology,4.0,63.2,25.0,74.96,275,4307,59922
Guru Nanak Medical Centre - Muktsar,Muktsar,Patiala,Pulmonology,4.0,63.2,31.25,74.96,290,4308,60059
Mata Kaushalya Medical Centre - Tarn Taran,Tarn Taran,Phagwara,Pulmonology,4.0,63.2,31.25,74.96,289,4309,60196
Maharaja Ranjit Singh Multispeciality Hospital - Ludhiana,Ludhiana,Khanna,Ophthalmology,4.1,58.5,18.75,74.95,265,4310,60333
Healing Touch Healthcare - Ludhiana,Ludhiana,Gurdaspur,Pediatrics,4.1,58.5,18.75,74.95,264,4311,60470
Fortune Healthcare - Ludhiana,Ludhiana,Nawanshahr,ENT,3.9,67.8,50.0,74.94,304,4312,60607
Maharaja Ranjit Singh Healthcare - Bathinda,Bathinda,Malerkotla,Cardiology,4.0,63.1,31.25,74.93,299,4313,60744
Punjab Hospital - Rupnagar,Rupnagar,Mansa,Cardiology,4.0,63.1,37.5,74.93,300,4314,60881
Medicare Hospital - Rupnagar,Rupnagar,Amritsar,Gastroenterology,4.0,63.1,31.25,74.93,324,4315,61018
Shaheed Bhagat Singh Hospital - Malerkotla,Malerkotla,Kapurthala,Gastroenterology,4.0,63.1,25.0,74.93,323,4316,61155
Healing Touch Multispeciality Hospital - Malerkotla,Malerkotla,Mohali,General Medicine,4.0,63.1,37.5,74.93,283,4317,61292
Guru Nanak Multispeciality Hospital - Amritsar,Amritsar,Jalandhar,General Surgery,4.0,63.1,31.25,74.93,284,4318,61429
City Care Hospital - Kapurthala,Kapurthala,Rajpura,Neurology,4.0,63.1,37.5,74.93,272,4319,61566
Shaheed Bhagat Singh Multispeciality Hospital - Tarn Taran,Tarn Taran,Bathinda,Neurology,4.0,63.1,31.25,74.93,273,4320,61703
Healing Touch Medical Centre - Tarn Taran,Tarn Taran,Pathankot,Ophthalmology,4.0,63.1,31.25,74.93,277,4321,61840
Medicare Multispeciality Hospital - Bathinda,Bathinda,Patiala,Ophthalmology,4.0,63.1,31.25,74.93,278,4322,61977
Medicare Hospital - Fazilka,Fazilka,Malerkotla,Orthopedics,4.0,63.1,25.0,74.93,280,4323,62114
Sewa Medical Centre - Muktsar,Muktsar,Rajpura,Orthopedics,4.0,63.1,37.5,74.93,279,4324,62251
Shivalik Multispeciality Hospital - Fatehgarh Sahib,Fatehgarh Sahib,Firozpur,Pediatrics,4.0,63.1,25.0,74.93,276,4325,62388
Fortune Medical Centre - Hoshiarpur,Hoshiarpur,Sangrur,Dermatology,4.0,63.0,37.5,74.9,290,4326,62525
Shivalik Healthcare - Rupnagar,Rupnagar,Pathankot,Dermatology,4.0,63.0,37.5,74.9,291,4327,62662
Fortune Multispeciality Hospital - Ferozepur,Ferozepur,Khanna,Gastroenterology,4.0,63.0,25.0,74.9,325,4328,62799
Lifeline Healthcare - Tarn Taran,Tarn Taran,Abohar,Ophthalmology,4.0,63.0,37.5,74.9,279,4329,62936
Punjab Medical Centre - Bathinda,Bathinda,Malerkotla,Ophthalmology,4.0,63.0,37.5,74.9,280,4330,63073
Guru Nanak Hospital - Tarn Taran,Tarn Taran,Ludhiana,Pediatrics,4.0,63.0,25.0,74.9,278,4331,63210
Lifeline Medical Centre - Fatehgarh Sahib,Fatehgarh Sahib,Abohar,Pediatrics,4.0,63.0,31.25,74.9,277,4332,63347
Healing Touch Medical Centre - Malerkotla,Malerkotla,Amritsar,Gastroenterology,4.0,62.9,25.0,74.87,326,4333,63484
Sewa Hospital - Kapurthala,Kapurthala,Patiala,Gastroenterology,4.0,62.9,31.25,74.87,327,4334,63621
Guru Nanak Hospital - Nawanshahr,Nawanshahr,Patiala,General Medicine,4.0,62.9,25.0,74.87,284,4335,63758
Sewa Hospital - Malerkotla,Malerkotla,Phagwara,Nephrology,4.0,62.9,25.0,74.87,311,4336,63895
Medicare Medical Centre - Tarn Taran,Tarn Taran,Firozpur,Oncology,4.0,62.9,25.0,74.87,276,4337,64032
Lifeline Medical Centre - Barnala,Barnala,Patiala,Ophthalmology,4.0,62.9,18.75,74.87,281,4338,64169
Sunrise Medical Centre - Barnala,Barnala,Firozpur,Orthopedics,4.0,62.9,31.25,74.87,281,4339,64306
Apex Healthcare - Faridkot,Faridkot,Sangrur,Cardiology,4.0,62.8,25.0,74.84,302,4340,64443
Shivalik Hospital - Nawanshahr,Nawanshahr,Muktsar,Cardiology,4.0,62.8,37.5,74.84,301,4341,64580
Punjab Medical Centre - Ludhiana,Ludhiana,Firozpur,ENT,4.0,62.8,25.0,74.84,287,4342,64717
Sunrise Healthcare - Fatehgarh Sahib,Fatehgarh Sahib,Ludhiana,ENT,4.0,62.8,25.0,74.84,286,4343,64854
Maharaja Ranjit Singh Medical Centre - Hoshiarpur,Hoshiarpur,Ludhiana,Ophthalmology,4.0,62.8,31.25,74.84,282,4344,64991
Shaheed Bhagat Singh Healthcare - Gurdaspur,Gurdaspur,Khanna,Pediatrics,4.0,62.8,31.25,74.84,279,4345,65128
Medicare Healthcare - Moga,Moga,Ludhiana,ENT,4.0,62.7,31.25,74.81,288,4346,65265
Prime Care Medical Centre - Rupnagar,Rupnagar,Nawanshahr,Gastroenterology,4.0,62.7,37.5,74.81,328,4347,65402
Sunrise Hospital - Kapurthala,Kapurthala,Phagwara,General Medicine,4.0,62.7,31.25,74.81,285,4348,65539
Sunrise Medical Centre - Nawanshahr,Nawanshahr,Moga,General Medicine,4.0,62.7,25.0,74.81,286,4349,65676
Healing Touch Medical Centre - Mansa,Mansa,Abohar,Gynecology,4.0,62.7,31.25,74.81,302,4350,65813
Maharaja Ranjit Singh Medical Centre - Muktsar,Muktsar,Mansa,Neurology,4.0,62.7,37.5,74.81,274,4351,65950
Shivalik Medical Centre - Tarn Taran,Tarn Taran,Patiala,Ophthalmology,4.0,62.7,37.5,74.81,283,4352,66087
Punjab Medical Centre - Moga,Moga,Bathinda,Pediatrics,4.0,62.7,25.0,74.81,280,4353,66224
Shivalik Hospital - Tarn Taran,Tarn Taran,Bathinda,Oncology,4.1,58.0,12.5,74.8,261,4354,66361
Punjab Medical Centre - Ludhiana,Ludhiana,Pathankot,General Medicine,3.9,67.3,37.5,74.79,299,4355,66498
Maharaja Ranjit Singh Medical Centre - Amritsar,Amritsar,Gurdaspur,General Surgery,3.9,67.3,31.25,74.79,299,4356,66635
Maharaja Ranjit Singh Medical Centre - Ferozepur,Ferozepur,Abohar,Cardiology,4.0,62.6,37.5,74.78,303,4357,66772
Punjab Healthcare - Rupnagar,Rupnagar,Pathankot,Dermatology,4.0,62.6,31.25,74.78,292,4358,66909
City Care Hospital - SAS Nagar,SAS Nagar,Muktsar,Gastroenterology,4.0,62.6,31.25,74.78,329,4359,67046
Maharaja Ranjit Singh Healthcare - Gurdaspur,Gurdaspur,Gurdaspur,General Surgery,4.0,62.6,31.25,74.78,285,4360,67183
Lifeline Multispeciality Hospital - SAS Nagar,SAS Nagar,Rajpura,Gynecology,4.0,62.6,31.25,74.78,303,4361,67320
Lifeline Healthcare - Patiala,Patiala,Jalandhar,Nephrology,4.0,62.6,25.0,74.78,312,4362,67457
Guru Nanak Hospital - Sangrur,Sangrur,Jalandhar,Neurology,4.0,62.6,25.0,74.78,275,4363,67594
Shaheed Bhagat Singh Medical Centre - Faridkot,Faridkot,Ludhiana,Oncology,4.0,62.6,31.25,74.78,277,4364,67731
Lifeline Multispeciality Hospital - Moga,Moga,Pathankot,Pulmonology,4.0,62.6,31.25,74.78,291,4365,67868
Fortune Multispeciality Hospital - Faridkot,Faridkot,Ludhiana,ENT,4.0,62.5,25.0,74.75,289,4366,68005
Prime Care Medical Centre - Gurdaspur,Gurdaspur,Barnala,Ophthalmology,4.0,62.5,31.25,74.75,285,4367,68142
Sunrise Medical Centre - Mansa,Mansa,Bathinda,Ophthalmology,4.0,62.5,31.25,74.75,284,4368,68279
Mata Kaushalya Hospital - Malerkotla,Malerkotla,Mansa,Urology,4.0,62.5,25.0,74.75,279,4369,68416
City Care Healthcare - Moga,Moga,Patiala,Nephrology,4.1,57.8,12.5,74.74,293,4370,68553
Fortune Multispeciality Hospital - Fatehgarh Sahib,Fatehgarh Sahib,Nawanshahr,Dermatology,4.0,62.4,31.25,74.72,293,4371,68690
Healing Touch Multispeciality Hospital - Rupnagar,Rupnagar,Hoshiarpur,General Medicine,4.0,62.4,31.25,74.72,287,4372,68827
Medicare Healthcare - Tarn Taran,Tarn Taran,Barnala,Neurology,4.0,62.4,31.25,74.72,276,4373,68964
Sewa Healthcare - Gurdaspur,Gurdaspur,Muktsar,Oncology,4.0,62.4,25.0,74.72,278,4374,69101
Fortune Multispeciality Hospital - Ferozepur,Ferozepur,Hoshiarpur,Ophthalmology,4.0,62.4,31.25,74.72,286,4375,69238
Apex Medical Centre - Faridkot,Faridkot,Rupnagar,Orthopedics,4.0,62.4,37.5,74.72,282,4376,69375
Guru Nanak Healthcare - Fazilka,Fazilka,Patiala,Pulmonology,4.0,62.4,25.0,74.72,292,4377,69512
Punjab Multispeciality Hospital - Rupnagar,Rupnagar,Amritsar,Pulmonology,4.0,62.4,31.25,74.72,293,4378,69649
Medicare Healthcare - Mansa,Mansa,Muktsar,Urology,4.0,62.4,25.0,74.72,280,4379,69786
Guru Nanak Hospital - Bathinda,Bathinda,Phagwara,Cardiology,3.9,67.0,37.5,74.7,322,4380,69923
Sewa Hospital - Bathinda,Bathinda,Pathankot,Cardiology,4.0,62.3,37.5,74.69,304,4381,70060
Mata Kaushalya Multispeciality Hospital - Malerkotla,Malerkotla,Abohar,Dermatology,4.0,62.3,37.5,74.69,294,4382,70197
Fortune Multispeciality Hospital - Malerkotla,Malerkotla,Firozpur,Orthopedics,4.0,62.3,31.25,74.69,283,4383,70334
Apex Healthcare - Muktsar,Muktsar,Abohar,Pulmonology,4.0,62.3,37.5,74.69,296,4384,70471
Punjab Medical Centre - Ludhiana,Ludhiana,Abohar,Pulmonology,4.0,62.3,25.0,74.69,295,4385,70608
Sewa Hospital - Kapurthala,Kapurthala,Hoshiarpur,Pulmonology,4.0,62.3,25.0,74.69,294,4386,70745
Sewa Multispeciality Hospital - Fazilka,Fazilka,Amritsar,Urology,4.0,62.3,31.25,74.69,281,4387,70882
Medicare Hospital - Rupnagar,Rupnagar,Mohali,General Surgery,3.9,66.9,50.0,74.67,300,4388,71019
Punjab Hospital - Muktsar,Muktsar,Muktsar,Ophthalmology,3.9,66.9,43.75,74.67,298,4389,71156
Mata Kaushalya Multispeciality Hospital - Ferozepur,Ferozepur,Firozpur,Dermatology,4.0,62.2,31.25,74.66,295,4390,71293
Sunrise Multispeciality Hospital - Moga,Moga,Muktsar,Gastroenterology,4.0,62.2,31.25,74.66,330,4391,71430
Fortune Medical Centre - Hoshiarpur,Hoshiarpur,Mansa,General Medicine,4.0,62.2,37.5,74.66,288,4392,71567
Apex Healthcare - Tarn Taran,Tarn Taran,Sangrur,Neurology,4.0,62.2,31.25,74.66,277,4393,71704
City Care Healthcare - Tarn Taran,Tarn Taran,Kapurthala,Ophthalmology,4.0,62.2,25.0,74.66,287,4394,71841
City Care Multispeciality Hospital - Barnala,Barnala,Phagwara,Pulmonology,4.0,62.2,31.25,74.66,297,4395,71978
Fortune Healthcare - Malerkotla,Malerkotla,Mohali,Urology,4.0,62.2,37.5,74.66,282,4396,72115
Guru Nanak Multispeciality Hospital - Patiala,Patiala,Jalandhar,General Medicine,3.9,66.8,37.5,74.64,300,4397,72252
Prime Care Medical Centre - Sangrur,Sangrur,Abohar,ENT,4.0,62.1,31.25,74.63,290,4398,72389
Healing Touch Hospital - Rupnagar,Rupnagar,Patiala,Pulmonology,4.0,62.1,37.5,74.63,298,4399,72526
Punjab Multispeciality Hospital - Rupnagar,Rupnagar,Kapurthala,Urology,4.0,62.1,31.25,74.63,283,4400,72663
Punjab Hospital - Nawanshahr,Nawanshahr,Gurdaspur,General Medicine,4.1,57.4,12.5,74.62,273,4401,72800
Prime Care Multispeciality Hospital - Amritsar,Amritsar,Hoshiarpur,Pulmonology,4.1,57.4,12.5,74.62,271,4402,72937
Medicare Medical Centre - Jalandhar,Jalandhar,Gurdaspur,ENT,3.9,66.7,37.5,74.61,305,4403,73074
Sewa Medical Centre - Mansa,Mansa,Rupnagar,Orthopedics,3.9,66.7,37.5,74.61,297,4404,73211
Fortune Medical Centre - Muktsar,Muktsar,Mansa,Urology,3.9,66.7,43.75,74.61,294,4405,73348
Shaheed Bhagat Singh Hospital - Jalandhar,Jalandhar,Gurdaspur,Urology,3.9,66.7,37.5,74.61,295,4406,73485
Apex Hospital - Muktsar,Muktsar,Malerkotla,Dermatology,4.0,62.0,18.75,74.6,297,4407,73622
Healing Touch Medical Centre - Fatehgarh Sahib,Fatehgarh Sahib,Rajpura,Dermatology,4.0,62.0,31.25,74.6,296,4408,73759
Shaheed Bhagat Singh Medical Centre - Pathankot,Pathankot,Patiala,ENT,4.0,62.0,31.25,74.6,291,4409,73896
Apex Medical Centre - Moga,Moga,Sangrur,General Medicine,4.0,62.0,31.25,74.6,291,4410,74033
Medicare Medical Centre - Bathinda,Bathinda,Malerkotla,General Medicine,4.0,62.0,25.0,74.6,290,4411,74170
Shaheed Bhagat Singh Medical Centre - Patiala,Patiala,Malerkotla,General Medicine,4.0,62.0,31.25,74.6,289,4412,74307
Maharaja Ranjit Singh Hospital - Tarn Taran,Tarn Taran,Jalandhar,Nephrology,4.0,62.0,31.25,74.6,313,4413,74444
Mata Kaushalya Medical Centre - Moga,Moga,Phagwara,Nephrology,4.0,62.0,37.5,74.6,314,4414,74581
Shaheed Bhagat Singh Medical Centre - Kapurthala,Kapurthala,Rupnagar,Ophthalmology,4.0,62.0,25.0,74.6,288,4415,74718
Apex Hospital - SAS Nagar,SAS Nagar,Jalandhar,Orthopedics,4.0,62.0,37.5,74.6,284,4416,74855
Healing Touch Medical Centre - Fatehgarh Sahib,Fatehgarh Sahib,Muktsar,Pediatrics,4.0,62.0,31.25,74.6,281,4417,74992
Maharaja Ranjit Singh Hospital - Jalandhar,Jalandhar,Gurdaspur,Urology,4.0,62.0,31.25,74.6,284,4418,75129
Guru Nanak Medical Centre - SAS Nagar,SAS Nagar,Patiala,General Surgery,3.9,66.6,43.75,74.58,301,4419,75266
Shaheed Bhagat Singh Multispeciality Hospital - Sangrur,Sangrur,Rupnagar,Cardiology,4.0,61.9,25.0,74.57,305,4420,75403
Lifeline Hospital - Jalandhar,Jalandhar,Rupnagar,ENT,4.0,61.9,31.25,74.57,292,4421,75540
Apex Medical Centre - Jalandhar,Jalandhar,Moga,General Surgery,4.0,61.9,31.25,74.57,287,4422,75677
Healing Touch Multispeciality Hospital - Muktsar,Muktsar,Mansa,General Surgery,4.0,61.9,37.5,74.57,286,4423,75814
City Care Hospital - Barnala,Barnala,Patiala,Ophthalmology,4.0,61.9,37.5,74.57,289,4424,75951
Sunrise Hospital - Hoshiarpur,Hoshiarpur,Khanna,Pediatrics,4.0,61.9,25.0,74.57,282,4425,76088
Sunrise Multispeciality Hospital - Rupnagar,Rupnagar,Barnala,Cardiology,4.1,57.2,12.5,74.56,290,4426,76225
Shaheed Bhagat Singh Healthcare - Ludhiana,Ludhiana,Phagwara,General Surgery,3.9,66.5,43.75,74.55,302,4427,76362
Maharaja Ranjit Singh Hospital - Fatehgarh Sahib,Fatehgarh Sahib,Phagwara,Cardiology,4.0,61.8,25.0,74.54,306,4428,76499
Prime Care Multispeciality Hospital - SAS Nagar,SAS Nagar,Mohali,Cardiology,4.0,61.8,25.0,74.54,307,4429,76636
Sunrise Multispeciality Hospital - Amritsar,Amritsar,Firozpur,Gynecology,4.0,61.8,25.0,74.54,304,4430,76773
Lifeline Medical Centre - Sangrur,Sangrur,Mohali,ENT,4.0,61.7,31.25,74.51,293,4431,76910
Guru Nanak Healthcare - Amritsar,Amritsar,Phagwara,Oncology,4.0,61.7,25.0,74.51,279,4432,77047
Shaheed Bhagat Singh Healthcare - Rupnagar,Rupnagar,Bathinda,Pediatrics,4.0,61.7,25.0,74.51,283,4433,77184
Fortune Multispeciality Hospital - Pathankot,Pathankot,Malerkotla,Orthopedics,3.9,66.3,31.25,74.49,298,4434,77321
Fortune Medical Centre - Patiala,Patiala,Ludhiana,General Surgery,4.0,61.6,25.0,74.48,288,4435,77458
Shaheed Bhagat Singh Hospital - Rupnagar,Rupnagar,Amritsar,Gynecology,4.0,61.6,31.25,74.48,305,4436,77595
Guru Nanak Multispeciality Hospital - Sangrur,Sangrur,Malerkotla,Neurology,4.0,61.6,31.25,74.48,278,4437,77732
Apex Hospital - Barnala,Barnala,Bathinda,Orthopedics,4.0,61.6,31.25,74.48,285,4438,77869
Healing Touch Healthcare - Sangrur,Sangrur,Sangrur,Pulmonology,4.0,61.6,25.0,74.48,300,4439,78006
Prime Care Healthcare - Rupnagar,Rupnagar,Jalandhar,Pulmonology,4.0,61.6,31.25,74.48,299,4440,78143
Healing Touch Healthcare - Pathankot,Pathankot,Phagwara,Gastroenterology,3.9,66.2,50.0,74.46,347,4441,78280
Mata Kaushalya Multispeciality Hospital - Mansa,Mansa,Khanna,Gastroenterology,3.9,66.2,43.75,74.46,346,4442,78417
City Care Medical Centre - Mansa,Mansa,Rupnagar,Orthopedics,3.9,66.2,25.0,74.46,299,4443,78554
Punjab Multispeciality Hospital - Patiala,Patiala,Rajpura,Orthopedics,3.9,66.2,37.5,74.46,300,4444,78691
Prime Care Healthcare - Ferozepur,Ferozepur,Bathinda,Cardiology,4.0,61.5,25.0,74.45,308,4445,78828
Medicare Healthcare - Gurdaspur,Gurdaspur,Barnala,Dermatology,4.0,61.5,25.0,74.45,298,4446,78965
Maharaja Ranjit Singh Hospital - Bathinda,Bathinda,Patiala,ENT,4.0,61.5,31.25,74.45,294,4447,79102
Maharaja Ranjit Singh Healthcare - Barnala,Barnala,Mohali,Gastroenterology,4.0,61.5,31.25,74.45,331,4448,79239
Prime Care Medical Centre - SAS Nagar,SAS Nagar,Mohali,General Surgery,4.0,61.5,25.0,74.45,289,4449,79376
Healing Touch Medical Centre - Muktsar,Muktsar,Mansa,Oncology,4.0,61.5,25.0,74.45,280,4450,79513
Shaheed Bhagat Singh Multispeciality Hospital - Amritsar,Amritsar,Ludhiana,Orthopedics,4.0,61.5,25.0,74.45,286,4451,79650
Shivalik Hospital - Nawanshahr,Nawanshahr,Abohar,Gastroenterology,4.1,56.8,12.5,74.44,305,4452,79787
Fortune Multispeciality Hospital - Kapurthala,Kapurthala,Barnala,Nephrology,3.9,66.1,43.75,74.43,320,4453,79924
Guru Nanak Hospital - Gurdaspur,Gurdaspur,Ludhiana,Cardiology,4.0,61.4,31.25,74.42,309,4454,80061
Sunrise Medical Centre - Fazilka,Fazilka,Pathankot,Pulmonology,4.0,61.4,31.25,74.42,301,4455,80198
Guru Nanak Multispeciality Hospital - Kapurthala,Kapurthala,Rajpura,Urology,4.0,61.4,31.25,74.42,285,4456,80335
Shivalik Multispeciality Hospital - Jalandhar,Jalandhar,Patiala,General Medicine,3.9,66.0,43.75,74.4,301,4457,80472
Healing Touch Medical Centre - SAS Nagar,SAS Nagar,Firozpur,Orthopedics,3.9,66.0,37.5,74.4,302,4458,80609
Punjab Hospital - Ferozepur,Ferozepur,Ludhiana,Orthopedics,3.9,66.0,31.25,74.4,301,4459,80746
Maharaja Ranjit Singh Healthcare - Ferozepur,Ferozepur,Patiala,Neurology,4.0,61.3,31.25,74.39,279,4460,80883
Guru Nanak Hospital - Malerkotla,Malerkotla,Bathinda,Cardiology,3.9,65.9,43.75,74.37,323,4461,81020
Fortune Multispeciality Hospital - Hoshiarpur,Hoshiarpur,Phagwara,Dermatology,3.9,65.9,50.0,74.37,310,4462,81157
Punjab Hospital - Malerkotla,Malerkotla,Moga,Gastroenterology,3.9,65.9,37.5,74.37,348,4463,81294
Lifeline Healthcare - Sangrur,Sangrur,Gurdaspur,Ophthalmology,3.9,65.9,43.75,74.37,299,4464,81431
Prime Care Medical Centre - Hoshiarpur,Hoshiarpur,Bathinda,Dermatology,4.0,61.2,18.75,74.36,299,4465,81568
Apex Medical Centre - Amritsar,Amritsar,Amritsar,General Medicine,4.0,61.2,25.0,74.36,292,4466,81705
Lifeline Medical Centre - Nawanshahr,Nawanshahr,Rajpura,Neurology,4.0,61.2,25.0,74.36,280,4467,81842
City Care Multispeciality Hospital - Nawanshahr,Nawanshahr,Moga,Pulmonology,4.0,61.2,31.25,74.36,302,4468,81979
City Care Hospital - Barnala,Barnala,Kapurthala,Neurology,3.9,65.8,37.5,74.34,292,4469,82116
Shivalik Healthcare - Malerkotla,Malerkotla,Ludhiana,General Surgery,4.0,61.1,18.75,74.33,290,4470,82253
Prime Care Hospital - Bathinda,Bathinda,Firozpur,Gynecology,4.0,61.1,25.0,74.33,306,4471,82390
Guru Nanak Hospital - Tarn Taran,Tarn Taran,Moga,Nephrology,4.0,61.1,31.25,74.33,315,4472,82527
Fortune Healthcare - Kapurthala,Kapurthala,Rupnagar,Orthopedics,4.0,61.1,31.25,74.33,287,4473,82664
Fortune Medical Centre - Pathankot,Pathankot,Kapurthala,Pulmonology,4.0,61.1,31.25,74.33,304,4474,82801
Punjab Medical Centre - Ferozepur,Ferozepur,Pathankot,Pulmonology,4.0,61.1,31.25,74.33,303,4475,82938
Medicare Hospital - Mansa,Mansa,Gurdaspur,Urology,4.0,61.1,25.0,74.33,286,4476,83075
Shaheed Bhagat Singh Multispeciality Hospital - Amritsar,Amritsar,Mansa,Dermatology,3.9,65.7,43.75,74.31,311,4477,83212
Shaheed Bhagat Singh Hospital - Mansa,Mansa,Moga,Pulmonology,3.9,65.7,37.5,74.31,312,4478,83349
Healing Touch Hospital - Patiala,Patiala,Mohali,Dermatology,4.0,61.0,31.25,74.3,300,4479,83486
Apex Healthcare - Ludhiana,Ludhiana,Phagwara,Oncology,4.0,61.0,31.25,74.3,281,4480,83623
Shivalik Hospital - SAS Nagar,SAS Nagar,Gurdaspur,Orthopedics,4.0,61.0,31.25,74.3,289,4481,83760
Sunrise Hospital - Kapurthala,Kapurthala,Malerkotla,Orthopedics,4.0,61.0,25.0,74.3,288,4482,83897
Apex Multispeciality Hospital - Faridkot,Faridkot,Phagwara,Pediatrics,4.0,61.0,25.0,74.3,284,4483,84034
Sunrise Medical Centre - Sangrur,Sangrur,Mohali,Pediatrics,4.0,61.0,31.25,74.3,285,4484,84171
Mata Kaushalya Hospital - Gurdaspur,Gurdaspur,Malerkotla,Pulmonology,4.0,61.0,31.25,74.3,305,4485,84308
Shivalik Healthcare - Gurdaspur,Gurdaspur,Barnala,Pulmonology,4.0,61.0,31.25,74.3,306,4486,84445
Maharaja Ranjit Singh Healthcare - Tarn Taran,Tarn Taran,Mohali,Ophthalmology,3.9,65.6,37.5,74.28,300,4487,84582
Prime Care Hospital - SAS Nagar,SAS Nagar,Phagwara,Pulmonology,3.9,65.6,43.75,74.28,313,4488,84719
Healing Touch Medical Centre - Patiala,Patiala,Rupnagar,Orthopedics,4.0,60.9,25.0,74.27,290,4489,84856
Sewa Healthcare - SAS Nagar,SAS Nagar,Muktsar,Pulmonology,4.0,60.9,31.25,74.27,307,4490,84993
Mata Kaushalya Multispeciality Hospital - Malerkotla,Malerkotla,Muktsar,Cardiology,3.9,65.5,31.25,74.25,324,4491,85130
Apex Multispeciality Hospital - Kapurthala,Kapurthala,Pathankot,Pulmonology,3.9,65.5,25.0,74.25,314,4492,85267
Punjab Medical Centre - Ludhiana,Ludhiana,Firozpur,Dermatology,4.0,60.8,25.0,74.24,301,4493,85404
Mata Kaushalya Healthcare - Hoshiarpur,Hoshiarpur,Firozpur,ENT,4.0,60.8,25.0,74.24,296,4494,85541
Sewa Healthcare - SAS Nagar,SAS Nagar,Phagwara,ENT,4.0,60.8,25.0,74.24,295,4495,85678
Mata Kaushalya Multispeciality Hospital - Rupnagar,Rupnagar,Muktsar,General Medicine,4.0,60.8,25.0,74.24,293,4496,85815
Punjab Medical Centre - Sangrur,Sangrur,Kapurthala,General Surgery,4.0,60.8,31.25,74.24,291,4497,85952
Shaheed Bhagat Singh Medical Centre - Tarn Taran,Tarn Taran,Sangrur,Neurology,4.0,60.8,18.75,74.24,281,4498,86089
Healing Touch Healthcare - Barnala,Barnala,Mohali,Oncology,4.0,60.8,31.25,74.24,283,4499,86226
Lifeline Hospital - Barnala,Barnala,Khanna,Oncology,4.0,60.8,31.25,74.24,282,4500,86363
Apex Multispeciality Hospital - Moga,Moga,Mansa,Orthopedics,4.0,60.8,18.75,74.24,292,4501,86500
Medicare Medical Centre - Barnala,Barnala,Muktsar,Orthopedics,4.0,60.8,25.0,74.24,291,4502,86637
Healing Touch Medical Centre - Hoshiarpur,Hoshiarpur,Moga,Urology,4.0,60.8,31.25,74.24,287,4503,86774
Mata Kaushalya Multispeciality Hospital - Pathankot,Pathankot,Rupnagar,Oncology,3.9,65.4,43.75,74.22,294,4504,86911
Sunrise Hospital - Tarn Taran,Tarn Taran,Gurdaspur,Oncology,3.9,65.4,43.75,74.22,293,4505,87048
Shaheed Bhagat Singh Hospital - Tarn Taran,Tarn Taran,Ludhiana,Cardiology,4.0,60.7,25.0,74.21,310,4506,87185
Lifeline Healthcare - Pathankot,Pathankot,Moga,General Medicine,4.0,60.7,25.0,74.21,294,4507,87322
Medicare Hospital - Mansa,Mansa,Amritsar,General Surgery,4.0,60.7,18.75,74.21,292,4508,87459
Punjab Medical Centre - Nawanshahr,Nawanshahr,Khanna,Nephrology,4.0,60.7,31.25,74.21,316,4509,87596
Apex Hospital - Nawanshahr,Nawanshahr,Mansa,Oncology,4.0,60.7,12.5,74.21,284,4510,87733
Healing Touch Healthcare - Sangrur,Sangrur,Mansa,Ophthalmology,4.0,60.7,31.25,74.21,290,4511,87870
City Care Hospital - Jalandhar,Jalandhar,Moga,Dermatology,3.9,65.3,43.75,74.19,312,4512,88007
Sunrise Hospital - Barnala,Barnala,Gurdaspur,Pediatrics,3.9,65.3,43.75,74.19,293,4513,88144
Fortune Medical Centre - Kapurthala,Kapurthala,Gurdaspur,Urology,3.9,65.3,43.75,74.19,296,4514,88281
Healing Touch Multispeciality Hospital - SAS Nagar,SAS Nagar,Khanna,Gynecology,4.0,60.6,31.25,74.18,307,4515,88418
Fortune Healthcare - Muktsar,Muktsar,Patiala,Oncology,4.0,60.6,25.0,74.18,285,4516,88555
Fortune Healthcare - Fazilka,Fazilka,Khanna,Urology,4.0,60.6,31.25,74.18,288,4517,88692
Lifeline Multispeciality Hospital - Sangrur,Sangrur,Sangrur,Dermatology,3.9,65.2,43.75,74.16,313,4518,88829
Shaheed Bhagat Singh Hospital - Barnala,Barnala,Moga,General Medicine,3.9,65.2,43.75,74.16,302,4519,88966
Shaheed Bhagat Singh Hospital - Faridkot,Faridkot,Nawanshahr,Neurology,3.9,65.2,37.5,74.16,293,4520,89103
Mata Kaushalya Healthcare - Hoshiarpur,Hoshiarpur,Amritsar,Pulmonology,3.9,65.2,31.25,74.16,315,4521,89240
Shivalik Multispeciality Hospital - Moga,Moga,Mohali,Dermatology,4.0,60.5,25.0,74.15,302,4522,89377
Apex Hospital - Kapurthala,Kapurthala,Khanna,Gastroenterology,4.0,60.5,12.5,74.15,332,4523,89514
Guru Nanak Multispeciality Hospital - Patiala,Patiala,Khanna,General Surgery,4.0,60.5,18.75,74.15,293,4524,89651
City Care Hospital - Ludhiana,Ludhiana,Kapurthala,Neurology,4.0,60.5,25.0,74.15,283,4525,89788
Lifeline Healthcare - Malerkotla,Malerkotla,Khanna,Neurology,4.0,60.5,25.0,74.15,282,4526,89925
Apex Healthcare - Rupnagar,Rupnagar,Malerkotla,Orthopedics,4.0,60.5,25.0,74.15,294,4527,90062
Punjab Healthcare - Nawanshahr,Nawanshahr,Phagwara,Orthopedics,4.0,60.5,25.0,74.15,293,4528,90199
Fortune Healthcare - Amritsar,Amritsar,Abohar,Cardiology,3.9,65.1,31.25,74.13,325,4529,90336
Mata Kaushalya Medical Centre - Faridkot,Faridkot,Rupnagar,Gastroenterology,3.9,65.1,31.25,74.13,349,4530,90473
Apex Hospital - Hoshiarpur,Hoshiarpur,Hoshiarpur,Ophthalmology,3.9,65.1,43.75,74.13,301,4531,90610
Medicare Multispeciality Hospital - Faridkot,Faridkot,Jalandhar,Ophthalmology,3.9,65.1,31.25,74.13,302,4532,90747
Lifeline Multispeciality Hospital - Ludhiana,Ludhiana,Firozpur,Orthopedics,3.9,65.1,37.5,74.13,303,4533,90884
Fortune Hospital - Ludhiana,Ludhiana,Mohali,ENT,4.0,60.4,18.75,74.12,297,4534,91021
Guru Nanak Healthcare - Malerkotla,Malerkotla,Nawanshahr,Gastroenterology,4.0,60.4,31.25,74.12,333,4535,91158
Medicare Multispeciality Hospital - Faridkot,Faridkot,Hoshiarpur,Urology,4.0,60.4,31.25,74.12,289,4536,91295
Medicare Multispeciality Hospital - Muktsar,Muktsar,Mohali,Dermatology,3.9,65.0,43.75,74.1,314,4537,91432
Punjab Hospital - Nawanshahr,Nawanshahr,Hoshiarpur,ENT,3.9,65.0,37.5,74.1,306,4538,91569
Healing Touch Hospital - Faridkot,Faridkot,Amritsar,Pulmonology,3.9,65.0,43.75,74.1,316,4539,91706
Sunrise Medical Centre - Patiala,Patiala,Rupnagar,Dermatology,4.0,60.3,25.0,74.09,303,4540,91843
Apex Healthcare - Faridkot,Faridkot,Firozpur,General Medicine,4.0,60.3,18.75,74.09,296,4541,91980
Sunrise Healthcare - Mansa,Mansa,Pathankot,General Medicine,4.0,60.3,25.0,74.09,295,4542,92117
Medicare Healthcare - Moga,Moga,Pathankot,General Surgery,4.0,60.3,25.0,74.09,294,4543,92254
Punjab Hospital - Pathankot,Pathankot,Bathinda,Gynecology,4.0,60.3,25.0,74.09,308,4544,92391
Shivalik Multispeciality Hospital - Rupnagar,Rupnagar,Nawanshahr,Nephrology,4.0,60.3,31.25,74.09,317,4545,92528
City Care Hospital - Muktsar,Muktsar,Patiala,Oncology,4.0,60.3,25.0,74.09,286,4546,92665
Sewa Multispeciality Hospital - Tarn Taran,Tarn Taran,Sangrur,Ophthalmology,4.0,60.3,18.75,74.09,291,4547,92802
Prime Care Multispeciality Hospital - Ferozepur,Ferozepur,Moga,Orthopedics,4.0,60.3,25.0,74.09,295,4548,92939
Shivalik Medical Centre - Fatehgarh Sahib,Fatehgarh Sahib,Jalandhar,Cardiology,3.9,64.9,37.5,74.07,326,4549,93076
City Care Hospital - Ludhiana,Ludhiana,Nawanshahr,Gastroenterology,4.0,60.2,18.75,74.06,334,4550,93213
Mata Kaushalya Healthcare - Amritsar,Amritsar,Khanna,General Surgery,4.0,60.2,31.25,74.06,295,4551,93350
Mata Kaushalya Medical Centre - Malerkotla,Malerkotla,Patiala,Neurology,4.0,60.2,31.25,74.06,284,4552,93487
Sunrise Healthcare - Sangrur,Sangrur,Pathankot,Pediatrics,4.0,60.2,18.75,74.06,286,4553,93624
Shivalik Hospital - Faridkot,Faridkot,Rajpura,Pulmonology,4.0,60.2,18.75,74.06,308,4554,93761
Maharaja Ranjit Singh Healthcare - Kapurthala,Kapurthala,Rajpura,Gastroenterology,3.9,64.8,50.0,74.04,351,4555,93898
Punjab Medical Centre - Bathinda,Bathinda,Sangrur,Gastroenterology,3.9,64.8,43.75,74.04,350,4556,94035
Sunrise Hospital - Hoshiarpur,Hoshiarpur,Gurdaspur,General Surgery,3.9,64.8,37.5,74.04,303,4557,94172
Prime Care Healthcare - Kapurthala,Kapurthala,Nawanshahr,Nephrology,3.9,64.8,37.5,74.04,321,4558,94309
Shaheed Bhagat Singh Multispeciality Hospital - Malerkotla,Malerkotla,Bathinda,Urology,4.0,60.1,25.0,74.03,290,4559,94446
Healing Touch Hospital - Patiala,Patiala,Pathankot,General Medicine,3.9,64.7,43.75,74.01,303,4560,94583
Sunrise Medical Centre - Barnala,Barnala,Firozpur,Ophthalmology,3.9,64.7,37.5,74.01,303,4561,94720
Sewa Healthcare - Malerkotla,Malerkotla,Firozpur,Pediatrics,3.9,64.7,31.25,74.01,294,4562,94857
Lifeline Multispeciality Hospital - Moga,Moga,Jalandhar,Pulmonology,3.9,64.7,50.0,74.01,317,4563,94994
Punjab Hospital - Bathinda,Bathinda,Firozpur,Gastroenterology,4.0,60.0,25.0,74.0,335,4564,95131
Prime Care Multispeciality Hospital - Rupnagar,Rupnagar,Phagwara,Gynecology,4.0,60.0,25.0,74.0,309,4565,95268
Prime Care Multispeciality Hospital - Moga,Moga,Amritsar,Neurology,4.0,60.0,25.0,74.0,285,4566,95405
Medicare Healthcare - Malerkotla,Malerkotla,Muktsar,Oncology,4.0,60.0,25.0,74.0,287,4567,95542
Mata Kaushalya Multispeciality Hospital - Patiala,Patiala,Patiala,Cardiology,3.9,64.6,50.0,73.98,327,4568,95679
Sunrise Healthcare - Malerkotla,Malerkotla,Pathankot,ENT,3.9,64.6,31.25,73.98,307,4569,95816
Sunrise Healthcare - Patiala,Patiala,Bathinda,Oncology,3.9,64.6,37.5,73.98,295,4570,95953
City Care Multispeciality Hospital - Faridkot,Faridkot,Ludhiana,Ophthalmology,3.9,64.6,31.25,73.98,304,4571,96090
City Care Multispeciality Hospital - Faridkot,Faridkot,Gurdaspur,Gastroenterology,4.0,59.9,25.0,73.97,336,4572,96227
Maharaja Ranjit Singh Multispeciality Hospital - Sangrur,Sangrur,Bathinda,Nephrology,4.0,59.9,25.0,73.97,318,4573,96364
Prime Care Healthcare - Hoshiarpur,Hoshiarpur,Hoshiarpur,Ophthalmology,4.0,59.9,18.75,73.97,292,4574,96501
City Care Multispeciality Hospital - SAS Nagar,SAS Nagar,Malerkotla,Pediatrics,4.0,59.9,25.0,73.97,287,4575,96638
Fortune Multispeciality Hospital - Fatehgarh Sahib,Fatehgarh Sahib,Khanna,ENT,3.9,64.5,31.25,73.95,308,4576,96775
Medicare Medical Centre - Malerkotla,Malerkotla,Bathinda,Orthopedics,3.9,64.5,37.5,73.95,304,4577,96912
Maharaja Ranjit Singh Multispeciality Hospital - Malerkotla,Malerkotla,Malerkotla,Urology,3.9,64.5,50.0,73.95,297,4578,97049
City Care Hospital - Malerkotla,Malerkotla,Phagwara,Cardiology,4.0,59.8,25.0,73.94,311,4579,97186
Mata Kaushalya Hospital - Muktsar,Muktsar,Kapurthala,General Medicine,3.9,64.4,31.25,73.92,304,4580,97323
Medicare Medical Centre - Amritsar,Amritsar,Patiala,General Surgery,3.9,64.4,37.5,73.92,304,4581,97460
Shaheed Bhagat Singh Hospital - Fatehgarh Sahib,Fatehgarh Sahib,Phagwara,Gynecology,3.9,64.4,37.5,73.92,314,4582,97597
Fortune Healthcare - Jalandhar,Jalandhar,Pathankot,Orthopedics,3.9,64.4,37.5,73.92,305,4583,97734
Sunrise Medical Centre - Jalandhar,Jalandhar,Moga,Pediatrics,3.9,64.4,43.75,73.92,295,4584,97871
Shivalik Medical Centre - Tarn Taran,Tarn Taran,Muktsar,Pulmonology,3.9,64.4,37.5,73.92,318,4585,98008
Shaheed Bhagat Singh Healthcare - Hoshiarpur,Hoshiarpur,Malerkotla,Dermatology,4.0,59.7,12.5,73.91,305,4586,98145
Shivalik Healthcare - Patiala,Patiala,Phagwara,Dermatology,4.0,59.7,25.0,73.91,304,4587,98282
Shaheed Bhagat Singh Medical Centre - Sangrur,Sangrur,Ludhiana,Gastroenterology,4.0,59.7,25.0,73.91,337,4588,98419
Apex Medical Centre - Faridkot,Faridkot,Kapurthala,Neurology,4.0,59.7,25.0,73.91,286,4589,98556
Shivalik Medical Centre - SAS Nagar,SAS Nagar,Sangrur,Orthopedics,4.0,59.7,18.75,73.91,296,4590,98693
Fortune Medical Centre - Amritsar,Amritsar,Mansa,Cardiology,3.9,64.3,37.5,73.89,328,4591,98830
Fortune Healthcare - Fatehgarh Sahib,Fatehgarh Sahib,Hoshiarpur,Gastroenterology,3.9,64.3,31.25,73.89,352,4592,98967
Lifeline Healthcare - Ferozepur,Ferozepur,Hoshiarpur,Gynecology,3.9,64.3,43.75,73.89,316,4593,99104
Medicare Healthcare - Muktsar,Muktsar,Barnala,Gynecology,3.9,64.3,37.5,73.89,315,4594,99241
Fortune Hospital - Sangrur,Sangrur,Mohali,Neurology,3.9,64.3,37.5,73.89,294,4595,99378
Medicare Hospital - Faridkot,Faridkot,Firozpur,Orthopedics,3.9,64.3,37.5,73.89,307,4596,99515
Prime Care Healthcare - SAS Nagar,SAS Nagar,Pathankot,Orthopedics,3.9,64.3,37.5,73.89,306,4597,99652
Sunrise Multispeciality Hospital - Tarn Taran,Tarn Taran,Muktsar,Cardiology,4.0,59.6,25.0,73.88,312,4598,99789
Fortune Medical Centre - Nawanshahr,Nawanshahr,Barnala,Dermatology,4.0,59.6,25.0,73.88,306,4599,99926
Healing Touch Multispeciality Hospital - Faridkot,Faridkot,Hoshiarpur,ENT,4.0,59.6,18.75,73.88,299,4600,10063
Shivalik Medical Centre - Malerkotla,Malerkotla,Kapurthala,ENT,4.0,59.6,25.0,73.88,298,4601,10200
Prime Care Medical Centre - SAS Nagar,SAS Nagar,Khanna,Gynecology,4.0,59.6,25.0,73.88,310,4602,10337
Sunrise Multispeciality Hospital - Amritsar,Amritsar,Abohar,Nephrology,4.0,59.6,25.0,73.88,319,4603,10474
Lifeline Medical Centre - Hoshiarpur,Hoshiarpur,Muktsar,Oncology,4.0,59.6,25.0,73.88,288,4604,10611
Apex Hospital - Fatehgarh Sahib,Fatehgarh Sahib,Patiala,Ophthalmology,4.0,59.6,25.0,73.88,293,4605,10748
Lifeline Medical Centre - Amritsar,Amritsar,Mohali,Ophthalmology,4.0,59.6,25.0,73.88,294,4606,10885
Punjab Healthcare - Hoshiarpur,Hoshiarpur,Patiala,Pediatrics,4.0,59.6,12.5,73.88,288,4607,11022
Apex Medical Centre - Malerkotla,Malerkotla,Abohar,Urology,4.0,59.6,25.0,73.88,292,4608,11159
Shaheed Bhagat Singh Multispeciality Hospital - SAS Nagar,SAS Nagar,Jalandhar,Urology,4.0,59.6,12.5,73.88,291,4609,11296
Shaheed Bhagat Singh Multispeciality Hospital - Gurdaspur,Gurdaspur,Jalandhar,Dermatology,3.9,64.2,31.25,73.86,315,4610,11433
Shivalik Hospital - Gurdaspur,Gurdaspur,Rajpura,Dermatology,3.9,64.2,37.5,73.86,316,4611,11570
Prime Care Hospital - Malerkotla,Malerkotla,Jalandhar,Nephrology,3.9,64.2,37.5,73.86,322,4612,11707
Sewa Hospital - Barnala,Barnala,Kapurthala,Pulmonology,3.9,64.2,37.5,73.86,319,4613,11844
Maharaja Ranjit Singh Medical Centre - Rupnagar,Rupnagar,Amritsar,Urology,3.9,64.2,43.75,73.86,298,4614,11981
Sunrise Multispeciality Hospital - Jalandhar,Jalandhar,Rajpura,Cardiology,4.0,59.5,25.0,73.85,313,4615,12118
Healing Touch Multispeciality Hospital - Moga,Moga,Barnala,Dermatology,4.0,59.5,18.75,73.85,307,4616,12255
Fortune Multispeciality Hospital - Ferozepur,Ferozepur,Rupnagar,ENT,4.0,59.5,25.0,73.85,301,4617,12392
Shaheed Bhagat Singh Medical Centre - Rupnagar,Rupnagar,Patiala,ENT,4.0,59.5,12.5,73.85,300,4618,12529
Maharaja Ranjit Singh Hospital - Rupnagar,Rupnagar,Kapurthala,Gastroenterology,4.0,59.5,12.5,73.85,339,4619,12666
Punjab Healthcare - Nawanshahr,Nawanshahr,Sangrur,Gastroenterology,4.0,59.5,25.0,73.85,338,4620,12803
Punjab Medical Centre - Hoshiarpur,Hoshiarpur,Jalandhar,Neurology,4.0,59.5,18.75,73.85,287,4621,12940
City Care Medical Centre - Ludhiana,Ludhiana,Rupnagar,Dermatology,3.9,64.1,43.75,73.83,317,4622,13077
City Care Multispeciality Hospital - Faridkot,Faridkot,Firozpur,Dermatology,3.9,64.1,37.5,73.83,318,4623,13214
Shaheed Bhagat Singh Healthcare - Bathinda,Bathinda,Rajpura,General Surgery,3.9,64.1,43.75,73.83,305,4624,13351
Shaheed Bhagat Singh Multispeciality Hospital - SAS Nagar,SAS Nagar,Kapurthala,Gynecology,3.9,64.1,43.75,73.83,317,4625,13488
Lifeline Multispeciality Hospital - Malerkotla,Malerkotla,Hoshiarpur,Nephrology,3.9,64.1,37.5,73.83,324,4626,13625
Maharaja Ranjit Singh Multispeciality Hospital - Muktsar,Muktsar,Rajpura,Nephrology,3.9,64.1,31.25,73.83,325,4627,13762
Mata Kaushalya Healthcare - Tarn Taran,Tarn Taran,Moga,Nephrology,3.9,64.1,37.5,73.83,323,4628,13899
Sunrise Healthcare - Jalandhar,Jalandhar,Kapurthala,Pulmonology,3.9,64.1,25.0,73.83,320,4629,14036
Prime Care Hospital - Gurdaspur,Gurdaspur,Barnala,Cardiology,4.0,59.4,25.0,73.82,314,4630,14173
Healing Touch Medical Centre - Faridkot,Faridkot,Kapurthala,Neurology,4.0,59.4,25.0,73.82,288,4631,14310
Lifeline Hospital - Mansa,Mansa,Malerkotla,Pediatrics,4.0,59.4,12.5,73.82,289,4632,14447
Shivalik Healthcare - Hoshiarpur,Hoshiarpur,Muktsar,Dermatology,3.9,64.0,18.75,73.8,319,4633,14584
Punjab Medical Centre - Muktsar,Muktsar,Khanna,ENT,3.9,64.0,37.5,73.8,309,4634,14721
Punjab Healthcare - Ludhiana,Ludhiana,Muktsar,Pulmonology,3.9,64.0,37.5,73.8,321,4635,14858
Medicare Healthcare - Faridkot,Faridkot,Khanna,Pulmonology,4.0,59.3,18.75,73.79,309,4636,14995
Sewa Medical Centre - Faridkot,Faridkot,Bathinda,Dermatology,3.9,63.9,37.5,73.77,320,4637,15132
Healing Touch Healthcare - Rupnagar,Rupnagar,Kapurthala,ENT,3.9,63.9,37.5,73.77,310,4638,15269
Healing Touch Hospital - Gurdaspur,Gurdaspur,Pathankot,Gynecology,3.9,63.9,37.5,73.77,319,4639,15406
Maharaja Ranjit Singh Hospital - Bathinda,Bathinda,Ludhiana,Gynecology,3.9,63.9,37.5,73.77,318,4640,15543
Sewa Healthcare - Jalandhar,Jalandhar,Jalandhar,Oncology,3.9,63.9,31.25,73.77,296,4641,15680
Punjab Multispeciality Hospital - Ludhiana,Ludhiana,Nawanshahr,Ophthalmology,4.0,59.2,25.0,73.76,295,4642,15817
Sewa Multispeciality Hospital - Sangrur,Sangrur,Ludhiana,Urology,4.0,59.2,25.0,73.76,293,4643,15954
Lifeline Multispeciality Hospital - Malerkotla,Malerkotla,Firozpur,Gastroenterology,3.9,63.8,37.5,73.74,353,4644,16091
Medicare Medical Centre - Amritsar,Amritsar,Patiala,General Surgery,3.9,63.8,31.25,73.74,306,4645,16228
Shivalik Hospital - Malerkotla,Malerkotla,Hoshiarpur,Ophthalmology,3.9,63.8,37.5,73.74,305,4646,16365
Sunrise Healthcare - Patiala,Patiala,Khanna,Orthopedics,3.9,63.8,37.5,73.74,308,4647,16502
Sunrise Multispeciality Hospital - Muktsar,Muktsar,Patiala,Pediatrics,3.9,63.8,37.5,73.74,296,4648,16639
Prime Care Hospital - Nawanshahr,Nawanshahr,Jalandhar,Pulmonology,3.9,63.8,31.25,73.74,322,4649,16776
Prime Care Multispeciality Hospital - Nawanshahr,Nawanshahr,Phagwara,Urology,3.9,63.8,37.5,73.74,299,4650,16913
Mata Kaushalya Hospital - Kapurthala,Kapurthala,Firozpur,General Medicine,4.0,59.1,25.0,73.73,297,4651,17050
Apex Healthcare - Amritsar,Amritsar,Gurdaspur,General Surgery,4.0,59.1,25.0,73.73,296,4652,17187
Apex Healthcare - Fazilka,Fazilka,Gurdaspur,Neurology,4.0,59.1,12.5,73.73,289,4653,17324
Punjab Multispeciality Hospital - Ferozepur,Ferozepur,Patiala,Ophthalmology,4.0,59.1,18.75,73.73,296,4654,17461
Apex Healthcare - Faridkot,Faridkot,Khanna,Dermatology,3.9,63.7,37.5,73.71,321,4655,17598
Apex Healthcare - Moga,Moga,Pathankot,General Medicine,3.9,63.7,37.5,73.71,305,4656,17735
Guru Nanak Healthcare - Tarn Taran,Tarn Taran,Gurdaspur,Urology,3.9,63.7,37.5,73.71,300,4657,17872
City Care Healthcare - Gurdaspur,Gurdaspur,Ludhiana,Cardiology,4.0,59.0,25.0,73.7,315,4658,18009
Fortune Multispeciality Hospital - Sangrur,Sangrur,Ludhiana,Cardiology,4.0,59.0,25.0,73.7,316,4659,18146
Lifeline Medical Centre - Muktsar,Muktsar,Moga,Gastroenterology,4.0,59.0,25.0,73.7,340,4660,18283
Apex Healthcare - Patiala,Patiala,Malerkotla,Gynecology,4.0,59.0,18.75,73.7,311,4661,18420
Shaheed Bhagat Singh Medical Centre - Barnala,Barnala,Malerkotla,Pediatrics,4.0,59.0,18.75,73.7,290,4662,18557
Mata Kaushalya Medical Centre - Barnala,Barnala,Barnala,Nephrology,3.9,63.6,31.25,73.68,326,4663,18694
Shivalik Medical Centre - Moga,Moga,Mohali,Neurology,3.9,63.6,31.25,73.68,295,4664,18831
Guru Nanak Multispeciality Hospital - Tarn Taran,Tarn Taran,Abohar,Orthopedics,3.9,63.6,37.5,73.68,309,4665,18968
Apex Hospital - Hoshiarpur,Hoshiarpur,Rupnagar,Cardiology,4.0,58.9,25.0,73.67,317,4666,19105
Prime Care Hospital - Sangrur,Sangrur,Sangrur,Gastroenterology,4.0,58.9,18.75,73.67,341,4667,19242
Medicare Healthcare - Kapurthala,Kapurthala,Muktsar,General Surgery,4.0,58.9,25.0,73.67,297,4668,19379
Sunrise Hospital - Patiala,Patiala,Sangrur,Pediatrics,4.0,58.9,18.75,73.67,291,4669,19516
Sunrise Healthcare - SAS Nagar,SAS Nagar,Moga,Pulmonology,4.0,58.9,25.0,73.67,310,4670,19653
Sunrise Multispeciality Hospital - Jalandhar,Jalandhar,Nawanshahr,Cardiology,3.9,63.5,43.75,73.65,329,4671,19790
Apex Medical Centre - Jalandhar,Jalandhar,Patiala,ENT,3.9,63.5,31.25,73.65,311,4672,19927
Prime Care Hospital - Ludhiana,Ludhiana,Kapurthala,General Medicine,3.9,63.5,25.0,73.65,306,4673,20064
Mata Kaushalya Multispeciality Hospital - SAS Nagar,SAS Nagar,Firozpur,Oncology,3.9,63.5,31.25,73.65,297,4674,20201
Guru Nanak Healthcare - Nawanshahr,Nawanshahr,Rajpura,Urology,3.9,63.5,37.5,73.65,302,4675,20338
Shivalik Multispeciality Hospital - Amritsar,Amritsar,Firozpur,Urology,3.9,63.5,37.5,73.65,301,4676,20475
Healing Touch Hospital - Fatehgarh Sahib,Fatehgarh Sahib,Nawanshahr,Gastroenterology,4.0,58.8,25.0,73.64,342,4677,20612
Lifeline Multispeciality Hospital - Ferozepur,Ferozepur,Sangrur,Gastroenterology,4.0,58.8,25.0,73.64,343,4678,20749
Fortune Healthcare - Jalandhar,Jalandhar,Kapurthala,Oncology,4.0,58.8,18.75,73.64,289,4679,20886
Sunrise Medical Centre - Ferozepur,Ferozepur,Khanna,Oncology,4.0,58.8,25.0,73.64,290,4680,21023
Fortune Hospital - Faridkot,Faridkot,Rupnagar,Pulmonology,4.0,58.8,25.0,73.64,311,4681,21160
Lifeline Medical Centre - Malerkotla,Malerkotla,Sangrur,Nephrology,3.9,63.4,31.25,73.62,327,4682,21297
Shaheed Bhagat Singh Hospital - Gurdaspur,Gurdaspur,Malerkotla,Nephrology,3.9,63.4,43.75,73.62,328,4683,21434
Apex Hospital - Muktsar,Muktsar,Rajpura,Neurology,3.9,63.4,37.5,73.62,296,4684,21571
Shivalik Hospital - Fazilka,Fazilka,Moga,Pulmonology,3.9,63.4,43.75,73.62,323,4685,21708
Sewa Healthcare - Fazilka,Fazilka,Ludhiana,Urology,3.9,63.4,31.25,73.62,303,4686,21845
Medicare Hospital - Mansa,Mansa,Rajpura,Cardiology,4.0,58.7,12.5,73.61,318,4687,21982
Guru Nanak Medical Centre - Bathinda,Bathinda,Barnala,ENT,4.0,58.7,25.0,73.61,302,4688,22119
Guru Nanak Medical Centre - Sangrur,Sangrur,Khanna,Ophthalmology,4.0,58.7,25.0,73.61,297,4689,22256
Guru Nanak Multispeciality Hospital - Faridkot,Faridkot,Phagwara,Cardiology,3.9,63.3,37.5,73.59,330,4690,22393
Shaheed Bhagat Singh Hospital - Bathinda,Bathinda,Sangrur,General Surgery,3.9,63.3,37.5,73.59,307,4691,22530
Sewa Healthcare - Amritsar,Amritsar,Moga,Nephrology,3.9,63.3,37.5,73.59,329,4692,22667
Prime Care Multispeciality Hospital - Hoshiarpur,Hoshiarpur,Firozpur,Neurology,3.9,63.3,31.25,73.59,297,4693,22804
Guru Nanak Multispeciality Hospital - Sangrur,Sangrur,Amritsar,Urology,3.9,63.3,37.5,73.59,304,4694,22941
Guru Nanak Medical Centre - Kapurthala,Kapurthala,Abohar,Cardiology,4.0,58.6,18.75,73.58,319,4695,23078
Healing Touch Medical Centre - SAS Nagar,SAS Nagar,Sangrur,Dermatology,4.0,58.6,18.75,73.58,309,4696,23215
Prime Care Hospital - Nawanshahr,Nawanshahr,Jalandhar,Dermatology,4.0,58.6,25.0,73.58,308,4697,23352
Sunrise Medical Centre - Gurdaspur,Gurdaspur,Muktsar,Gynecology,4.0,58.6,18.75,73.58,312,4698,23489
Maharaja Ranjit Singh Medical Centre - Fatehgarh Sahib,Fatehgarh Sahib,Patiala,Neurology,4.0,58.6,25.0,73.58,290,4699,23626
Prime Care Healthcare - Sangrur,Sangrur,Patiala,Gynecology,3.9,63.2,43.75,73.56,320,4700,23763
City Care Hospital - Kapurthala,Kapurthala,Rupnagar,Neurology,3.9,63.2,31.25,73.56,298,4701,23900
Guru Nanak Healthcare - Muktsar,Muktsar,Jalandhar,Pediatrics,3.9,63.2,25.0,73.56,298,4702,24037
Sunrise Hospital - Pathankot,Pathankot,Abohar,Pediatrics,3.9,63.2,31.25,73.56,297,4703,24174
Healing Touch Multispeciality Hospital - Pathankot,Pathankot,Phagwara,Oncology,4.0,58.5,18.75,73.55,291,4704,24311
Fortune Healthcare - Ludhiana,Ludhiana,Amritsar,Gastroenterology,3.9,63.1,43.75,73.53,354,4705,24448
Sunrise Medical Centre - Mansa,Mansa,Hoshiarpur,Oncology,3.9,63.1,43.75,73.53,298,4706,24585
Maharaja Ranjit Singh Hospital - SAS Nagar,SAS Nagar,Mohali,Orthopedics,3.9,63.1,43.75,73.53,310,4707,24722
Guru Nanak Hospital - Ludhiana,Ludhiana,Firozpur,Pediatrics,3.9,63.1,31.25,73.53,300,4708,24859
Mata Kaushalya Medical Centre - Tarn Taran,Tarn Taran,Pathankot,Pediatrics,3.9,63.1,43.75,73.53,299,4709,24996
Punjab Multispeciality Hospital - Ferozepur,Ferozepur,Patiala,Urology,3.9,63.1,31.25,73.53,305,4710,25133
Prime Care Healthcare - Fazilka,Fazilka,Malerkotla,Cardiology,3.9,63.0,25.0,73.5,331,4711,25270
Apex Medical Centre - Fatehgarh Sahib,Fatehgarh Sahib,Abohar,Gastroenterology,3.9,63.0,25.0,73.5,355,4712,25407
Sewa Hospital - Patiala,Patiala,Phagwara,Gynecology,3.9,63.0,37.5,73.5,321,4713,25544
Guru Nanak Medical Centre - Jalandhar,Jalandhar,Kapurthala,Pediatrics,3.9,63.0,31.25,73.5,301,4714,25681
Punjab Hospital - Bathinda,Bathinda,Nawanshahr,Urology,3.8,67.6,43.75,73.48,329,4715,25818
Prime Care Multispeciality Hospital - Nawanshahr,Nawanshahr,Mansa,Oncology,3.9,62.9,37.5,73.47,299,4716,25955
Punjab Healthcare - Sangrur,Sangrur,Rupnagar,Gastroenterology,4.0,58.2,18.75,73.46,344,4717,26092
Mata Kaushalya Medical Centre - Kapurthala,Kapurthala,Gurdaspur,Neurology,4.0,58.2,12.5,73.46,291,4718,26229
Mata Kaushalya Multispeciality Hospital - Nawanshahr,Nawanshahr,Ludhiana,ENT,3.9,62.8,31.25,73.44,312,4719,26366
Sewa Healthcare - Ferozepur,Ferozepur,Nawanshahr,Gynecology,3.9,62.8,37.5,73.44,322,4720,26503
Apex Multispeciality Hospital - Ferozepur,Ferozepur,Mansa,Orthopedics,3.9,62.8,31.25,73.44,311,4721,26640
Mata Kaushalya Medical Centre - Patiala,Patiala,Kapurthala,Urology,3.9,62.8,37.5,73.44,307,4722,26777
Punjab Hospital - Patiala,Patiala,Bathinda,Urology,3.9,62.8,37.5,73.44,306,4723,26914
Lifeline Multispeciality Hospital - Fazilka,Fazilka,Hoshiarpur,Cardiology,3.9,62.7,37.5,73.41,332,4724,27051
City Care Healthcare - Pathankot,Pathankot,Khanna,ENT,3.9,62.7,37.5,73.41,313,4725,27188
Maharaja Ranjit Singh Hospital - Fatehgarh Sahib,Fatehgarh Sahib,Rupnagar,ENT,3.9,62.7,25.0,73.41,315,4726,27325
Mata Kaushalya Medical Centre - Bathinda,Bathinda,Muktsar,ENT,3.9,62.7,31.25,73.41,314,4727,27462
Mata Kaushalya Healthcare - Jalandhar,Jalandhar,Amritsar,Gastroenterology,3.9,62.7,37.5,73.41,356,4728,27599
Sewa Healthcare - Mansa,Mansa,Jalandhar,Gastroenterology,3.9,62.7,31.25,73.41,357,4729,27736
Shaheed Bhagat Singh Hospital - Malerkotla,Malerkotla,Bathinda,General Medicine,3.9,62.7,37.5,73.41,307,4730,27873
Sewa Medical Centre - Gurdaspur,Gurdaspur,Kapurthala,General Surgery,3.9,62.7,31.25,73.41,308,4731,28010
Fortune Healthcare - Moga,Moga,Barnala,Gynecology,3.9,62.7,43.75,73.41,323,4732,28147
Lifeline Medical Centre - Tarn Taran,Tarn Taran,Bathinda,Nephrology,3.9,62.7,31.25,73.41,330,4733,28284
City Care Multispeciality Hospital - Pathankot,Pathankot,Khanna,Neurology,3.9,62.7,31.25,73.41,299,4734,28421
Punjab Multispeciality Hospital - Ludhiana,Ludhiana,Patiala,Pediatrics,3.9,62.7,31.25,73.41,302,4735,28558
Shivalik Multispeciality Hospital - Patiala,Patiala,Mansa,Urology,3.9,62.7,37.5,73.41,308,4736,28695
Shaheed Bhagat Singh Hospital - Patiala,Patiala,Hoshiarpur,Cardiology,3.9,62.6,37.5,73.38,333,4737,28832
Sunrise Multispeciality Hospital - Amritsar,Amritsar,Mansa,ENT,3.9,62.6,37.5,73.38,316,4738,28969
Mata Kaushalya Healthcare - Ferozepur,Ferozepur,Nawanshahr,Ophthalmology,3.9,62.6,37.5,73.38,306,4739,29106
Prime Care Healthcare - Mansa,Mansa,Abohar,Orthopedics,3.9,62.6,37.5,73.38,312,4740,29243
Guru Nanak Multispeciality Hospital - Amritsar,Amritsar,Gurdaspur,Pediatrics,3.9,62.6,43.75,73.38,303,4741,29380
Maharaja Ranjit Singh Healthcare - Rupnagar,Rupnagar,Khanna,Pediatrics,3.9,62.6,37.5,73.38,304,4742,29517
Sunrise Medical Centre - Patiala,Patiala,Khanna,Pulmonology,3.9,62.6,25.0,73.38,324,4743,29654
City Care Multispeciality Hospital - Fatehgarh Sahib,Fatehgarh Sahib,Amritsar,Ophthalmology,3.8,67.2,37.5,73.36,322,4744,29791
Fortune Multispeciality Hospital - Patiala,Patiala,Mansa,Dermatology,3.9,62.5,31.25,73.35,322,4745,29928
Mata Kaushalya Multispeciality Hospital - Bathinda,Bathinda,Rupnagar,Gastroenterology,3.9,62.5,31.25,73.35,358,4746,30065
Maharaja Ranjit Singh Medical Centre - Kapurthala,Kapurthala,Jalandhar,Gynecology,3.9,62.5,31.25,73.35,324,4747,30202
Medicare Multispeciality Hospital - Bathinda,Bathinda,Jalandhar,Oncology,3.9,62.5,37.5,73.35,300,4748,30339
Prime Care Medical Centre - Kapurthala,Kapurthala,Patiala,Gastroenterology,4.0,57.8,18.75,73.34,345,4749,30476
Punjab Multispeciality Hospital - Pathankot,Pathankot,Jalandhar,ENT,3.9,62.4,31.25,73.32,317,4750,30613
Shaheed Bhagat Singh Medical Centre - Pathankot,Pathankot,Muktsar,General Medicine,3.9,62.4,43.75,73.32,308,4751,30750
Lifeline Healthcare - Moga,Moga,Rupnagar,General Surgery,3.9,62.4,43.75,73.32,309,4752,30887
Lifeline Healthcare - Patiala,Patiala,Mohali,Nephrology,3.9,62.4,31.25,73.32,333,4753,31024
Mata Kaushalya Healthcare - Tarn Taran,Tarn Taran,Mansa,Nephrology,3.9,62.4,31.25,73.32,332,4754,31161
Sunrise Hospital - Pathankot,Pathankot,Rupnagar,Nephrology,3.9,62.4,25.0,73.32,331,4755,31298
Prime Care Hospital - Rupnagar,Rupnagar,Amritsar,Neurology,3.9,62.4,25.0,73.32,300,4756,31435
Maharaja Ranjit Singh Hospital - Gurdaspur,Gurdaspur,Nawanshahr,Ophthalmology,3.9,62.4,37.5,73.32,307,4757,31572
Maharaja Ranjit Singh Medical Centre - Gurdaspur,Gurdaspur,Phagwara,Ophthalmology,3.9,62.4,31.25,73.32,308,4758,31709
Shaheed Bhagat Singh Hospital - Muktsar,Muktsar,Abohar,Orthopedics,3.9,62.4,31.25,73.32,314,4759,31846
Sunrise Multispeciality Hospital - Fazilka,Fazilka,Pathankot,Orthopedics,3.9,62.4,31.25,73.32,313,4760,31983
Sunrise Multispeciality Hospital - Hoshiarpur,Hoshiarpur,Pathankot,Orthopedics,3.9,62.4,31.25,73.32,315,4761,32120
City Care Hospital - Rupnagar,Rupnagar,Muktsar,Pediatrics,3.9,62.4,37.5,73.32,306,4762,32257
Lifeline Hospital - Ferozepur,Ferozepur,Mohali,Pediatrics,3.9,62.4,31.25,73.32,305,4763,32394
Fortune Hospital - Amritsar,Amritsar,Gurdaspur,Urology,3.9,62.4,31.25,73.32,309,4764,32531
Maharaja Ranjit Singh Hospital - Moga,Moga,Jalandhar,Urology,3.9,62.4,25.0,73.32,310,4765,32668
Medicare Multispeciality Hospital - Mansa,Mansa,Kapurthala,Urology,3.9,62.4,37.5,73.32,311,4766,32805
Fortune Hospital - Faridkot,Faridkot,Malerkotla,General Surgery,4.0,57.7,18.75,73.31,298,4767,32942
City Care Healthcare - Patiala,Patiala,Moga,ENT,3.8,67.0,50.0,73.3,332,4768,33079
Shaheed Bhagat Singh Healthcare - Pathankot,Pathankot,Khanna,Cardiology,3.9,62.3,31.25,73.29,334,4769,33216
Medicare Hospital - Fazilka,Fazilka,Sangrur,Gastroenterology,3.9,62.3,31.25,73.29,359,4770,33353
Shivalik Medical Centre - Faridkot,Faridkot,Bathinda,Gynecology,3.9,62.3,25.0,73.29,325,4771,33490
Healing Touch Healthcare - Hoshiarpur,Hoshiarpur,Hoshiarpur,Orthopedics,3.9,62.3,37.5,73.29,316,4772,33627
Healing Touch Healthcare - Patiala,Patiala,Mansa,Orthopedics,3.9,62.3,43.75,73.29,317,4773,33764
Healing Touch Hospital - Bathinda,Bathinda,Patiala,Pediatrics,3.9,62.3,31.25,73.29,307,4774,33901
Fortune Multispeciality Hospital - Pathankot,Pathankot,Kapurthala,Neurology,3.8,66.9,43.75,73.27,322,4775,34038
Healing Touch Multispeciality Hospital - Bathinda,Bathinda,Abohar,ENT,3.9,62.2,31.25,73.26,318,4776,34175
Maharaja Ranjit Singh Healthcare - Muktsar,Muktsar,Abohar,ENT,3.9,62.2,31.25,73.26,319,4777,34312
Sunrise Healthcare - Tarn Taran,Tarn Taran,Jalandhar,General Medicine,3.9,62.2,31.25,73.26,309,4778,34449
Shaheed Bhagat Singh Medical Centre - Rupnagar,Rupnagar,Moga,Gynecology,3.9,62.2,37.5,73.26,326,4779,34586
Sewa Healthcare - Sangrur,Sangrur,Ludhiana,Neurology,3.9,62.2,37.5,73.26,301,4780,34723
Punjab Hospital - Mansa,Mansa,Hoshiarpur,Pulmonology,3.9,62.2,37.5,73.26,325,4781,34860
Apex Multispeciality Hospital - Patiala,Patiala,Gurdaspur,Urology,3.9,62.2,37.5,73.26,312,4782,34997
Guru Nanak Hospital - Tarn Taran,Tarn Taran,Gurdaspur,Urology,3.9,62.2,31.25,73.26,313,4783,35134
Maharaja Ranjit Singh Healthcare - Tarn Taran,Tarn Taran,Malerkotla,ENT,3.9,62.1,31.25,73.23,320,4784,35271
Shivalik Healthcare - Gurdaspur,Gurdaspur,Abohar,Ophthalmology,3.9,62.1,31.25,73.23,309,4785,35408
Shaheed Bhagat Singh Multispeciality Hospital - Muktsar,Muktsar,Nawanshahr,Pediatrics,3.9,62.1,31.25,73.23,308,4786,35545
Shivalik Hospital - Bathinda,Bathinda,Firozpur,Pulmonology,3.9,62.1,37.5,73.23,326,4787,35682
Sunrise Hospital - SAS Nagar,SAS Nagar,Firozpur,Cardiology,4.0,57.4,18.75,73.22,320,4788,35819
City Care Multispeciality Hospital - Gurdaspur,Gurdaspur,Phagwara,Pediatrics,4.0,57.4,18.75,73.22,292,4789,35956
Shaheed Bhagat Singh Medical Centre - Sangrur,Sangrur,Ludhiana,Gynecology,3.9,62.0,31.25,73.2,327,4790,36093
Apex Medical Centre - Faridkot,Faridkot,Mansa,Ophthalmology,3.9,62.0,31.25,73.2,310,4791,36230
Maharaja Ranjit Singh Medical Centre - Rupnagar,Rupnagar,Mansa,Urology,3.9,62.0,43.75,73.2,314,4792,36367
Punjab Healthcare - Bathinda,Bathinda,Ludhiana,Cardiology,3.9,61.9,31.25,73.17,335,4793,36504
Shaheed Bhagat Singh Medical Centre - Pathankot,Pathankot,Firozpur,Cardiology,3.9,61.9,31.25,73.17,336,4794,36641
Prime Care Multispeciality Hospital - Faridkot,Faridkot,Patiala,ENT,3.9,61.9,37.5,73.17,321,4795,36778
Sewa Hospital - Ludhiana,Ludhiana,Kapurthala,Gastroenterology,3.9,61.9,31.25,73.17,360,4796,36915
Mata Kaushalya Multispeciality Hospital - Mansa,Mansa,Moga,Gynecology,3.9,61.9,25.0,73.17,328,4797,37052
Mata Kaushalya Healthcare - Moga,Moga,Phagwara,Neurology,3.9,61.9,31.25,73.17,302,4798,37189
Shaheed Bhagat Singh Multispeciality Hospital - Muktsar,Muktsar,Kapurthala,Orthopedics,3.9,61.9,25.0,73.17,318,4799,37326
Healing Touch Hospital - Patiala,Patiala,Gurdaspur,General Medicine,3.9,61.8,25.0,73.14,310,4800,37463
Prime Care Multispeciality Hospital - Fazilka,Fazilka,Jalandhar,General Medicine,3.9,61.8,31.25,73.14,311,4801,37600
Prime Care Medical Centre - Fatehgarh Sahib,Fatehgarh Sahib,Jalandhar,Nephrology,3.9,61.8,37.5,73.14,334,4802,37737
Guru Nanak Multispeciality Hospital - Pathankot,Pathankot,Patiala,Neurology,3.9,61.8,31.25,73.14,303,4803,37874
Shivalik Healthcare - Muktsar,Muktsar,Nawanshahr,Orthopedics,3.9,61.8,37.5,73.14,319,4804,38011
Apex Multispeciality Hospital - Patiala,Patiala,Abohar,Pediatrics,3.9,61.8,37.5,73.14,309,4805,38148
Sunrise Multispeciality Hospital - Hoshiarpur,Hoshiarpur,Firozpur,General Medicine,3.8,66.4,43.75,73.12,328,4806,38285
Fortune Healthcare - Pathankot,Pathankot,Pathankot,Gynecology,3.8,66.4,37.5,73.12,348,4807,38422
City Care Healthcare - Nawanshahr,Nawanshahr,Gurdaspur,Neurology,3.8,66.4,50.0,73.12,323,4808,38559
Guru Nanak Multispeciality Hospital - Hoshiarpur,Hoshiarpur,Hoshiarpur,Gastroenterology,3.9,61.7,37.5,73.11,361,4809,38696
Maharaja Ranjit Singh Medical Centre - Mansa,Mansa,Sangrur,General Medicine,3.9,61.7,12.5,73.11,312,4810,38833
Shivalik Healthcare - Ludhiana,Ludhiana,Phagwara,Oncology,3.9,61.7,31.25,73.11,301,4811,38970
Punjab Medical Centre - Rupnagar,Rupnagar,Nawanshahr,General Medicine,3.9,61.6,37.5,73.08,313,4812,39107
Apex Healthcare - Fazilka,Fazilka,Firozpur,General Surgery,3.9,61.6,31.25,73.08,310,4813,39244
Fortune Hospital - Moga,Moga,Malerkotla,Nephrology,3.9,61.6,31.25,73.08,335,4814,39381
Punjab Hospital - Moga,Moga,Amritsar,Neurology,3.9,61.6,31.25,73.08,304,4815,39518
Sewa Healthcare - Kapurthala,Kapurthala,Rupnagar,Ophthalmology,3.9,61.6,37.5,73.08,311,4816,39655
Healing Touch Hospital - Malerkotla,Malerkotla,Hoshiarpur,Pulmonology,3.9,61.6,37.5,73.08,327,4817,39792
Medicare Hospital - Gurdaspur,Gurdaspur,Amritsar,Urology,3.9,61.6,37.5,73.08,315,4818,39929
City Care Medical Centre - Sangrur,Sangrur,Sangrur,Orthopedics,3.8,66.2,50.0,73.06,331,4819,40066
Shaheed Bhagat Singh Healthcare - Gurdaspur,Gurdaspur,Khanna,Dermatology,3.9,61.5,31.25,73.05,323,4820,40203
Maharaja Ranjit Singh Multispeciality Hospital - Patiala,Patiala,Jalandhar,General Medicine,3.9,61.5,31.25,73.05,314,4821,40340
Shivalik Medical Centre - Kapurthala,Kapurthala,Khanna,Gynecology,3.9,61.5,18.75,73.05,329,4822,40477
Fortune Hospital - Patiala,Patiala,Mansa,Neurology,3.9,61.5,25.0,73.05,305,4823,40614
Fortune Multispeciality Hospital - Malerkotla,Malerkotla,Rajpura,Neurology,3.9,61.5,31.25,73.05,307,4824,40751
Mata Kaushalya Medical Centre - Barnala,Barnala,Muktsar,Neurology,3.9,61.5,37.5,73.05,306,4825,40888
Punjab Hospital - Muktsar,Muktsar,Moga,Pulmonology,3.9,61.5,37.5,73.05,328,4826,41025
Mata Kaushalya Hospital - Kapurthala,Kapurthala,Muktsar,Cardiology,3.8,66.1,50.0,73.03,348,4827,41162
Shivalik Medical Centre - Bathinda,Bathinda,Jalandhar,Neurology,3.8,66.1,50.0,73.03,324,4828,41299
Medicare Hospital - Malerkotla,Malerkotla,Hoshiarpur,Dermatology,3.9,61.4,31.25,73.02,324,4829,41436
Healing Touch Medical Centre - Ferozepur,Ferozepur,Rajpura,Pediatrics,3.9,61.4,37.5,73.02,310,4830,41573
Shivalik Medical Centre - Rupnagar,Rupnagar,Sangrur,Pulmonology,3.9,61.4,31.25,73.02,329,4831,41710
Sunrise Hospital - Tarn Taran,Tarn Taran,Moga,Urology,3.9,61.4,31.25,73.02,316,4832,41847
City Care Medical Centre - Jalandhar,Jalandhar,Jalandhar,Cardiology,3.9,61.3,25.0,72.99,337,4833,41984
Apex Medical Centre - Hoshiarpur,Hoshiarpur,Mansa,ENT,3.9,61.3,31.25,72.99,322,4834,42121
Healing Touch Healthcare - Barnala,Barnala,Ludhiana,Gastroenterology,3.9,61.3,31.25,72.99,362,4835,42258
Guru Nanak Healthcare - Ludhiana,Ludhiana,Barnala,General Surgery,3.9,61.3,31.25,72.99,311,4836,42395
Lifeline Multispeciality Hospital - Malerkotla,Malerkotla,Ludhiana,General Surgery,3.9,61.3,37.5,72.99,312,4837,42532
Lifeline Multispeciality Hospital - Bathinda,Bathinda,Rupnagar,Gynecology,3.9,61.3,31.25,72.99,330,4838,42669
Guru Nanak Healthcare - Faridkot,Faridkot,Sangrur,Nephrology,3.9,61.3,37.5,72.99,336,4839,42806
Prime Care Healthcare - Fazilka,Fazilka,Moga,Neurology,3.9,61.3,31.25,72.99,309,4840,42943
Sunrise Medical Centre - Muktsar,Muktsar,Rupnagar,Neurology,3.9,61.3,37.5,72.99,308,4841,43080
Lifeline Medical Centre - Ferozepur,Ferozepur,Gurdaspur,Oncology,3.9,61.3,25.0,72.99,302,4842,43217
City Care Medical Centre - Tarn Taran,Tarn Taran,Rupnagar,Ophthalmology,3.9,61.3,25.0,72.99,312,4843,43354
Healing Touch Hospital - Muktsar,Muktsar,Mohali,Orthopedics,3.9,61.3,37.5,72.99,320,4844,43491
Prime Care Multispeciality Hospital - Pathankot,Pathankot,Malerkotla,Orthopedics,3.9,61.3,31.25,72.99,321,4845,43628
Shaheed Bhagat Singh Multispeciality Hospital - Amritsar,Amritsar,Rupnagar,Cardiology,3.9,61.2,37.5,72.96,338,4846,43765
Apex Healthcare - Pathankot,Pathankot,Ludhiana,General Medicine,3.9,61.2,31.25,72.96,315,4847,43902
Sewa Healthcare - Ferozepur,Ferozepur,Jalandhar,Gynecology,3.9,61.2,37.5,72.96,331,4848,44039
Shaheed Bhagat Singh Medical Centre - Ludhiana,Ludhiana,Ludhiana,Gynecology,3.9,61.2,37.5,72.96,332,4849,44176
Mata Kaushalya Multispeciality Hospital - Barnala,Barnala,Ludhiana,Oncology,3.9,61.2,37.5,72.96,303,4850,44313
Fortune Medical Centre - Jalandhar,Jalandhar,Moga,ENT,3.9,61.1,25.0,72.93,323,4851,44450
City Care Hospital - SAS Nagar,SAS Nagar,Sangrur,General Medicine,3.9,61.1,37.5,72.93,316,4852,44587
Shaheed Bhagat Singh Medical Centre - Barnala,Barnala,Patiala,Oncology,3.9,61.1,18.75,72.93,304,4853,44724
Shivalik Hospital - Faridkot,Faridkot,Barnala,Pediatrics,3.9,61.1,31.25,72.93,311,4854,44861
Sunrise Healthcare - Gurdaspur,Gurdaspur,Khanna,Urology,3.9,61.1,25.0,72.93,317,4855,44998
Guru Nanak Medical Centre - Barnala,Barnala,Phagwara,Oncology,3.9,61.0,25.0,72.9,305,4856,45135
Shivalik Multispeciality Hospital - Fazilka,Fazilka,Patiala,Urology,3.8,65.6,50.0,72.88,330,4857,45272
Mata Kaushalya Medical Centre - Fazilka,Fazilka,Khanna,Gastroenterology,3.9,60.9,31.25,72.87,363,4858,45409
Prime Care Healthcare - Moga,Moga,Jalandhar,Nephrology,3.9,60.9,25.0,72.87,337,4859,45546
Prime Care Multispeciality Hospital - Sangrur,Sangrur,Khanna,Nephrology,3.9,60.9,25.0,72.87,338,4860,45683
Lifeline Healthcare - Muktsar,Muktsar,Bathinda,Oncology,3.9,60.9,31.25,72.87,306,4861,45820
Apex Healthcare - Bathinda,Bathinda,Hoshiarpur,Ophthalmology,3.9,60.9,18.75,72.87,313,4862,45957
Shaheed Bhagat Singh Healthcare - Fazilka,Fazilka,Patiala,Orthopedics,3.9,60.9,25.0,72.87,322,4863,46094
Sunrise Healthcare - Faridkot,Faridkot,Jalandhar,Urology,3.9,60.9,31.25,72.87,318,4864,46231
Mata Kaushalya Healthcare - Barnala,Barnala,Ludhiana,General Surgery,3.9,60.8,31.25,72.84,314,4865,46368
Shaheed Bhagat Singh Healthcare - Fazilka,Fazilka,Firozpur,General Surgery,3.9,60.8,31.25,72.84,313,4866,46505
Healing Touch Healthcare - Rupnagar,Rupnagar,Abohar,Oncology,3.9,60.8,18.75,72.84,307,4867,46642
Shaheed Bhagat Singh Medical Centre - Fatehgarh Sahib,Fatehgarh Sahib,Rupnagar,Urology,3.9,60.8,37.5,72.84,319,4868,46779
Sewa Healthcare - Moga,Moga,Malerkotla,General Medicine,3.8,65.4,37.5,72.82,329,4869,46916
Shivalik Healthcare - Fazilka,Fazilka,Rajpura,Gynecology,3.9,60.7,37.5,72.81,333,4870,47053
Apex Multispeciality Hospital - Rupnagar,Rupnagar,Mansa,Neurology,3.9,60.7,31.25,72.81,310,4871,47190
Apex Healthcare - Patiala,Patiala,Mansa,Orthopedics,3.9,60.7,37.5,72.81,323,4872,47327
Sewa Healthcare - Gurdaspur,Gurdaspur,Ludhiana,Pediatrics,3.9,60.7,25.0,72.81,312,4873,47464
City Care Healthcare - Malerkotla,Malerkotla,Barnala,Cardiology,3.8,65.3,31.25,72.79,349,4874,47601
Fortune Healthcare - Kapurthala,Kapurthala,Phagwara,Gastroenterology,3.8,65.3,43.75,72.79,380,4875,47738
Punjab Medical Centre - Jalandhar,Jalandhar,Moga,Oncology,3.8,65.3,50.0,72.79,319,4876,47875
Shivalik Medical Centre - Barnala,Barnala,Malerkotla,Oncology,3.8,65.3,43.75,72.79,318,4877,48012
City Care Healthcare - Malerkotla,Malerkotla,Malerkotla,Gastroenterology,3.9,60.6,37.5,72.78,367,4878,48149
Guru Nanak Medical Centre - SAS Nagar,SAS Nagar,Rupnagar,Gastroenterology,3.9,60.6,31.25,72.78,365,4879,48286
Mata Kaushalya Healthcare - Amritsar,Amritsar,Barnala,Gastroenterology,3.9,60.6,25.0,72.78,364,4880,48423
Punjab Hospital - Malerkotla,Malerkotla,Nawanshahr,Gastroenterology,3.9,60.6,31.25,72.78,366,4881,48560
City Care Medical Centre - Ludhiana,Ludhiana,Sangrur,Oncology,3.9,60.6,31.25,72.78,308,4882,48697
Medicare Multispeciality Hospital - Bathinda,Bathinda,Pathankot,Pediatrics,3.9,60.6,37.5,72.78,313,4883,48834
Mata Kaushalya Healthcare - Ferozepur,Ferozepur,Ludhiana,Pulmonology,3.9,60.6,18.75,72.78,330,4884,48971
Sewa Multispeciality Hospital - Pathankot,Pathankot,Rajpura,Pulmonology,3.9,60.6,25.0,72.78,331,4885,49108
Healing Touch Multispeciality Hospital - Faridkot,Faridkot,Gurdaspur,Pulmonology,3.8,65.2,37.5,72.76,344,4886,49245
Fortune Multispeciality Hospital - Barnala,Barnala,Amritsar,Cardiology,3.9,60.5,25.0,72.75,339,4887,49382
Mata Kaushalya Multispeciality Hospital - Tarn Taran,Tarn Taran,Sangrur,ENT,3.9,60.5,31.25,72.75,324,4888,49519
Guru Nanak Healthcare - Sangrur,Sangrur,Abohar,General Surgery,3.9,60.5,37.5,72.75,315,4889,49656
Healing Touch Healthcare - Ludhiana,Ludhiana,Firozpur,General Surgery,3.9,60.5,31.25,72.75,317,4890,49793
Healing Touch Hospital - Moga,Moga,Moga,General Surgery,3.9,60.5,18.75,72.75,316,4891,49930
Sewa Medical Centre - Sangrur,Sangrur,Rajpura,Gynecology,3.9,60.5,37.5,72.75,334,4892,50067
Apex Multispeciality Hospital - Fazilka,Fazilka,Amritsar,Nephrology,3.9,60.5,31.25,72.75,341,4893,50204
Guru Nanak Healthcare - Sangrur,Sangrur,Muktsar,Nephrology,3.9,60.5,37.5,72.75,340,4894,50341
Shaheed Bhagat Singh Medical Centre - Amritsar,Amritsar,Phagwara,Nephrology,3.9,60.5,31.25,72.75,339,4895,50478
Mata Kaushalya Healthcare - Bathinda,Bathinda,Patiala,Neurology,3.9,60.5,31.25,72.75,311,4896,50615
Medicare Medical Centre - Gurdaspur,Gurdaspur,Barnala,Ophthalmology,3.9,60.5,31.25,72.75,314,4897,50752
Fortune Medical Centre - Rupnagar,Rupnagar,Pathankot,Pediatrics,3.9,60.5,31.25,72.75,315,4898,50889
Mata Kaushalya Multispeciality Hospital - Pathankot,Pathankot,Mansa,Pediatrics,3.9,60.5,31.25,72.75,314,4899,51026
Prime Care Medical Centre - Jalandhar,Jalandhar,Rupnagar,General Medicine,4.0,55.8,12.5,72.74,298,4900,51163
Shivalik Hospital - Fazilka,Fazilka,Phagwara,Dermatology,3.9,60.4,25.0,72.72,325,4901,51300
Prime Care Healthcare - Pathankot,Pathankot,Patiala,ENT,3.9,60.4,25.0,72.72,325,4902,51437
Medicare Hospital - Malerkotla,Malerkotla,Barnala,Neurology,3.9,60.4,18.75,72.72,313,4903,51574
Punjab Medical Centre - Fatehgarh Sahib,Fatehgarh Sahib,Hoshiarpur,Neurology,3.9,60.4,31.25,72.72,312,4904,51711
Punjab Healthcare - Fatehgarh Sahib,Fatehgarh Sahib,Mohali,Pediatrics,3.9,60.4,31.25,72.72,316,4905,51848
Guru Nanak Multispeciality Hospital - Jalandhar,Jalandhar,Barnala,Pulmonology,3.9,60.4,18.75,72.72,332,4906,51985
City Care Medical Centre - Fatehgarh Sahib,Fatehgarh Sahib,Moga,Urology,3.9,60.4,31.25,72.72,320,4907,52122
City Care Hospital - Mansa,Mansa,Abohar,Ophthalmology,3.8,65.0,37.5,72.7,323,4908,52259
Mata Kaushalya Medical Centre - Moga,Moga,Malerkotla,Pediatrics,3.8,65.0,31.25,72.7,333,4909,52396
Shivalik Hospital - SAS Nagar,SAS Nagar,Ludhiana,Pulmonology,3.8,65.0,43.75,72.7,345,4910,52533
Sewa Multispeciality Hospital - Gurdaspur,Gurdaspur,Pathankot,Gastroenterology,3.9,60.3,31.25,72.69,368,4911,52670
Healing Touch Medical Centre - Ludhiana,Ludhiana,Patiala,General Medicine,3.9,60.3,31.25,72.69,317,4912,52807
Maharaja Ranjit Singh Multispeciality Hospital - Faridkot,Faridkot,Ludhiana,Orthopedics,3.9,60.3,31.25,72.69,324,4913,52944
Maharaja Ranjit Singh Medical Centre - Barnala,Barnala,Sangrur,Pulmonology,3.9,60.3,25.0,72.69,333,4914,53081
Shaheed Bhagat Singh Hospital - Patiala,Patiala,Rupnagar,Pulmonology,3.9,60.3,25.0,72.69,334,4915,53218
Punjab Multispeciality Hospital - SAS Nagar,SAS Nagar,Abohar,General Medicine,3.8,64.9,37.5,72.67,330,4916,53355
Mata Kaushalya Healthcare - Nawanshahr,Nawanshahr,Nawanshahr,Pediatrics,3.8,64.9,43.75,72.67,334,4917,53492
Prime Care Hospital - Bathinda,Bathinda,Muktsar,Urology,3.8,64.9,37.5,72.67,331,4918,53629
Healing Touch Multispeciality Hospital - Ferozepur,Ferozepur,Patiala,Dermatology,3.9,60.2,31.25,72.66,327,4919,53766
Shaheed Bhagat Singh Healthcare - Ferozepur,Ferozepur,Patiala,Dermatology,3.9,60.2,25.0,72.66,326,4920,53903
Fortune Multispeciality Hospital - Sangrur,Sangrur,Hoshiarpur,Gastroenterology,3.9,60.2,25.0,72.66,370,4921,54040
Maharaja Ranjit Singh Hospital - Tarn Taran,Tarn Taran,Pathankot,Gastroenterology,3.9,60.2,25.0,72.66,369,4922,54177
City Care Healthcare - Malerkotla,Malerkotla,Phagwara,General Medicine,3.9,60.2,18.75,72.66,318,4923,54314
Guru Nanak Multispeciality Hospital - Moga,Moga,Sangrur,Gynecology,3.9,60.2,25.0,72.66,335,4924,54451
Punjab Healthcare - Patiala,Patiala,Mohali,Nephrology,3.9,60.2,31.25,72.66,342,4925,54588
City Care Medical Centre - Bathinda,Bathinda,Abohar,Oncology,3.9,60.2,31.25,72.66,309,4926,54725
Healing Touch Medical Centre - Moga,Moga,Rajpura,Oncology,3.9,60.2,31.25,72.66,310,4927,54862
Prime Care Healthcare - Moga,Moga,Firozpur,Orthopedics,3.9,60.2,18.75,72.66,325,4928,54999
Prime Care Hospital - Tarn Taran,Tarn Taran,Gurdaspur,Orthopedics,3.9,60.2,18.75,72.66,326,4929,55136
Guru Nanak Multispeciality Hospital - Ferozepur,Ferozepur,Kapurthala,Urology,3.9,60.2,25.0,72.66,321,4930,55273
Sewa Medical Centre - Muktsar,Muktsar,Mohali,Gynecology,3.8,64.8,37.5,72.64,349,4931,55410
Guru Nanak Hospital - Tarn Taran,Tarn Taran,Gurdaspur,Orthopedics,3.8,64.8,43.75,72.64,333,4932,55547
Sunrise Healthcare - Bathinda,Bathinda,Rajpura,Orthopedics,3.8,64.8,37.5,72.64,332,4933,55684
Shaheed Bhagat Singh Hospital - Ludhiana,Ludhiana,Malerkotla,Pulmonology,3.8,64.8,37.5,72.64,346,4934,55821
Sunrise Hospital - Gurdaspur,Gurdaspur,Kapurthala,Dermatology,3.9,60.1,25.0,72.63,328,4935,55958
Medicare Multispeciality Hospital - SAS Nagar,SAS Nagar,Abohar,Gastroenterology,3.9,60.1,25.0,72.63,371,4936,56095
Apex Hospital - Bathinda,Bathinda,Mansa,General Surgery,3.9,60.1,25.0,72.63,318,4937,56232
City Care Medical Centre - Sangrur,Sangrur,Malerkotla,Neurology,3.9,60.1,31.25,72.63,314,4938,56369
Guru Nanak Multispeciality Hospital - Faridkot,Faridkot,Hoshiarpur,Ophthalmology,3.9,60.1,25.0,72.63,315,4939,56506
Mata Kaushalya Healthcare - Sangrur,Sangrur,Phagwara,Ophthalmology,3.9,60.1,25.0,72.63,316,4940,56643
Fortune Medical Centre - Hoshiarpur,Hoshiarpur,Jalandhar,Pulmonology,3.9,60.1,31.25,72.63,335,4941,56780
Lifeline Healthcare - Bathinda,Bathinda,Amritsar,Urology,3.9,60.1,25.0,72.63,322,4942,56917
Sewa Healthcare - Pathankot,Pathankot,Mohali,General Medicine,3.8,64.7,43.75,72.61,331,4943,57054
Medicare Healthcare - Bathinda,Bathinda,Ludhiana,Pediatrics,3.8,64.7,43.75,72.61,335,4944,57191
Fortune Healthcare - Barnala,Barnala,Kapurthala,Cardiology,3.9,60.0,25.0,72.6,340,4945,57328
Guru Nanak Hospital - Pathankot,Pathankot,Jalandhar,Nephrology,3.9,60.0,25.0,72.6,343,4946,57465
Lifeline Healthcare - Malerkotla,Malerkotla,Khanna,Pediatrics,3.9,60.0,25.0,72.6,317,4947,57602
Lifeline Healthcare - Patiala,Patiala,Firozpur,Neurology,3.8,64.6,37.5,72.58,325,4948,57739
Fortune Medical Centre - Sangrur,Sangrur,Muktsar,Pediatrics,3.8,64.6,31.25,72.58,336,4949,57876
Shaheed Bhagat Singh Hospital - Hoshiarpur,Hoshiarpur,Jalandhar,General Surgery,3.9,59.9,31.25,72.57,319,4950,58013
Lifeline Healthcare - Kapurthala,Kapurthala,Barnala,Gynecology,3.9,59.9,18.75,72.57,336,4951,58150
Shaheed Bhagat Singh Medical Centre - Mansa,Mansa,Jalandhar,Gynecology,3.9,59.9,31.25,72.57,337,4952,58287
Fortune Medical Centre - Hoshiarpur,Hoshiarpur,Mansa,Pediatrics,3.9,59.9,25.0,72.57,319,4953,58424
Sewa Healthcare - Bathinda,Bathinda,Jalandhar,Pediatrics,3.9,59.9,18.75,72.57,318,4954,58561
Lifeline Hospital - Rupnagar,Rupnagar,Abohar,Cardiology,3.9,59.8,25.0,72.54,341,4955,58698
Shaheed Bhagat Singh Medical Centre - Barnala,Barnala,Moga,ENT,3.9,59.8,31.25,72.54,326,4956,58835
Shaheed Bhagat Singh Hospital - Barnala,Barnala,Hoshiarpur,Neurology,3.9,59.8,31.25,72.54,315,4957,58972
Sewa Hospital - Nawanshahr,Nawanshahr,Rupnagar,Oncology,3.9,59.8,12.5,72.54,311,4958,59109
Sunrise Multispeciality Hospital - Fatehgarh Sahib,Fatehgarh Sahib,Barnala,Gynecology,3.8,64.4,37.5,72.52,350,4959,59246
Sunrise Medical Centre - Gurdaspur,Gurdaspur,Kapurthala,Neurology,3.8,64.4,43.75,72.52,326,4960,59383
Mata Kaushalya Hospital - Faridkot,Faridkot,Phagwara,Dermatology,3.9,59.7,12.5,72.51,329,4961,59520
Fortune Hospital - Malerkotla,Malerkotla,Kapurthala,General Surgery,3.9,59.7,31.25,72.51,320,4962,59657
Healing Touch Multispeciality Hospital - Faridkot,Faridkot,Ludhiana,Gynecology,3.9,59.7,31.25,72.51,338,4963,59794
Healing Touch Medical Centre - Sangrur,Sangrur,Kapurthala,Nephrology,3.9,59.7,31.25,72.51,344,4964,59931
Healing Touch Medical Centre - Rupnagar,Rupnagar,Khanna,Cardiology,3.8,64.3,31.25,72.49,350,4965,60068
Sewa Multispeciality Hospital - Barnala,Barnala,Sangrur,Gastroenterology,3.8,64.3,50.0,72.49,381,4966,60205
Maharaja Ranjit Singh Hospital - Kapurthala,Kapurthala,Bathinda,Urology,3.8,64.3,43.75,72.49,332,4967,60342
Fortune Healthcare - Malerkotla,Malerkotla,Kapurthala,General Medicine,3.9,59.6,25.0,72.48,319,4968,60479
Guru Nanak Hospital - Bathinda,Bathinda,Hoshiarpur,General Surgery,3.9,59.6,31.25,72.48,321,4969,60616
Healing Touch Multispeciality Hospital - Patiala,Patiala,Mansa,Ophthalmology,3.9,59.6,25.0,72.48,317,4970,60753
Maharaja Ranjit Singh Hospital - Nawanshahr,Nawanshahr,Hoshiarpur,Pediatrics,3.9,59.6,31.25,72.48,321,4971,60890
Prime Care Multispeciality Hospital - Malerkotla,Malerkotla,Rupnagar,Pediatrics,3.9,59.6,18.75,72.48,320,4972,61027
City Care Healthcare - Moga,Moga,Sangrur,Dermatology,3.8,64.2,37.5,72.46,343,4973,61164
Maharaja Ranjit Singh Healthcare - Moga,Moga,Nawanshahr,General Surgery,3.8,64.2,50.0,72.46,329,4974,61301
Apex Hospital - Malerkotla,Malerkotla,Sangrur,Gynecology,3.8,64.2,43.75,72.46,351,4975,61438
Prime Care Hospital - Nawanshahr,Nawanshahr,Kapurthala,Orthopedics,3.8,64.2,37.5,72.46,334,4976,61575
Mata Kaushalya Hospital - Hoshiarpur,Hoshiarpur,Pathankot,Cardiology,3.9,59.5,25.0,72.45,342,4977,61712
Punjab Hospital - Hoshiarpur,Hoshiarpur,Hoshiarpur,Dermatology,3.9,59.5,31.25,72.45,331,4978,61849
Punjab Medical Centre - Patiala,Patiala,Amritsar,Dermatology,3.9,59.5,25.0,72.45,330,4979,61986
Apex Multispeciality Hospital - Faridkot,Faridkot,Rupnagar,Gastroenterology,3.9,59.5,31.25,72.45,372,4980,62123
City Care Medical Centre - Mansa,Mansa,Malerkotla,Gastroenterology,3.9,59.5,25.0,72.45,373,4981,62260
Maharaja Ranjit Singh Hospital - Mansa,Mansa,Malerkotla,Nephrology,3.9,59.5,25.0,72.45,345,4982,62397
Prime Care Hospital - Ferozepur,Ferozepur,Sangrur,Neurology,3.9,59.5,31.25,72.45,316,4983,62534
Mata Kaushalya Medical Centre - Sangrur,Sangrur,Rajpura,Oncology,3.9,59.5,18.75,72.45,312,4984,62671
Punjab Multispeciality Hospital - Jalandhar,Jalandhar,Ludhiana,Ophthalmology,3.9,59.5,31.25,72.45,318,4985,62808
Apex Multispeciality Hospital - Moga,Moga,Rajpura,Oncology,3.8,64.1,25.0,72.43,320,4986,62945
Shivalik Medical Centre - Fazilka,Fazilka,Phagwara,Urology,3.8,64.1,50.0,72.43,333,4987,63082
Mata Kaushalya Medical Centre - Pathankot,Pathankot,Patiala,Dermatology,3.9,59.4,31.25,72.42,332,4988,63219
Punjab Healthcare - Jalandhar,Jalandhar,Bathinda,Dermatology,3.9,59.4,31.25,72.42,333,4989,63356
Lifeline Medical Centre - SAS Nagar,SAS Nagar,Ludhiana,Gastroenterology,3.9,59.4,25.0,72.42,374,4990,63493
Lifeline Multispeciality Hospital - Moga,Moga,Mansa,Gastroenterology,3.9,59.4,18.75,72.42,375,4991,63630
Apex Hospital - Tarn Taran,Tarn Taran,Firozpur,General Medicine,3.9,59.4,25.0,72.42,320,4992,63767
Sunrise Multispeciality Hospital - Faridkot,Faridkot,Khanna,General Surgery,3.9,59.4,31.25,72.42,322,4993,63904
Maharaja Ranjit Singh Multispeciality Hospital - Rupnagar,Rupnagar,Mansa,Oncology,3.9,59.4,31.25,72.42,313,4994,64041
Medicare Healthcare - Pathankot,Pathankot,Jalandhar,Ophthalmology,3.9,59.4,18.75,72.42,319,4995,64178
Shivalik Medical Centre - Jalandhar,Jalandhar,Amritsar,Ophthalmology,3.9,59.4,25.0,72.42,320,4996,64315
Mata Kaushalya Healthcare - Muktsar,Muktsar,Nawanshahr,Urology,3.9,59.4,25.0,72.42,323,4997,64452
Maharaja Ranjit Singh Multispeciality Hospital - Moga,Moga,Bathinda,Neurology,3.8,64.0,43.75,72.4,327,4998,64589
Apex Medical Centre - Malerkotla,Malerkotla,Bathinda,Orthopedics,3.8,64.0,25.0,72.4,335,4999,64726
Maharaja Ranjit Singh Medical Centre - Ferozepur,Ferozepur,Phagwara,Cardiology,3.9,59.3,25.0,72.39,343,5000,64863
Pgimer Nehru Hospital - Chandigarh,tricity,sector-12, Neurology/cardiology/hematology/Dermatology,4.6,93.3,80.75,95.3,1,1,230450
Livasa Hospital - bohan,chabewal road, Hoshiarpur,toxicology/cardiology/Oncology,4.3,74.7,78.9,73,243,3000,642
St. joseph's hospital - bohan,chabewal road, Hoshiarpur,toxicology,4.7,92.7,83.8,82.7,-,-,2087
